method,date,cash,dirty_pv,accrued_pv,clean_pv,long_dirty_value,short_dirty_value,wealth,coupon_cash,principal_cash,cash_interest,funding_cost,transaction_cost,trade_cash,gross_dirty_turnover,external_cash,cumulative_coupon_cash,cumulative_principal_cash,cumulative_cash_interest,cumulative_funding_cost,cumulative_transaction_cost,short_collateral_reserve,long_haircut_reserve,required_collateral,free_cash,financing_gap,collateral_shortfall,collateral_breach,financing_breach,cash_roll_residual,audit_tolerance,audit_status
unhedged,2023-01-03,1198957.1306578778,10428693.421221789,38018.180999279364,10390675.24022251,10428693.421221789,0.0,11627650.551879667,0,0,0,0,1042.869342122179,-10428693.421221789,10428693.421221789,11628693.421221789,0.0,0.0,0.0,0.0,1042.869342122179,0.0,0.0,0.0,1198957.1306578778,0.0,0.0,False,False,-4.7975845518521965e-11,1.1920928955078125e-07,passed
duration,2023-01-03,7805593.077548879,3821396.7446631314,23012.21424386444,3798384.530419267,10428693.421221789,6607296.676558657,11626989.82221201,0,0,0,0,1703.5990097780445,-3821396.7446631314,17035990.097780444,11628693.421221789,0.0,0.0,0.0,0.0,1703.5990097780445,6739442.61008983,0.0,6739442.61008983,1066150.467459049,0.0,0.0,False,False,-3.0604496714659035e-10,5.960464477539063e-08,passed
unweighted,2023-01-03,10840895.711864091,785783.1615478777,22287.640307169644,763495.5212407081,10465630.629873654,9679847.468325777,11626678.873411968,0,0,0,0,2014.5478098199433,-785783.1615478777,20145478.09819943,11628693.421221789,0.0,0.0,0.0,0.0,2014.5478098199433,9873444.417692292,0.0,9873444.417692292,967451.294171799,0.0,0.0,False,False,1.3596945791505277e-10,1.1920928955078125e-07,passed
constrained,2023-01-03,11603580.418713352,23020.480260609194,21607.829193266858,1412.6510673423363,10474121.479270415,10451100.999009807,11626600.89897396,0,0,0,0,2092.5222478280225,-23020.480260609194,20925222.478280224,11628693.421221789,0.0,0.0,0.0,0.0,2092.5222478280225,10660123.018990003,0.0,10660123.018990003,943457.3997233491,0.0,0.0,False,False,-4.411049303598702e-11,1.1920928955078125e-07,passed
unhedged,2023-01-04,1199022.8269390098,10480152.31397521,38367.01297141484,10441785.301003795,10480152.31397521,0.0,11679175.140914219,0.0,0.0,65.69628113205545,0.0,0,0,0,0,0.0,0.0,65.69628113205545,0.0,1042.869342122179,0.0,0.0,0.0,1199022.8269390098,0.0,0.0,False,False,0.0,1.1920928955078125e-07,passed
duration,2023-01-04,7806020.781279156,3816597.5426179143,23054.801996501657,3793542.7406214126,10480152.31397521,6663554.771357296,11622618.323897071,0.0,0.0,427.7037302767858,0.0,0,0,0,0,0.0,0.0,427.7037302767858,0.0,1703.5990097780445,6796825.866784442,0.0,6796825.866784442,1009194.9144947138,0.0,0.0,False,False,0.0,5.960464477539063e-08,passed
unweighted,2023-01-04,10841489.733546935,787322.6046791725,22267.46336648415,765055.1413126884,10517598.215386868,9730275.610707695,11628812.338226108,0.0,0.0,594.0216828435659,0.0,0,0,0,0,0.0,0.0,594.0216828435659,0.0,2014.5478098199433,9924881.122921849,0.0,9924881.122921849,916608.6106250864,0.0,0.0,False,False,0.0,1.1920928955078125e-07,passed
constrained,2023-01-04,11604216.231339036,23179.996029726688,21568.8325387075,1611.1634910191897,10526203.344375871,10503023.348346144,11627396.227368763,0.0,0.0,635.8126256838441,0.0,0,0,0,0,0.0,0.0,635.8126256838441,0.0,2092.5222478280225,10713083.815313067,0.0,10713083.815313067,891132.4160259683,0.0,0.0,False,False,0.0,1.1920928955078125e-07,passed
unhedged,2023-01-05,1199088.5268199379,10462634.160589892,38715.84494355032,10423918.315646343,10462634.160589892,0.0,11661722.68740983,0.0,0.0,65.69988092803396,0.0,0,0,0,0,0.0,0.0,131.3961620600894,0.0,1042.869342122179,0.0,0.0,0.0,1199088.5268199379,0.0,0.0,False,False,0.0,1.1920928955078125e-07,passed
duration,2023-01-05,7806448.508445254,3810839.2282841955,23097.38974913887,3787741.8385350564,10462634.160589892,6651794.932305696,11617287.736729449,0.0,0.0,427.7271660976112,0.0,0,0,0,0,0.0,0.0,855.430896374397,0.0,1703.5990097780445,6784830.830951811,0.0,6784830.830951811,1021617.6774934428,0.0,0.0,False,False,0.0,5.960464477539063e-08,passed
unweighted,2023-01-05,10842083.787778908,786389.1812021073,22247.286425798648,764141.8947763087,10500182.147142986,9713792.96594088,11628472.968981016,0.0,0.0,594.054231973365,0.0,0,0,0,0,0.0,0.0,1188.075914816931,0.0,2014.5478098199433,9908068.825259697,0.0,9908068.825259697,934014.9625192117,0.0,0.0,False,False,0.0,1.1920928955078125e-07,passed
constrained,2023-01-05,11604852.078803767,23080.731888035116,21529.83588414814,1550.8960038869773,10508810.531070217,10485729.799182182,11627932.810691802,0.0,0.0,635.8474647309631,0.0,0,0,0,0,0.0,0.0,1271.6600904148072,0.0,2092.5222478280225,10695444.395165825,0.0,10695444.395165825,909407.6836379413,0.0,0.0,False,False,0.0,1.1920928955078125e-07,passed
unhedged,2023-01-06,1199154.2303008598,10559091.557696272,39064.676915685806,10520026.880780585,10559091.557696272,0.0,11758245.787997132,0.0,0.0,65.70348092191853,0.0,0,0,0,0,0.0,0.0,197.09964298200794,0.0,1042.869342122179,0.0,0.0,0.0,1199154.2303008598,0.0,0.0,False,False,0.0,1.1920928955078125e-07,passed
duration,2023-01-06,7806876.259048457,3820232.8682945278,23139.97750177609,3797092.8907927517,10559091.557696272,6738858.689401744,11627109.127342984,0.0,0.0,427.75060320366174,0.0,0,0,0,0,0.0,0.0,1283.1814995780587,0.0,1703.5990097780445,6873635.863189779,0.0,6873635.863189779,933240.395858678,0.0,0.0,False,False,0.0,5.960464477539063e-08,passed
unweighted,2023-01-06,10842677.874561803,790410.743127107,22227.109485113157,768183.6336419939,10597281.420006452,9806870.676879345,11633088.617688911,0.0,0.0,594.0867828950286,0.0,0,0,0,0,0.0,0.0,1782.1626977119595,0.0,2014.5478098199433,10003008.090416932,0.0,10003008.090416932,839669.7841448709,0.0,0.0,False,False,0.0,1.1920928955078125e-07,passed
constrained,2023-01-06,11605487.961109456,23677.095696616496,21490.839229588786,2186.2564670277097,10606048.405272195,10582371.309575578,11629165.056806073,0.0,0.0,635.882305689156,0.0,0,0,0,0,0.0,0.0,1907.5423961039633,0.0,2092.5222478280225,10794018.73576709,0.0,10794018.73576709,811469.225342365,0.0,0.0,False,False,0.0,1.1920928955078125e-07,passed
unhedged,2023-01-09,1199351.3623455584,10574761.062360413,40111.17283209224,10534649.889528321,10574761.062360413,0.0,11774112.424705971,0.0,0.0,197.13204469857737,0.0,0,0,0,0,0.0,0.0,394.2316876805853,0.0,1042.869342122179,0.0,0.0,0.0,1199351.3623455584,0.0,0.0,False,False,0.0,1.1920928955078125e-07,passed
duration,2023-01-09,7808159.651493539,3823971.4642290706,23267.740759687735,3800703.7234693826,10574761.062360413,6750789.598131344,11632131.11572261,0.0,0.0,1283.392445081845,0.0,0,0,0,0,0.0,0.0,2566.5739446599036,0.0,1703.5990097780445,6885805.390093971,0.0,6885805.390093971,922354.2613995681,0.0,0.0,False,False,0.0,5.960464477539063e-08,passed
unweighted,2023-01-09,10844460.330233818,791138.438655106,22166.57866305666,768971.8599920493,10613092.289765907,9821953.851110801,11635598.768888924,0.0,0.0,1782.4556720145047,0.0,0,0,0,0,0.0,0.0,3564.618369726464,0.0,2014.5478098199433,10018392.928133016,0.0,10018392.928133016,826067.4021008015,0.0,0.0,False,False,0.0,1.1920928955078125e-07,passed
constrained,2023-01-09,11607395.817091355,23664.039265993695,21373.849265910707,2290.1900000829883,10621895.763172911,10598231.723906917,11631059.85635735,0.0,0.0,1907.8559818994254,0.0,0,0,0,0,0.0,0.0,3815.3983780033886,0.0,2092.5222478280225,10810196.358385056,0.0,10810196.358385056,797199.4587062988,0.0,0.0,False,False,0.0,1.1920928955078125e-07,passed
unhedged,2023-01-10,1199417.080228427,10538026.454739617,40460.00480422772,10497566.44993539,10538026.454739617,0.0,11737443.534968045,0.0,0.0,65.71788286860101,0.0,0,0,0,0,0.0,0.0,459.9495705491863,0.0,1042.869342122179,0.0,0.0,0.0,1199417.080228427,0.0,0.0,False,False,0.0,1.1920928955078125e-07,passed
duration,2023-01-10,7808587.495858006,3829566.2878967477,23310.328512324948,3806255.9593844227,10538026.454739617,6708460.1668428695,11638153.783754755,0.0,0.0,427.84436446707696,0.0,0,0,0,0,0.0,0.0,2994.4183091269806,0.0,1703.5990097780445,6842629.370179727,0.0,6842629.370179727,965958.1256782794,0.0,0.0,False,False,0.0,5.960464477539063e-08,passed
unweighted,2023-01-10,10845054.547238218,790223.5443601845,22146.401722371163,768077.1426378133,10575861.741308166,9785638.19694798,11635278.091598403,0.0,0.0,594.2170043997467,0.0,0,0,0,0,0.0,0.0,4158.835374126211,0.0,2014.5478098199433,9981350.96088694,0.0,9981350.96088694,863703.5863512773,0.0,0.0,False,False,0.0,1.1920928955078125e-07,passed
constrained,2023-01-10,11608031.838779965,23689.093407918983,21334.852611351347,2354.2407965676357,10584552.11373101,10560863.02032309,11631720.932187885,0.0,0.0,636.0216886103153,0.0,0,0,0,0,0.0,0.0,4451.420066613704,0.0,2092.5222478280225,10772080.280729553,0.0,10772080.280729553,835951.5580504127,0.0,0.0,False,False,0.0,1.1920928955078125e-07,passed
unhedged,2023-01-11,1199482.801712275,10572497.591203956,40808.8367763632,10531688.754427593,10572497.591203956,0.0,11771980.39291623,0.0,0.0,65.72148384805769,0.0,0,0,0,0,0.0,0.0,525.671054397244,0.0,1042.869342122179,0.0,0.0,0.0,1199482.801712275,0.0,0.0,False,False,0.0,1.1920928955078125e-07,passed
duration,2023-01-11,7809015.363665999,3827558.179132627,23352.916264962165,3804205.262867665,10572497.591203956,6744939.412071329,11636573.542798625,0.0,0.0,427.867807992734,0.0,0,0,0,0,0.0,0.0,3422.2861171197146,0.0,1703.5990097780445,6879838.200312755,0.0,6879838.200312755,929177.1633532438,0.0,0.0,False,False,0.0,5.960464477539063e-08,passed
unweighted,2023-01-11,10845648.79680245,791358.458811675,22126.22478168567,769232.2340299893,10610720.340786355,9819361.88197468,11637007.255614124,0.0,0.0,594.2495642323047,0.0,0,0,0,0,0.0,0.0,4753.0849383585155,0.0,2014.5478098199433,10015749.119614175,0.0,10015749.119614175,829899.6771882754,0.0,0.0,False,False,0.0,1.1920928955078125e-07,passed
constrained,2023-01-11,11608667.895319076,23799.22815286828,21295.85595679199,2503.3721960762887,10619494.096351573,10595694.868198706,11632467.123471944,0.0,0.0,636.0565391108394,0.0,0,0,0,0,0.0,0.0,5087.476605724543,0.0,2092.5222478280225,10807608.76556268,0.0,10807608.76556268,801059.1297563966,0.0,0.0,False,False,0.0,1.1920928955078125e-07,passed
unhedged,2023-01-12,1199548.5267973004,10639464.10866033,41157.668748498676,10598306.439911831,10639464.10866033,0.0,11839012.63545763,0.0,0.0,65.72508502542041,0.0,0,0,0,0,0.0,0.0,591.3961394226644,0.0,1042.869342122179,0.0,0.0,0.0,1199548.5267973004,0.0,0.0,False,False,0.0,1.1920928955078125e-07,passed
duration,2023-01-12,7809443.254918802,3825482.2025739206,23395.50401759938,3802086.698556321,10639464.10866033,6813981.9060864085,11634925.457492722,0.0,0.0,427.8912528026849,0.0,0,0,0,0,0.0,0.0,3850.1773699223995,0.0,1703.5990097780445,6950261.544208136,0.0,6950261.544208136,859181.7107106652,0.0,0.0,False,False,0.0,5.960464477539063e-08,passed
unweighted,2023-01-12,10846243.078928301,793654.512637812,22106.04784100017,771548.4647968118,10678312.007607672,9884657.49496986,11639897.591566114,0.0,0.0,594.2821258511394,0.0,0,0,0,0,0.0,0.0,5347.367064209655,0.0,2014.5478098199433,10082350.644869257,0.0,10082350.644869257,763892.4340590443,0.0,0.0,False,False,0.0,1.1920928955078125e-07,passed
constrained,2023-01-12,11609303.9867106,24053.713091306065,21256.85930223263,2796.8537890734333,10687220.359582992,10663166.646491688,11633357.699801907,0.0,0.0,636.0913915243,0.0,0,0,0,0,0.0,0.0,5723.567997248843,0.0,2092.5222478280225,10876429.979421522,0.0,10876429.979421522,732874.0072890781,0.0,0.0,False,False,0.0,1.1920928955078125e-07,passed
unhedged,2023-01-13,1199614.2554837004,10613548.79434272,41506.50072063416,10572042.293622086,10613548.79434272,0.0,11813163.04982642,0.0,0.0,65.72868639999069,0.0,0,0,0,0,0.0,0.0,657.1248258226551,0.0,1042.869342122179,0.0,0.0,0.0,1199614.2554837004,0.0,0.0,False,False,0.0,1.1920928955078125e-07,passed
duration,2023-01-13,7809871.169617702,3819233.872165529,23438.0917702366,3795795.7803952927,10613548.79434272,6794314.922177192,11629105.041783232,0.0,0.0,427.9146989006549,0.0,0,0,0,0,0.0,0.0,4278.092068823054,0.0,1703.5990097780445,6930201.220620736,0.0,6930201.220620736,879669.9489969667,0.0,0.0,False,False,0.0,5.960464477539063e-08,passed
unweighted,2023-01-13,10846837.39361756,792610.1705235696,22085.870900314676,770524.2996232549,10652076.023278028,9859465.852754459,11639447.564141128,0.0,0.0,594.3146892581135,0.0,0,0,0,0,0.0,0.0,5941.681753467768,0.0,2014.5478098199433,10056655.169809548,0.0,10056655.169809548,790182.223808011,0.0,0.0,False,False,0.0,1.1920928955078125e-07,passed
constrained,2023-01-13,11609940.11295645,23991.682938668357,21217.862647673275,2773.8202909950815,10660907.000990264,10636915.318051595,11633931.795895118,0.0,0.0,636.1262458488345,0.0,0,0,0,0,0.0,0.0,6359.694243097678,0.0,2092.5222478280225,10849653.624412628,0.0,10849653.624412628,760286.4885438215,0.0,0.0,False,False,0.0,1.1920928955078125e-07,passed
unhedged,2023-01-17,1199877.2062469923,10604420.148620827,42901.828609176075,10561518.320011651,10604420.148620827,0.0,11804297.35486782,0.0,0.0,262.95076329191215,0.0,0,0,0,0,0.0,0.0,920.0755891145673,0.0,1042.869342122179,0.0,0.0,0.0,1199877.2062469923,0.0,0.0,False,False,0.0,1.1920928955078125e-07,passed
duration,2023-01-17,7811583.062899959,3831382.340777835,23608.442780785463,3807773.8979970496,10604420.148620827,6773037.807842993,11642965.403677795,0.0,0.0,1711.8932822570205,0.0,0,0,0,0,0.0,0.0,5989.985351080075,0.0,1703.5990097780445,6908498.563999853,0.0,6908498.563999853,903084.4989001062,0.0,0.0,False,False,0.0,5.960464477539063e-08,passed
unweighted,2023-01-17,10849214.978044318,792889.1480866828,22005.163137572687,770883.9849491101,10642863.951556973,9849974.80347029,11642104.126131,0.0,0.0,2377.584426758811,0.0,0,0,0,0,0.0,0.0,8319.26618022658,0.0,2014.5478098199433,10046974.299539695,0.0,10046974.299539695,802240.6785046235,0.0,0.0,False,False,0.0,1.1920928955078125e-07,passed
constrained,2023-01-17,11612484.966521269,23923.92609450975,21061.876029435847,2862.0500650739014,10651684.05775333,10627760.13165882,11636408.892615778,0.0,0.0,2544.853564819321,0.0,0,0,0,0,0.0,0.0,8904.547807916999,0.0,2092.5222478280225,10840315.334291996,0.0,10840315.334291996,772169.6322292723,0.0,0.0,False,False,0.0,1.1920928955078125e-07,passed
unhedged,2023-01-18,1199942.9529432252,10696873.487740127,43250.66058131155,10653622.827158816,10696873.487740127,0.0,11896816.440683352,0.0,0.0,65.74669623281807,0.0,0,0,0,0,0.0,0.0,985.8222853473853,0.0,1042.869342122179,0.0,0.0,0.0,1199942.9529432252,0.0,0.0,False,False,0.0,1.1920928955078125e-07,passed
duration,2023-01-18,7812011.094848612,3827007.195248997,23651.030533422672,3803356.164715574,10696873.487740127,6869866.2924911305,11639018.29009761,0.0,0.0,428.03194865304977,0.0,0,0,0,0,0.0,0.0,6418.017299733125,0.0,1703.5990097780445,7007263.618340953,0.0,7007263.618340953,804747.4765076591,0.0,0.0,False,False,0.0,5.960464477539063e-08,passed
unweighted,2023-01-18,10849809.45557736,795789.4627563653,21984.986196887185,773804.4765594781,10736171.35754388,9940381.894787515,11645598.918333726,0.0,0.0,594.4775330424309,0.0,0,0,0,0,0.0,0.0,8913.74371326901,0.0,2014.5478098199433,10139189.532683264,0.0,10139189.532683264,710619.922894096,0.0,0.0,False,False,0.0,1.1920928955078125e-07,passed
constrained,2023-01-18,11613121.26706738,24212.848928475025,21022.87937487648,3189.9695535985447,10745185.412921956,10720972.56399348,11637334.115995856,0.0,0.0,636.300546111539,0.0,0,0,0,0,0.0,0.0,9540.848354028538,0.0,2092.5222478280225,10935392.01527335,0.0,10935392.01527335,677729.2517940309,0.0,0.0,False,False,0.0,1.1920928955078125e-07,passed
unhedged,2023-01-19,1200008.7032420165,10676976.732710581,43599.49255344703,10633377.240157135,10676976.732710581,0.0,11876985.435952598,0.0,0.0,65.75029879133217,0.0,0,0,0,0,0.0,0.0,1051.5725841387175,0.0,1042.869342122179,0.0,0.0,0.0,1200008.7032420165,0.0,0.0,False,False,0.0,1.1920928955078125e-07,passed
duration,2023-01-19,7812439.15025107,3826553.3862261362,23693.61828605989,3802859.7679400765,10676976.732710581,6850423.346484446,11638992.536477206,0.0,0.0,428.0554024577141,0.0,0,0,0,0,0.0,0.0,6846.072702190839,0.0,1703.5990097780445,6987431.813414135,0.0,6987431.813414135,825007.336836935,0.0,0.0,False,False,0.0,5.960464477539063e-08,passed
unweighted,2023-01-19,10850403.965684516,795054.5660756836,21964.80925620169,773089.7568194818,10716120.058586001,9921065.492510319,11645458.5317602,0.0,0.0,594.5101071558893,0.0,0,0,0,0,0.0,0.0,9508.2538204249,0.0,2014.5478098199433,10119486.802360525,0.0,10119486.802360525,730917.163323991,0.0,0.0,False,False,0.0,1.1920928955078125e-07,passed
constrained,2023-01-19,11613757.602479275,24181.432568604214,20983.882720317124,3197.54984828709,10725101.765096325,10700920.332527721,11637939.03504788,0.0,0.0,636.3354118950665,0.0,0,0,0,0,0.0,0.0,10177.183765923604,0.0,2092.5222478280225,10914938.739178276,0.0,10914938.739178276,698818.8633009996,0.0,0.0,False,False,0.0,1.1920928955078125e-07,passed
unhedged,2023-01-20,1200074.457143564,10636382.550096802,43948.32452558251,10592434.22557122,10636382.550096802,0.0,11836457.007240366,0.0,0.0,65.75390154751949,0.0,0,0,0,0,0.0,0.0,1117.326485686237,0.0,1042.869342122179,0.0,0.0,0.0,1200074.457143564,0.0,0.0,False,False,0.0,1.1920928955078125e-07,passed
duration,2023-01-20,7812867.229108618,3828828.673098606,23736.206038697106,3805092.467059909,10636382.550096802,6807553.876998196,11641695.902207224,0.0,0.0,428.07885754760355,0.0,0,0,0,0,0.0,0.0,7274.151559738442,0.0,1703.5990097780445,6943704.95453816,0.0,6943704.95453816,869162.2745704576,0.0,0.0,False,False,0.0,5.960464477539063e-08,passed
unweighted,2023-01-20,10850998.508367568,793828.9528750294,21944.632315516195,771884.3205595132,10675034.996394834,9881206.043519804,11644827.461242598,0.0,0.0,594.5426830518991,0.0,0,0,0,0,0.0,0.0,10102.796503476799,0.0,2014.5478098199433,10078830.1643902,0.0,10078830.1643902,772168.3439773675,0.0,0.0,False,False,0.0,1.1920928955078125e-07,passed
constrained,2023-01-20,11614393.972758861,24088.53623863717,20944.886065757768,3143.650172879403,10683910.489659425,10659821.953420788,11638482.508997498,0.0,0.0,636.3702795859426,0.0,0,0,0,0,0.0,0.0,10813.554045509547,0.0,2092.5222478280225,10873018.392489204,0.0,10873018.392489204,741375.5802696571,0.0,0.0,False,False,0.0,1.1920928955078125e-07,passed
unhedged,2023-01-23,1200271.7404667176,10615611.90383928,44994.82044198895,10570617.083397292,10615611.90383928,0.0,11815883.644305998,0.0,0.0,197.2833231536206,0.0,0,0,0,0,0.0,0.0,1314.6098088398576,0.0,1042.869342122179,0.0,0.0,0.0,1200271.7404667176,0.0,0.0,False,False,0.0,1.1920928955078125e-07,passed
duration,2023-01-23,7814151.6064246595,3827430.828371591,23863.969296608753,3803566.8590749823,10615611.90383928,6788181.075467691,11641582.434796251,0.0,0.0,1284.3773160418496,0.0,0,0,0,0,0.0,0.0,8558.528875780292,0.0,1703.5990097780445,6923944.696977044,0.0,6923944.696977044,890206.909447615,0.0,0.0,False,False,0.0,5.960464477539063e-08,passed
unweighted,2023-01-23,10852782.331889952,793191.4937174995,21884.101493459704,771307.3922240399,10654104.307714988,9860912.813997487,11645973.82560745,0.0,0.0,1783.8235223833472,0.0,0,0,0,0,0.0,0.0,11886.620025860146,0.0,2014.5478098199433,10058131.070277436,0.0,10058131.070277436,794651.2616125159,0.0,0.0,False,False,0.0,1.1920928955078125e-07,passed
constrained,2023-01-23,11616303.292822897,24061.13831378,20827.896102079692,3233.242211700308,10662943.962332536,10638882.824018756,11640364.431136677,0.0,0.0,1909.3200640361756,0.0,0,0,0,0,0.0,0.0,12722.874109545723,0.0,2092.5222478280225,10851660.480499132,0.0,10851660.480499132,764642.8123237658,0.0,0.0,False,False,0.0,1.1920928955078125e-07,passed
unhedged,2023-01-24,1200337.5087812638,10642216.535435472,45343.65241412443,10596872.883021347,10642216.535435472,0.0,11842554.044216735,0.0,0.0,65.76831454620697,0.0,0,0,0,0,0.0,0.0,1380.3781233860645,0.0,1042.869342122179,0.0,0.0,0.0,1200337.5087812638,0.0,0.0,False,False,0.0,1.1920928955078125e-07,passed
duration,2023-01-24,7814579.779115424,3823688.440781675,23906.557049245966,3799781.883732429,10642216.535435472,6818528.094653797,11638268.219897099,0.0,0.0,428.17269076406956,0.0,0,0,0,0,0.0,0.0,8986.701566544361,0.0,1703.5990097780445,6954898.656546873,0.0,6954898.656546873,859681.1225685505,0.0,0.0,False,False,0.0,5.960464477539063e-08,passed
unweighted,2023-01-24,10853377.004894441,793893.7390314138,21863.924552774206,772029.8144786396,10681129.107627403,9887235.36859599,11647270.743925855,0.0,0.0,594.673004489392,0.0,0,0,0,0,0.0,0.0,12481.293030349538,0.0,2014.5478098199433,10084980.07596791,0.0,10084980.07596791,768396.9289265312,0.0,0.0,False,False,0.0,1.1920928955078125e-07,passed
constrained,2023-01-24,11616939.802592369,24053.612837508874,20788.899447520336,3264.7133899885375,10690062.570926758,10666008.95808925,11640993.415429877,0.0,0.0,636.5097694713622,0.0,0,0,0,0,0.0,0.0,13359.383879017085,0.0,2092.5222478280225,10879329.137251034,0.0,10879329.137251034,737610.6653413344,0.0,0.0,False,False,0.0,1.1920928955078125e-07,passed
unhedged,2023-01-25,1200403.2806995532,10647743.766378496,45692.4843862599,10602051.281992236,10647743.766378496,0.0,11848147.047078049,0.0,0.0,65.77191828936338,0.0,0,0,0,0,0.0,0.0,1446.150041675428,0.0,1042.869342122179,0.0,0.0,0.0,1200403.2806995532,0.0,0.0,False,False,0.0,1.1920928955078125e-07,passed
duration,2023-01-25,7815007.975267704,3826238.5559002757,23949.144801883176,3802289.4110983927,10647743.766378496,6821505.210478219,11641246.53116798,0.0,0.0,428.1961522800848,0.0,0,0,0,0,0.0,0.0,9414.897718824446,0.0,1703.5990097780445,6957935.314687784,0.0,6957935.314687784,857072.6605799198,0.0,0.0,False,False,0.0,5.960464477539063e-08,passed
unweighted,2023-01-25,10853971.71048375,794236.5836895573,21843.7476120887,772392.8360774686,10686619.599450026,9892383.015760468,11648208.294173308,0.0,0.0,594.7055893093348,0.0,0,0,0,0,0.0,0.0,13075.998619658872,0.0,2014.5478098199433,10090230.676075678,0.0,10090230.676075678,763741.034408072,0.0,0.0,False,False,0.0,1.1920928955078125e-07,passed
constrained,2023-01-25,11617576.347239086,24125.24275242111,20749.90279296097,3375.3399594601397,10695544.456805067,10671419.214052645,11641701.589991508,0.0,0.0,636.544646717608,0.0,0,0,0,0,0.0,0.0,13995.928525734693,0.0,2092.5222478280225,10884847.598333698,0.0,10884847.598333698,732728.7489053886,0.0,0.0,False,False,0.0,1.1920928955078125e-07,passed
unhedged,2023-01-26,1200469.0562217836,10629108.21013266,46041.31635839539,10583066.893774265,10629108.21013266,0.0,11829577.266354444,0.0,0.0,65.77552223042585,0.0,0,0,0,0,0.0,0.0,1511.9255639058538,0.0,1042.869342122179,0.0,0.0,0.0,1200469.0562217836,0.0,0.0,False,False,0.0,1.1920928955078125e-07,passed
duration,2023-01-26,7815436.194882789,3825097.608360569,23991.73255452039,3801105.8758060485,10629108.21013266,6804010.601772091,11640533.803243358,0.0,0.0,428.21961508505046,0.0,0,0,0,0,0.0,0.0,9843.117333909497,0.0,1703.5990097780445,6940090.813807533,0.0,6940090.813807533,875345.3810752556,0.0,0.0,False,False,0.0,5.960464477539063e-08,passed
unweighted,2023-01-26,10854566.44865967,793605.0814580445,21823.570671403206,771781.5107866413,10667927.478852829,9874322.397394784,11648171.530117715,0.0,0.0,594.7381759192795,0.0,0,0,0,0,0.0,0.0,13670.736795578152,0.0,2014.5478098199433,10071808.845342679,0.0,10071808.845342679,782757.6033169907,0.0,0.0,False,False,0.0,1.1920928955078125e-07,passed
constrained,2023-01-26,11618212.926764965,24060.719190289172,20710.906138401613,3349.8130518875587,10676836.280418592,10652775.561228303,11642273.645955253,0.0,0.0,636.5795258786529,0.0,0,0,0,0,0.0,0.0,14632.508051613346,0.0,2092.5222478280225,10865831.07245287,0.0,10865831.07245287,752381.8543120958,0.0,0.0,False,False,0.0,1.1920928955078125e-07,passed
unhedged,2023-01-27,1200534.835348152,10613814.986384496,46390.14833053087,10567424.838053966,10613814.986384496,0.0,11814349.821732648,0.0,0.0,65.77912636846304,0.0,0,0,0,0,0.0,0.0,1577.7046902743168,0.0,1042.869342122179,0.0,0.0,0.0,1200534.835348152,0.0,0.0,False,False,0.0,1.1920928955078125e-07,passed
duration,2023-01-27,7815864.43796196,3826750.3828492034,24034.320307157614,3802716.062542046,10613814.986384496,6787064.603535294,11642614.820811164,0.0,0.0,428.243079171516,0.0,0,0,0,0,0.0,0.0,10271.360413081013,0.0,1703.5990097780445,6922805.895606,0.0,6922805.895606,893058.5423559602,0.0,0.0,False,False,0.0,5.960464477539063e-08,passed
unweighted,2023-01-27,10855161.21942398,793170.0116085499,21803.39373071772,771366.6178778321,10652554.321526757,9859384.309918208,11648331.23103253,0.0,0.0,594.7707643099129,0.0,0,0,0,0,0.0,0.0,14265.507559888065,0.0,2014.5478098199433,10056571.996116573,0.0,10056571.996116573,798589.2233074065,0.0,0.0,False,False,0.0,1.1920928955078125e-07,passed
constrained,2023-01-27,11618849.54117191,23995.443340391863,20671.90948384226,3323.533856549602,10661444.690064793,10637449.2467244,11642844.984512303,0.0,0.0,636.6144069451839,0.0,0,0,0,0,0.0,0.0,15269.12245855853,0.0,2092.5222478280225,10850198.231658889,0.0,10850198.231658889,768651.3095130213,0.0,0.0,False,False,0.0,1.1920928955078125e-07,passed
unhedged,2023-01-30,1200732.1943540615,10596777.106407348,47436.64424693731,10549340.46216041,10596777.106407348,0.0,11797509.30076141,0.0,0.0,197.3590059094131,0.0,0,0,0,0,0.0,0.0,1775.06369618373,0.0,1042.869342122179,0.0,0.0,0.0,1200732.1943540615,0.0,0.0,False,False,0.0,1.1920928955078125e-07,passed
duration,2023-01-30,7817149.307996865,3824802.2526623756,24162.083565069257,3800640.169097306,10596777.106407348,6771974.853744973,11641951.56065924,0.0,0.0,1284.8700349051505,0.0,0,0,0,0,0.0,0.0,11556.230447986163,0.0,1703.5990097780445,6907414.350819873,0.0,6907414.350819873,909734.9571769927,0.0,0.0,False,False,0.0,5.960464477539063e-08,passed
unweighted,2023-01-30,10856945.727265129,792594.6975129903,21742.862908661224,770851.8346043291,10635407.990789106,9842813.293276114,11649540.424778119,0.0,0.0,1784.507841149345,0.0,0,0,0,0,0.0,0.0,16050.01540103741,0.0,2014.5478098199433,10039669.559141638,0.0,10039669.559141638,817276.1681234911,0.0,0.0,False,False,0.0,1.1920928955078125e-07,passed
constrained,2023-01-30,11620759.593698286,23890.55855834971,20554.91952016418,3335.639038185527,10644275.878782073,10620385.320223724,11644650.152256636,0.0,0.0,1910.0525263752788,0.0,0,0,0,0,0.0,0.0,17179.17498493381,0.0,2092.5222478280225,10832793.0266282,0.0,10832793.0266282,787966.5670700856,0.0,0.0,False,False,0.0,1.1920928955078125e-07,passed
unhedged,2023-01-31,1200797.9878989574,10614318.75800209,47785.476219072785,10566533.281783016,10614318.75800209,0.0,11815116.745901046,0.0,0.0,65.79354489594698,0.0,0,0,0,0,0.0,0.0,1840.857241079677,0.0,1042.869342122179,0.0,0.0,0.0,1200797.9878989574,0.0,0.0,False,False,0.0,1.1920928955078125e-07,passed
duration,2023-01-31,7817577.644945249,3830183.214559343,24204.671317706474,3805978.543241637,10614318.75800209,6784135.543442747,11647760.859504592,0.0,0.0,428.3369483835995,0.0,0,0,0,0,0.0,0.0,11984.567396369763,0.0,1703.5990097780445,6919818.254311602,0.0,6919818.254311602,897759.3906336473,0.0,0.0,False,False,0.0,5.960464477539063e-08,passed
unweighted,2023-01-31,10857540.62840087,793463.464332931,21722.685967975725,771740.7783649552,10653000.137758603,9859536.673425673,11651004.0927338,0.0,0.0,594.9011357408017,0.0,0,0,0,0,0.0,0.0,16644.91653677821,0.0,2014.5478098199433,10056727.406894187,0.0,10056727.406894187,800813.2215066832,0.0,0.0,False,False,0.0,1.1920928955078125e-07,passed
constrained,2023-01-31,11621396.347648624,24006.293623465608,20515.92286560483,3490.370757860779,10661879.784076175,10637873.49045271,11645402.64127209,0.0,0.0,636.7539503388107,0.0,0,0,0,0,0.0,0.0,17815.92893527262,0.0,2092.5222478280225,10850630.960261766,0.0,10850630.960261766,770765.3873868585,0.0,0.0,False,False,0.0,1.1920928955078125e-07,passed
unhedged,2023-02-01,1200863.7850489793,10690448.193519462,48134.30819120826,10642313.885328254,10690448.193519462,0.0,11891311.978568442,0.0,0.0,65.79715002188459,0.0,0.0,-0.0,0.0,0,0.0,0.0,1906.6543911015615,0.0,1042.869342122179,0.0,0.0,0.0,1200863.7850489793,0.0,0.0,False,False,0.0,1.1920928955078125e-07,passed
duration,2023-02-01,7738416.939720616,3911923.457650386,24524.44315996477,3887399.014490421,10690448.193519462,6778524.735869076,11650340.397371002,0.0,0.0,428.36041890177876,0.0,7.958110753278173,-79581.10753278172,79581.10753278172,0,0.0,0.0,12412.927815271541,0.0,1711.5571205313227,6914095.230586458,0.0,6914095.230586458,824321.7091341577,0.0,0.0,False,False,5.978328943001543e-12,5.960464477539063e-08,passed
unweighted,2023-02-01,10981110.075057108,673103.4225552157,21500.770528268447,651602.6520269472,10734673.487189975,10061570.064634759,11654213.497612324,0.0,0.0,594.9337330628186,0.0,13.362449397734899,122987.87537257378,133624.493977349,0,0.0,0.0,17239.85026984103,0.0,2027.9102592176782,10262801.465927454,0.0,10262801.465927454,718308.6091296542,0.0,0.0,False,False,-5.730456109631632e-10,1.1920928955078125e-07,passed
constrained,2023-02-01,11676218.379288098,-29970.06701775008,20449.42327933775,-50419.49029708783,10747604.811139198,10777574.878156949,11646248.312270347,0.0,0.0,636.7888409681618,0.0,12.80095998080812,54198.043758484935,128009.5998080812,0,0.0,0.0,18452.71777624078,0.0,2105.323207808831,10993126.375720087,0.0,10993126.375720087,683092.0035680104,0.0,0.0,False,False,1.2239702584793122e-09,1.1920928955078125e-07,passed
unhedged,2023-02-02,1200929.5858043248,10690570.070574662,48483.140163343734,10642086.930411318,10690570.070574662,0.0,11891499.656378986,0.0,0.0,65.80075534549542,0.0,0,0,0,0,0.0,0.0,1972.455146447057,0.0,1042.869342122179,0.0,0.0,0.0,1200929.5858043248,0.0,0.0,False,False,0.0,1.1920928955078125e-07,passed
duration,2023-02-02,7738840.962566628,3910882.6404973255,24570.58455477661,3886312.055942549,10690570.070574662,6779687.430077337,11649723.603063954,0.0,0.0,424.02284601237625,0.0,0,0,0,0,0.0,0.0,12836.950661283918,0.0,1711.5571205313227,6915281.178678883,0.0,6915281.178678883,823559.7838877449,0.0,0.0,False,False,0.0,5.960464477539063e-08,passed
unweighted,2023-02-02,10981711.779718755,673121.114783232,21477.680708270826,651643.4340749611,10734776.814902028,10061655.700118795,11654832.894501986,0.0,0.0,601.7046616468579,0.0,0,0,0,0,0.0,0.0,17841.554931487888,0.0,2027.9102592176782,10262888.814121172,0.0,10262888.814121172,718822.965597583,0.0,0.0,False,False,0.0,1.1920928955078125e-07,passed
constrained,2023-02-02,11676858.172076005,-30013.95558975639,20410.085777678738,-50424.04136743513,10747702.972628538,10777716.928218294,11646844.21648625,0.0,0.0,639.7927879076451,0.0,0,0,0,0,0.0,0.0,19092.510564148426,0.0,2105.323207808831,10993271.26678266,0.0,10993271.26678266,683586.9052933455,0.0,0.0,False,False,0.0,1.1920928955078125e-07,passed
unhedged,2023-02-03,1200995.390165191,10609548.524875617,48831.97213547922,10560716.552740138,10609548.524875617,0.0,11810543.915040808,0.0,0.0,65.80436086608097,0.0,0,0,0,0,0.0,0.0,2038.2595073131379,0.0,1042.869342122179,0.0,0.0,0.0,1200995.390165191,0.0,0.0,False,False,0.0,1.1920928955078125e-07,passed
duration,2023-02-03,7739265.008646769,3900431.1016979897,24616.725949588454,3875814.3757484015,10609548.524875617,6709117.423177627,11639696.11034476,0.0,0.0,424.0460801413283,0.0,0,0,0,0,0.0,0.0,13260.996741425246,0.0,1711.5571205313227,6843299.77164118,0.0,6843299.77164118,895965.2370055895,0.0,0.0,False,False,0.0,5.960464477539063e-08,passed
unweighted,2023-02-03,10982313.517350521,670576.2005191345,21454.590888273207,649121.6096308613,10653091.088306563,9982514.88778743,11652889.717869656,0.0,0.0,601.7376317661256,0.0,0,0,0,0,0.0,0.0,18443.292563254014,0.0,2027.9102592176782,10182165.185543178,0.0,10182165.185543178,800148.3318073433,0.0,0.0,False,False,0.0,1.1920928955078125e-07,passed
constrained,2023-02-03,11677497.99992105,-30153.377949499023,20370.74827601974,-50524.12622551876,10665821.462622764,10695974.840572262,11647344.621971551,0.0,0.0,639.8278450444341,0.0,0,0,0,0,0.0,0.0,19732.33840919286,0.0,2105.323207808831,10909894.337383708,0.0,10909894.337383708,767603.6625373419,0.0,0.0,False,False,0.0,1.1920928955078125e-07,passed
unhedged,2023-02-06,1201192.8248828899,10555040.631840732,49878.468051885655,10505162.163788846,10555040.631840732,0.0,11756233.456723621,0.0,0.0,197.43471769895405,0.0,0,0,0,0,0.0,0.0,2235.694225012092,0.0,1042.869342122179,0.0,0.0,0.0,1201192.8248828899,0.0,0.0,False,False,0.0,1.1920928955078125e-07,passed
duration,2023-02-06,7740537.286304696,3893746.0038094344,24755.150134023992,3868990.85367541,10555040.631840732,6661294.6280312985,11634283.29011413,0.0,0.0,1272.277657927014,0.0,0,0,0,0,0.0,0.0,14533.27439935226,0.0,1711.5571205313227,6794520.520591925,0.0,6794520.520591925,946016.7657127716,0.0,0.0,False,False,0.0,5.960464477539063e-08,passed
unweighted,2023-02-06,10984118.928084599,668809.1074111867,21385.32142828036,647423.7859829064,10598239.742269708,9929430.63485852,11652928.035495786,0.0,0.0,1805.4107340779155,0.0,0,0,0,0,0.0,0.0,20248.70329733193,0.0,2027.9102592176782,10128019.247555692,0.0,10128019.247555692,856099.6805289071,0.0,0.0,False,False,0.0,1.1920928955078125e-07,passed
constrained,2023-02-06,11679417.693818234,-30497.504165191865,20252.73577104274,-50750.239936234604,10610867.507493766,10641365.01165896,11648920.189653043,0.0,0.0,1919.6938971839845,0.0,0,0,0,0,0.0,0.0,21652.032306376845,0.0,2105.323207808831,10854192.311892139,0.0,10854192.311892139,825225.3819260951,0.0,0.0,False,False,0.0,1.1920928955078125e-07,passed
unhedged,2023-02-07,1201258.6436678148,10535383.372052336,50227.30002402114,10485156.072028315,10535383.372052336,0.0,11736642.015720151,0.0,0.0,65.81878492492251,0.0,0,0,0,0,0.0,0.0,2301.5130099370144,0.0,1042.869342122179,0.0,0.0,0.0,1201258.6436678148,0.0,0.0,False,False,0.0,1.1920928955078125e-07,passed
duration,2023-02-07,7740961.425334083,3895292.727784084,24801.291528835838,3870491.4362552483,10535383.372052336,6640090.644268252,11636254.153118167,0.0,0.0,424.13902938645333,0.0,0,0,0,0,0.0,0.0,14957.413428738713,0.0,1711.5571205313227,6772892.457153617,0.0,6772892.457153617,968068.9681804655,0.0,0.0,False,False,0.0,5.960464477539063e-08,passed
unweighted,2023-02-07,10984720.797614904,668351.809563484,21362.231608282742,646989.5779552013,10578241.460604437,9909889.651040953,11653072.607178388,0.0,0.0,601.8695303052664,0.0,0,0,0,0,0.0,0.0,20850.572827637196,0.0,2027.9102592176782,10108087.444061771,0.0,10108087.444061771,876633.3535531331,0.0,0.0,False,False,0.0,1.1920928955078125e-07,passed
constrained,2023-02-07,11680057.661911046,-30579.163377057528,20213.39826938374,-50792.56164644127,10590770.27484369,10621349.438220749,11649478.498533988,0.0,0.0,639.9680928122252,0.0,0,0,0,0,0.0,0.0,22292.00039918907,0.0,2105.323207808831,10833776.426985163,0.0,10833776.426985163,846281.2349258829,0.0,0.0,False,False,0.0,1.1920928955078125e-07,passed
unhedged,2023-02-08,1201324.466059249,10545899.907844316,50576.13199615662,10495323.77584816,10545899.907844316,0.0,11747224.373903565,0.0,0.0,65.82239143410698,0.0,0,0,0,0,0.0,0.0,2367.3354013711214,0.0,1042.869342122179,0.0,0.0,0.0,1201324.466059249,0.0,0.0,False,False,0.0,1.1920928955078125e-07,passed
duration,2023-02-08,7741385.587603966,3898479.198787435,24847.432923647684,3873631.7658637874,10545899.907844316,6647420.709056881,11639864.7863914,0.0,0.0,424.1622698828578,0.0,0,0,0,0,0.0,0.0,15381.575698621571,0.0,1711.5571205313227,6780369.123238019,0.0,6780369.123238019,961016.4643659471,0.0,0.0,False,False,0.0,5.960464477539063e-08,passed
unweighted,2023-02-08,10985322.700124364,668875.8806499814,21339.14178828513,647536.7388616963,10588833.00181943,9919957.12116945,11654198.580774346,0.0,0.0,601.9025094602257,0.0,0,0,0,0,0.0,0.0,21452.47533709742,0.0,2027.9102592176782,10118356.26359284,0.0,10118356.26359284,866966.4365315251,0.0,0.0,False,False,0.0,1.1920928955078125e-07,passed
constrained,2023-02-08,11680697.665070605,-30378.705445150656,20174.060767724743,-50552.7662128754,10601384.869446455,10631763.574891606,11650318.959625455,0.0,0.0,640.0031595584005,0.0,0,0,0,0,0.0,0.0,22932.00355874747,0.0,2105.323207808831,10844398.846389439,0.0,10844398.846389439,836298.8186811656,0.0,0.0,False,False,0.0,1.1920928955078125e-07,passed
unhedged,2023-02-09,1201390.2920573892,10525624.234325018,50924.9639682921,10474699.270356726,10525624.234325018,0.0,11727014.526382407,0.0,0.0,65.82599814026617,0.0,0,0,0,0,0.0,0.0,2433.1613995113876,0.0,1042.869342122179,0.0,0.0,0.0,1201390.2920573892,0.0,0.0,False,False,0.0,1.1920928955078125e-07,passed
duration,2023-02-09,7741809.773115615,3895223.726123556,24893.574318459534,3870330.1518050963,10525624.234325018,6630400.508201462,11637033.49923917,0.0,0.0,424.18551164958626,0.0,0,0,0,0,0.0,0.0,15805.761210271157,0.0,1711.5571205313227,6763008.518365491,0.0,6763008.518365491,978801.2547501242,0.0,0.0,False,False,0.0,5.960464477539063e-08,passed
unweighted,2023-02-09,10985924.635614783,668096.3028013092,21316.051968287513,646780.2508330216,10568315.841526981,9900219.538725672,11654020.938416092,0.0,0.0,601.9354904182255,0.0,0,0,0,0,0.0,0.0,22054.410827515647,0.0,2027.9102592176782,10098223.929500187,0.0,10098223.929500187,887700.7061145958,0.0,0.0,False,False,0.0,1.1920928955078125e-07,passed
constrained,2023-02-09,11681337.70329883,-30618.02979833744,20134.723266065743,-50752.75306440318,10580797.738414409,10611415.768212747,11650719.673500491,0.0,0.0,640.038228224963,0.0,0,0,0,0,0.0,0.0,23572.041786972433,0.0,2105.323207808831,10823644.083577001,0.0,10823644.083577001,857693.619721828,0.0,0.0,False,False,0.0,1.1920928955078125e-07,passed
unhedged,2023-02-10,1201456.1216624335,10489948.038220504,51273.79594042757,10438674.242280077,10489948.038220504,0.0,11691404.159882938,0.0,0.0,65.8296050443314,0.0,0,0,0,0,0.0,0.0,2498.991004555719,0.0,1042.869342122179,0.0,0.0,0.0,1201456.1216624335,0.0,0.0,False,False,0.0,1.1920928955078125e-07,passed
duration,2023-02-10,7742233.981870307,3903134.0209513027,24939.71571327137,3878194.3052380313,10489948.038220504,6586814.017269202,11645368.00282161,0.0,0.0,424.2087546912953,0.0,0,0,0,0,0.0,0.0,16229.969964962453,0.0,1711.5571205313227,6718550.297614586,0.0,6718550.297614586,1023683.684255721,0.0,0.0,False,False,0.0,5.960464477539063e-08,passed
unweighted,2023-02-10,10986526.604087966,667522.0358945333,21292.962148289884,646229.0737462434,10532237.030435434,9864714.9945409,11654048.6399825,0.0,0.0,601.9684731829911,0.0,0,0,0,0,0.0,0.0,22656.379300698638,0.0,2027.9102592176782,10062009.294431718,0.0,10062009.294431718,924517.3096562475,0.0,0.0,False,False,0.0,1.1920928955078125e-07,passed
constrained,2023-02-10,11681977.77659764,-30568.706860924736,20095.38576440673,-50664.09262533147,10544606.436088758,10575175.142949682,11651409.069736715,0.0,0.0,640.0732988100499,0.0,0,0,0,0,0.0,0.0,24212.115085782483,0.0,2105.323207808831,10786678.645808676,0.0,10786678.645808676,895299.1307889633,0.0,0.0,False,False,0.0,1.1920928955078125e-07,passed
unhedged,2023-02-13,1201653.632120967,10503644.943122523,52320.29185683402,10451324.651265688,10503644.943122523,0.0,11705298.57524349,0.0,0.0,197.5104585334193,0.0,0,0,0,0,0.0,0.0,2696.5014630891383,0.0,1042.869342122179,0.0,0.0,0.0,1201653.632120967,0.0,0.0,False,False,0.0,1.1920928955078125e-07,passed
duration,2023-02-13,7743506.7476053685,3897223.828102465,25078.139897706915,3872145.688204758,10503644.943122523,6606421.115020058,11640730.575707834,0.0,0.0,1272.7657350618392,0.0,0,0,0,0,0.0,0.0,17502.735700024292,0.0,1711.5571205313227,6738549.537320459,0.0,6738549.537320459,1004957.2102849092,0.0,0.0,False,False,0.0,5.960464477539063e-08,passed
unweighted,2023-02-13,10988332.707422195,667687.5470765634,21223.692688297047,646463.8543882663,10546201.988857558,9878514.441780994,11656020.254498757,0.0,0.0,1806.1033342294395,0.0,0,0,0,0,0.0,0.0,24462.482634928077,0.0,2027.9102592176782,10076084.730616614,0.0,10076084.730616614,912247.9768055808,0.0,0.0,False,False,0.0,1.1920928955078125e-07,passed
constrained,2023-02-13,11683898.206936818,-30654.519613156997,19977.373259429743,-50631.892872586744,10558646.386387708,10589300.906000866,11653243.687323662,0.0,0.0,1920.4303391780704,0.0,0,0,0,0,0.0,0.0,26132.545424960554,0.0,2105.323207808831,10801086.924120883,0.0,10801086.924120883,882811.2828159351,0.0,0.0,False,False,0.0,1.1920928955078125e-07,passed
unhedged,2023-02-14,1201719.4761556038,10471096.835644677,52669.12382896949,10418427.711815707,10471096.835644677,0.0,11672816.31180028,0.0,0.0,65.84403463685885,0.0,0,0,0,0,0.0,0.0,2762.345497725997,0.0,1042.869342122179,0.0,0.0,0.0,1201719.4761556038,0.0,0.0,False,False,0.0,1.1920928955078125e-07,passed
duration,2023-02-14,7743931.049344964,3891186.6868247367,25124.281292518746,3866062.405532218,10471096.835644677,6579910.14881994,11635117.736169701,0.0,0.0,424.30173959583044,0.0,0,0,0,0,0.0,0.0,17927.037439620122,0.0,1711.5571205313227,6711508.351796339,0.0,6711508.351796339,1032422.6975486251,0.0,0.0,False,False,0.0,5.960464477539063e-08,passed
unweighted,2023-02-14,10988934.807844521,666410.494916167,21200.60286829942,645209.8920478675,10513542.737439942,9847132.242523775,11655345.302760689,0.0,0.0,602.1004223264754,0.0,0,0,0,0,0.0,0.0,25064.583057254553,0.0,2027.9102592176782,10044074.88737425,0.0,10044074.88737425,944859.9204702713,0.0,0.0,False,False,0.0,1.1920928955078125e-07,passed
constrained,2023-02-14,11684538.4205372,-30896.755282300364,19938.03575777073,-50834.7910400711,10525955.55989417,10556852.315176472,11653641.6652549,0.0,0.0,640.2136003822088,0.0,0,0,0,0,0.0,0.0,26772.759025342762,0.0,2105.323207808831,10767989.361480001,0.0,10767989.361480001,916549.0590571985,0.0,0.0,False,False,0.0,1.1920928955078125e-07,passed
unhedged,2023-02-15,1239285.3237981328,10389864.105352847,15517.95580110497,10374346.149551742,10389864.105352847,0.0,11629149.42915098,37500.0,0.0,65.84764252905734,0.0,0,0,0,0,37500.0,0.0,2828.1931402550545,0.0,1042.869342122179,0.0,0.0,0.0,1239285.3237981328,0.0,0.0,False,False,0.0,1.1920928955078125e-07,passed
duration,2023-02-15,7781855.37433397,3876502.4647356817,-12329.577312669408,3888832.042048351,10389864.105352847,6513361.640617165,11658357.839069651,37500.0,0.0,424.32498900592327,0.0,0,0,0,0,37500.0,0.0,18351.362428626046,0.0,1711.5571205313227,6643628.873429508,0.0,6643628.873429508,1138226.5009044623,0.0,0.0,False,False,0.0,5.960464477539063e-08,passed
unweighted,2023-02-15,11027036.94125865,629280.5884463699,-16322.4869516982,645603.0753980681,10432185.762940906,9802905.174494537,11656317.52970502,37500.0,0.0,602.1334141287953,0.0,0,0,0,0,37500.0,0.0,25666.716471383348,0.0,2027.9102592176782,9998963.277984427,0.0,9998963.277984427,1028073.663274223,0.0,0.0,False,False,0.0,1.1920928955078125e-07,passed
constrained,2023-02-15,11722678.669217778,-67709.0561692206,-17601.301743888274,-50107.75442533232,10444571.709720321,10512280.765889542,11654969.613048557,37500.0,0.0,640.2486805785447,0.0,0,0,0,0,37500.0,0.0,27413.007705921307,0.0,2105.323207808831,10722526.381207334,0.0,10722526.381207334,1000152.2880104445,0.0,0.0,False,False,0.0,1.1920928955078125e-07,passed
unhedged,2023-02-16,1239353.2298432726,10394670.158661775,15870.165745856355,10378799.992915919,10394670.158661775,0.0,11634023.388505047,0.0,0.0,67.90604513976723,0.0,0,0,0,0,37500.0,0.0,2896.0991853948217,0.0,1042.869342122179,0.0,0.0,0.0,1239353.2298432726,0.0,0.0,False,False,0.0,1.1920928955078125e-07,passed
duration,2023-02-16,7782281.77736818,3862648.648268367,-12280.057945241659,3874928.706213609,10394670.158661775,6532021.510393407,11644930.425636549,0.0,0.0,426.4030342102051,0.0,0,0,0,0,37500.0,0.0,18777.76546283625,0.0,1711.5571205313227,6662661.940601275,0.0,6662661.940601275,1119619.8367669052,0.0,0.0,False,False,0.0,5.960464477539063e-08,passed
unweighted,2023-02-16,11027641.162460912,628323.9682545167,-16342.19879907991,644666.1670535966,10436326.50359273,9808002.535338214,11655965.130715428,0.0,0.0,604.2212022617459,0.0,0,0,0,0,37500.0,0.0,26270.937673645094,0.0,2027.9102592176782,10004162.586044978,0.0,10004162.586044978,1023478.5764159337,0.0,0.0,False,False,0.0,1.1920928955078125e-07,passed
constrained,2023-02-16,11723321.007774998,-68455.9279983851,-17637.26127293137,-50818.66672545373,10448512.286968507,10516968.214966891,11654865.079776613,0.0,0.0,642.3385572191328,0.0,0,0,0,0,37500.0,0.0,28055.34626314044,0.0,2105.323207808831,10727307.57926623,0.0,10727307.57926623,996013.4285087679,0.0,0.0,False,False,0.0,1.1920928955078125e-07,passed
unhedged,2023-02-17,1239421.1396092915,10413674.28202106,16222.375690607736,10397451.906330453,10413674.28202106,0.0,11653095.421630353,0.0,0.0,67.90976601885632,0.0,0,0,0,0,37500.0,0.0,2964.008951413678,0.0,1042.869342122179,0.0,0.0,0.0,1239421.1396092915,0.0,0.0,False,False,0.0,1.1920928955078125e-07,passed
duration,2023-02-17,7782708.203766941,3863707.77370598,-12230.53857781391,3875938.312283794,10413674.28202106,6549966.508315082,11646415.97747292,0.0,0.0,426.42639876063913,0.0,0,0,0,0,37500.0,0.0,19204.19186159689,0.0,1711.5571205313227,6680965.838481383,0.0,6680965.838481383,1101742.3652855577,0.0,0.0,False,False,0.0,5.960464477539063e-08,passed
unweighted,2023-02-17,11028245.416771183,629038.0892592565,-16361.910646461627,645399.9999057181,10455536.025771542,9826497.936512284,11657283.506030438,0.0,0.0,604.2543102707714,0.0,0,0,0,0,37500.0,0.0,26875.191983915865,0.0,2027.9102592176782,10023027.895242529,0.0,10023027.895242529,1005217.5215286538,0.0,0.0,False,False,0.0,1.1920928955078125e-07,passed
constrained,2023-02-17,11723963.381528847,-68195.40577921196,-17673.22080197447,-50522.184977237484,10467780.218488405,10535975.624267615,11655767.975749634,0.0,0.0,642.373753849417,0.0,0,0,0,0,37500.0,0.0,28697.720016989857,0.0,2105.323207808831,10746695.136752969,0.0,10746695.136752969,977268.2447758783,0.0,0.0,False,False,0.0,1.1920928955078125e-07,passed
unhedged,2023-02-21,1239692.8158862367,10351716.29924678,17631.21546961326,10334085.083777167,10351716.29924678,0.0,11591409.115133017,0.0,0.0,271.6762769452762,0.0,0,0,0,0,37500.0,0.0,3235.685228358954,0.0,1042.869342122179,0.0,0.0,0.0,1239692.8158862367,0.0,0.0,False,False,0.0,1.1920928955078125e-07,passed
duration,2023-02-21,7784414.143033087,3866941.8107030545,-12032.461108102925,3878974.2718111575,10351716.29924678,6484774.488543726,11651355.953736141,0.0,0.0,1705.9392661461607,0.0,0,0,0,0,37500.0,0.0,20910.13112774305,0.0,1711.5571205313227,6614469.9783146,0.0,6614469.9783146,1169944.1647184873,0.0,0.0,False,False,0.0,5.960464477539063e-08,passed
unweighted,2023-02-21,11030662.76512867,627506.8747015264,-16440.75803598849,643947.6327375148,10392903.95793357,9765397.083232043,11658169.639830196,0.0,0.0,2417.34835748747,0.0,0,0,0,0,37500.0,0.0,29292.540341403335,0.0,2027.9102592176782,9960705.024896685,0.0,9960705.024896685,1069957.7402319852,0.0,0.0,False,False,0.0,1.1920928955078125e-07,passed
constrained,2023-02-21,11726533.22854916,-68538.47005211175,-17817.058918146868,-50721.41113396488,10404952.400968704,10473490.871020816,11657994.758497048,0.0,0.0,2569.8470203131437,0.0,0,0,0,0,37500.0,0.0,31267.567037303,0.0,2105.323207808831,10682960.688441232,0.0,10682960.688441232,1043572.5401079282,0.0,0.0,False,False,0.0,1.1920928955078125e-07,passed
unhedged,2023-02-22,1239760.7442597102,10335740.527267221,17983.425414364643,10317757.101852857,10335740.527267221,0.0,11575501.27152693,0.0,0.0,67.92837347346358,0.0,0,0,0,0,37500.0,0.0,3303.6136018324178,0.0,1042.869342122179,0.0,0.0,0.0,1239760.7442597102,0.0,0.0,False,False,0.0,1.1920928955078125e-07,passed
duration,2023-02-22,7784840.686273803,3883460.149615894,-11982.941740675176,3895443.0913565694,10335740.527267221,6452280.377651328,11668300.835889697,0.0,0.0,426.54324071574956,0.0,0,0,0,0,37500.0,0.0,21336.6743684588,0.0,1711.5571205313227,6581325.985204355,0.0,6581325.985204355,1203514.7010694481,0.0,0.0,False,False,0.0,5.960464477539063e-08,passed
unweighted,2023-02-22,11031267.185006212,628336.2395394394,-16460.469883370202,644796.7094228097,10377390.664207684,9749054.424668243,11659603.424545651,0.0,0.0,604.4198775421828,0.0,0,0,0,0,37500.0,0.0,29896.960218945518,0.0,2027.9102592176782,9944035.513161609,0.0,9944035.513161609,1087231.6718446035,0.0,0.0,False,False,0.0,1.1920928955078125e-07,passed
constrained,2023-02-22,11727175.77831511,-67826.28883110179,-17853.018447189963,-49973.270383911826,10389582.245024417,10457408.533855518,11659349.489484008,0.0,0.0,642.5497659500688,0.0,0,0,0,0,37500.0,0.0,31910.11680325307,0.0,2105.323207808831,10666556.704532629,0.0,10666556.704532629,1060619.0737824813,0.0,0.0,False,False,0.0,1.1920928955078125e-07,passed
unhedged,2023-02-23,1239828.676355286,10357680.24991589,18335.63535911602,10339344.614556774,10357680.24991589,0.0,11597508.926271176,0.0,0.0,67.93209557584487,0.0,0,0,0,0,37500.0,0.0,3371.5456974082626,0.0,1042.869342122179,0.0,0.0,0.0,1239828.676355286,0.0,0.0,False,False,0.0,1.1920928955078125e-07,passed
duration,2023-02-23,7785267.25288675,3881638.2035921104,-11933.422373247433,3893571.6259653578,10357680.24991589,6476042.046323781,11666905.45647886,0.0,0.0,426.5666129468009,0.0,0,0,0,0,37500.0,0.0,21763.2409814056,0.0,1711.5571205313227,6605562.887250257,0.0,6605562.887250257,1179704.365636493,0.0,0.0,False,False,0.0,5.960464477539063e-08,passed
unweighted,2023-02-23,11031871.638002653,628933.7129962018,-16480.181730751923,645413.8947269537,10399635.835557172,9770702.12256097,11660805.350998854,0.0,0.0,604.4529964402318,0.0,0,0,0,0,37500.0,0.0,30501.41321538575,0.0,2027.9102592176782,9966116.16501219,0.0,9966116.16501219,1065755.4729904626,0.0,0.0,False,False,0.0,1.1920928955078125e-07,passed
constrained,2023-02-23,11727818.363289265,-67775.26689031106,-17888.97797623307,-49886.28891407799,10411915.186213858,10479690.45310417,11660043.096398953,0.0,0.0,642.58497415483,0.0,0,0,0,0,37500.0,0.0,32552.7017774079,0.0,2105.323207808831,10689284.262166254,0.0,10689284.262166254,1038534.1011230107,0.0,0.0,False,False,0.0,1.1920928955078125e-07,passed
unhedged,2023-02-24,1239896.6121731685,10315537.478233889,18687.845303867405,10296849.632930022,10315537.478233889,0.0,11555434.090407057,0.0,0.0,67.93581788241863,0.0,0,0,0,0,37500.0,0.0,3439.4815152906813,0.0,1042.869342122179,0.0,0.0,0.0,1239896.6121731685,0.0,0.0,False,False,0.0,1.1920928955078125e-07,passed
duration,2023-02-24,7785693.842873209,3878642.2793563027,-11883.903005819682,3890526.1823621225,10315537.478233889,6436895.198877587,11664336.122229513,0.0,0.0,426.5899864593521,0.0,0,0,0,0,37500.0,0.0,22189.830967864953,0.0,1711.5571205313227,6565633.1028551385,0.0,6565633.1028551385,1220060.7400180707,0.0,0.0,False,False,0.0,5.960464477539063e-08,passed
unweighted,2023-02-24,11032476.124119803,627737.4725055887,-16499.893578133637,644237.3660837223,10357065.19596574,9729327.72346015,11660213.596625391,0.0,0.0,604.4861171506345,0.0,0,0,0,0,37500.0,0.0,31105.899332536384,0.0,2027.9102592176782,9923914.277929354,0.0,9923914.277929354,1108561.8461904489,0.0,0.0,False,False,0.0,1.1920928955078125e-07,passed
constrained,2023-02-24,11728460.983473554,-67895.2381631581,-17924.937505276164,-49970.30065788193,10369220.94473111,10437116.182894269,11660565.745310396,0.0,0.0,642.6201842892915,0.0,0,0,0,0,37500.0,0.0,33195.32196169719,0.0,2105.323207808831,10645858.506552154,0.0,10645858.506552154,1082602.4769214,0.0,0.0,False,False,0.0,1.1920928955078125e-07,passed
unhedged,2023-02-27,1240100.4419626954,10333959.098994555,19744.475138121546,10314214.623856433,10333959.098994555,0.0,11574059.54095725,0.0,0.0,203.8297895269934,0.0,0,0,0,0,37500.0,0.0,3643.3113048176747,0.0,1042.869342122179,0.0,0.0,0.0,1240100.4419626954,0.0,0.0,False,False,0.0,1.1920928955078125e-07,passed
duration,2023-02-27,7786973.753086475,3880818.792608825,-11735.344903536445,3892554.1375123616,10333959.098994555,6453140.306385729,11667792.5456953,0.0,0.0,1279.910213265568,0.0,0,0,0,0,37500.0,0.0,23469.74118113052,0.0,1711.5571205313227,6582203.112513444,0.0,6582203.112513444,1204770.6405730303,0.0,0.0,False,False,0.0,5.960464477539063e-08,passed
unweighted,2023-02-27,11034289.781213678,628442.9316192884,-16559.029120278785,645001.9607395672,10375559.33334787,9747116.401728582,11662732.712832967,0.0,0.0,1813.6570938751101,0.0,0,0,0,0,37500.0,0.0,32919.556426411495,0.0,2027.9102592176782,9942058.729763154,0.0,9942058.729763154,1092231.0514505245,0.0,0.0,False,False,0.0,1.1920928955078125e-07,passed
constrained,2023-02-27,11730389.055306533,-67826.21243279318,-18032.81609240547,-49793.39634038771,10387736.870534718,10455563.08296751,11662562.842873741,0.0,0.0,1928.071832979098,0.0,0,0,0,0,37500.0,0.0,35123.39379467629,0.0,2105.323207808831,10664674.34462686,0.0,10664674.34462686,1065714.7106796727,0.0,0.0,False,False,0.0,1.1920928955078125e-07,passed
unhedged,2023-02-28,1240168.3926718445,10336443.730453262,20096.68508287293,10316347.045370389,10336443.730453262,0.0,11576612.123125106,0.0,0.0,67.95070914900862,0.0,0,0,0,0,37500.0,0.0,3711.2620139666833,0.0,1042.869342122179,0.0,0.0,0.0,1240168.3926718445,0.0,0.0,False,False,0.0,1.1920928955078125e-07,passed
duration,2023-02-28,7787400.4365797965,3879436.4586692993,-11685.825536108696,3891122.284205408,10336443.730453262,6457007.271783963,11666836.895249095,0.0,0.0,426.6834933217615,0.0,0,0,0,0,37500.0,0.0,23896.424674452282,0.0,1711.5571205313227,6586147.417219643,0.0,6586147.417219643,1201253.019360154,0.0,0.0,False,False,0.0,5.960464477539063e-08,passed
unweighted,2023-02-28,11034894.39983183,628534.7157184039,-16578.740967660495,645113.4566860644,10378076.14576269,9749541.430044286,11663429.115550233,0.0,0.0,604.618618151173,0.0,0,0,0,0,37500.0,0.0,33524.17504456267,0.0,2027.9102592176782,9944532.258645171,0.0,9944532.258645171,1090362.1411866583,0.0,0.0,False,False,0.0,1.1920928955078125e-07,passed
constrained,2023-02-28,11731031.816350661,-67752.84250087698,-18068.775621448563,-49684.06687942842,10390262.823414782,10458015.665915659,11663278.973849785,0.0,0.0,642.7610441278666,0.0,0,0,0,0,37500.0,0.0,35766.154838804156,0.0,2105.323207808831,10667175.979233973,0.0,10667175.979233973,1063855.8371166885,0.0,0.0,False,False,0.0,1.1920928955078125e-07,passed
unhedged,2023-03-01,1240236.3471043196,10289916.459407827,20448.89502762431,10269467.564380202,10289916.459407827,0.0,11530152.806512147,0.0,0.0,67.95443247514777,0.0,0.0,-0.0,0.0,0,37500.0,0.0,3779.216446441831,0.0,1042.869342122179,0.0,0.0,0.0,1240236.3471043196,0.0,0.0,False,False,0.0,1.1920928955078125e-07,passed
duration,2023-03-01,7797318.167411451,3870479.853188865,-11683.818571031617,3882163.6717598964,10289916.459407827,6419436.606218962,11667798.020600315,0.0,0.0,426.7068732380867,0.0,0.9491973155732176,9491.973155732176,9491.973155732176,0,37500.0,0.0,24323.13154769037,0.0,1712.5063178468959,6547825.338343341,0.0,6547825.338343341,1249492.8290681103,0.0,0.0,False,False,5.3221871354480754e-11,5.960464477539063e-08,passed
unweighted,2023-03-01,11223648.23488626,439309.1297463343,-16986.256827962,456295.3865742963,10337873.813613048,9898564.683866713,11662957.364632595,0.0,0.0,604.6517479363829,0.0,20.190234172166758,188169.37354066756,201902.34172166756,0,37500.0,0.0,34128.82679249905,0.0,2048.100493389845,10096535.977544047,0.0,10096535.977544047,1127112.2573422138,0.0,0.0,False,False,-6.605738178677711e-10,1.1920928955078125e-07,passed
constrained,2023-03-01,11772781.814975465,-108923.50951471046,-18147.689624021797,-90775.81989068867,10342051.60435759,10450975.1138723,11663858.305460755,0.0,0.0,642.79626391083,0.0,7.526852183312266,41114.72921307513,75268.52183312265,0,37500.0,0.0,36408.951102714986,0.0,2112.850059992143,10659994.616149748,0.0,10659994.616149748,1112787.198825717,0.0,0.0,False,False,8.503855397634652e-10,1.1920928955078125e-07,passed
unhedged,2023-03-02,1240304.3052603255,10259162.471506374,20801.10497237569,10238361.366533998,10259162.471506374,0.0,11499466.776766699,0.0,0.0,67.95815600594506,0.0,0,0,0,0,37500.0,0.0,3847.174602447776,0.0,1042.869342122179,0.0,0.0,0.0,1240304.3052603255,0.0,0.0,False,False,0.0,1.1920928955078125e-07,passed
duration,2023-03-02,7797745.417721995,3875467.8998912065,-11634.747433814722,3887102.647325021,10259162.471506374,6383694.571615168,11673213.317613201,0.0,0.0,427.25031054392457,0.0,0,0,0,0,37500.0,0.0,24750.381858234294,0.0,1712.5063178468959,6511368.463047472,0.0,6511368.463047472,1286376.9546745233,0.0,0.0,False,False,0.0,5.960464477539063e-08,passed
unweighted,2023-03-02,11224263.229310092,438835.46090073197,-17009.99164548184,455845.4525462138,10306689.140174454,9867853.679273723,11663098.690210823,0.0,0.0,614.9944238308817,0.0,0,0,0,0,37500.0,0.0,34743.82121632993,0.0,2048.100493389845,10065210.752859198,0.0,10065210.752859198,1159052.476450894,0.0,0.0,False,False,0.0,1.1920928955078125e-07,passed
constrained,2023-03-02,11773426.898910534,-109078.03404355588,-18184.078775739268,-90893.95526781661,10310830.28228804,10419908.316331595,11664348.864866978,0.0,0.0,645.0839350689203,0.0,0,0,0,0,37500.0,0.0,37054.035037783906,0.0,2112.850059992143,10628306.482658228,0.0,10628306.482658228,1145120.4162523057,0.0,0.0,False,False,0.0,1.1920928955078125e-07,passed
unhedged,2023-03-03,1240372.2671400658,10303037.568819584,21153.31491712707,10281884.253902458,10303037.568819584,0.0,11543409.83595965,0.0,0.0,67.96187974023633,0.0,0,0,0,0,37500.0,0.0,3915.1364821880125,0.0,1042.869342122179,0.0,0.0,0.0,1240372.2671400658,0.0,0.0,False,False,0.0,1.1920928955078125e-07,passed
duration,2023-03-03,7798172.691443514,3867970.374789534,-11585.676296597834,3879556.051086132,10303037.568819584,6435067.19403005,11666143.066233048,0.0,0.0,427.2737215189263,0.0,0,0,0,0,37500.0,0.0,25177.65557975322,0.0,1712.5063178468959,6563768.537910651,0.0,6563768.537910651,1234404.1535328627,0.0,0.0,False,False,0.0,5.960464477539063e-08,passed
unweighted,2023-03-03,11224878.257432245,439440.40111368435,-17033.726463001683,456474.12757668603,10351456.488121651,9912016.087007968,11664318.65854593,0.0,0.0,615.0281221531332,0.0,0,0,0,0,37500.0,0.0,35358.849338483065,0.0,2048.100493389845,10110256.408748128,0.0,10110256.408748128,1114621.8486841172,0.0,0.0,False,False,0.0,1.1920928955078125e-07,passed
constrained,2023-03-03,11774072.018192666,-109013.83405785133,-18220.467927456742,-90793.36613039458,10355672.370492892,10464686.204550743,11665058.184134815,0.0,0.0,645.1192821320146,0.0,0,0,0,0,37500.0,0.0,37699.15431991592,0.0,2112.850059992143,10673979.928641759,0.0,10673979.928641759,1100092.0895509068,0.0,0.0,False,False,0.0,1.1920928955078125e-07,passed
unhedged,2023-03-06,1240576.175123735,10314794.906739397,22209.944751381216,10292584.961988015,10314794.906739397,0.0,11555371.081863131,0.0,0.0,203.90798366931267,0.0,0,0,0,0,37500.0,0.0,4119.044465857325,0.0,1042.869342122179,0.0,0.0,0.0,1240576.175123735,0.0,0.0,False,False,0.0,1.1920928955078125e-07,passed
duration,2023-03-06,7799454.653086757,3851854.283069334,-11438.46288494716,3863292.745954281,10314794.906739397,6462940.623670063,11651308.93615609,0.0,0.0,1281.9616432432085,0.0,0,0,0,0,37500.0,0.0,26459.61722299643,0.0,1712.5063178468959,6592199.436143464,0.0,6592199.436143464,1207255.2169432929,0.0,0.0,False,False,0.0,5.960464477539063e-08,passed
unweighted,2023-03-06,11226723.544007124,438037.14561475685,-17104.930915561217,455142.07653031807,10363026.1570891,9924989.011474343,11664760.68962188,0.0,0.0,1845.2865748796612,0.0,0,0,0,0,37500.0,0.0,37204.13591336273,0.0,2048.100493389845,10123488.79170383,0.0,10123488.79170383,1103234.7523032948,0.0,0.0,False,False,0.0,1.1920928955078125e-07,passed
constrained,2023-03-06,11776007.588140823,-110053.90900271854,-18329.635382609165,-91724.27362010938,10367224.217035979,10477278.126038698,11665953.679138104,0.0,0.0,1935.5699481572956,0.0,0,0,0,0,37500.0,0.0,39634.724268073216,0.0,2112.850059992143,10686823.688559473,0.0,10686823.688559473,1089183.8995813504,0.0,0.0,False,False,0.0,1.1920928955078125e-07,passed
unhedged,2023-03-07,1240644.151900454,10299285.212026544,22562.1546961326,10276723.05733041,10299285.212026544,0.0,11539929.363926997,0.0,0.0,67.97677671886049,0.0,0,0,0,0,37500.0,0.0,4187.021242576186,0.0,1042.869342122179,0.0,0.0,0.0,1240644.151900454,0.0,0.0,False,False,0.0,1.1920928955078125e-07,passed
duration,2023-03-07,7799882.020465009,3854049.7204492623,-11389.391747730271,3865439.1121969926,10299285.212026544,6445235.491577282,11653931.74091427,0.0,0.0,427.3673782516271,0.0,0,0,0,0,37500.0,0.0,26886.984601248056,0.0,1712.5063178468959,6574140.201408828,0.0,6574140.201408828,1225741.8190561812,0.0,0.0,False,False,0.0,5.960464477539063e-08,passed
unweighted,2023-03-07,11227338.706941042,438995.79576286994,-17128.66573308106,456124.461495951,10347882.661953103,9908886.866190234,11666334.502703913,0.0,0.0,615.1629339177161,0.0,0,0,0,0,37500.0,0.0,37819.29884728044,0.0,2048.100493389845,10107064.60351404,0.0,10107064.60351404,1120274.1034270022,0.0,0.0,False,False,0.0,1.1920928955078125e-07,passed
constrained,2023-03-07,11776652.848830584,-108831.39023728887,-18366.02453432664,-90465.36570296223,10352116.80690786,10460948.19714515,11667821.458593296,0.0,0.0,645.2606897614896,0.0,0,0,0,0,37500.0,0.0,40279.984957834706,0.0,2112.850059992143,10670167.161088053,0.0,10670167.161088053,1106485.6877425313,0.0,0.0,False,False,0.0,1.1920928955078125e-07,passed
unhedged,2023-03-08,1240712.132401928,10292861.015614651,22914.364640883978,10269946.650973767,10292861.015614651,0.0,11533573.14801658,0.0,0.0,67.98050147411413,0.0,0,0,0,0,37500.0,0.0,4255.0017440503,0.0,1042.869342122179,0.0,0.0,0.0,1240712.132401928,0.0,0.0,False,False,0.0,1.1920928955078125e-07,passed
duration,2023-03-08,7800309.411260652,3849928.206784428,-11340.32061051338,3861268.5273949415,10292861.015614651,6442932.808830223,11650237.61804508,0.0,0.0,427.3907956434414,0.0,0,0,0,0,37500.0,0.0,27314.375396891497,0.0,1712.5063178468959,6571791.465006827,0.0,6571791.465006827,1228517.946253825,0.0,0.0,False,False,0.0,5.960464477539063e-08,passed
unweighted,2023-03-08,11227953.90358252,438743.93293669133,-17152.400550600905,455896.3334872922,10341495.10013466,9902751.167197969,11666697.836519212,0.0,0.0,615.1966414786875,0.0,0,0,0,0,37500.0,0.0,38434.49548875913,0.0,2048.100493389845,10100806.190541929,0.0,10100806.190541929,1127147.7130405921,0.0,0.0,False,False,0.0,1.1920928955078125e-07,passed
constrained,2023-03-08,11777298.144877099,-108830.53765493339,-18402.413686044114,-90428.12396888927,10345732.396245185,10454562.933900118,11668467.607222166,0.0,0.0,645.2960465140641,0.0,0,0,0,0,37500.0,0.0,40925.28100434877,0.0,2112.850059992143,10663654.19257812,0.0,10663654.19257812,1113643.9522989783,0.0,0.0,False,False,0.0,1.1920928955078125e-07,passed
unhedged,2023-03-09,1240780.1166283612,10337684.296028707,23266.574585635357,10314417.721443072,10337684.296028707,0.0,11578464.412657069,0.0,0.0,67.98422643309459,0.0,0,0,0,0,37500.0,0.0,4322.985970483394,0.0,1042.869342122179,0.0,0.0,0.0,1240780.1166283612,0.0,0.0,False,False,0.0,1.1920928955078125e-07,passed
duration,2023-03-09,7800736.825474968,3859496.414749855,-11291.249473296486,3870787.6642231517,10337684.296028707,6478187.881278852,11660233.240224823,0.0,0.0,427.4142143158242,0.0,0,0,0,0,37500.0,0.0,27741.78961120732,0.0,1712.5063178468959,6607751.638904429,0.0,6607751.638904429,1192985.1865705391,0.0,0.0,False,False,0.0,5.960464477539063e-08,passed
unweighted,2023-03-09,11228569.133933403,439838.9427399386,-17176.135368120747,457015.07810805936,10386431.30320031,9946592.36046037,11668408.076673342,0.0,0.0,615.230350881815,0.0,0,0,0,0,37500.0,0.0,39049.725839640945,0.0,2048.100493389845,10145524.207669578,0.0,10145524.207669578,1083044.926263824,0.0,0.0,False,False,0.0,1.1920928955078125e-07,passed
constrained,2023-03-09,11777943.476282297,-108860.56421854257,-18438.80283776159,-90421.76138078098,10390679.663225416,10499540.227443958,11669082.912063753,0.0,0.0,645.3314051982015,0.0,0,0,0,0,37500.0,0.0,41570.61240954697,0.0,2112.850059992143,10709531.031992838,0.0,10709531.031992838,1068412.444289459,0.0,0.0,False,False,0.0,1.1920928955078125e-07,passed
unhedged,2023-03-10,1240848.1045799574,10465385.044726525,23618.784530386743,10441766.260196138,10465385.044726525,0.0,11706233.149306482,0.0,0.0,67.98795159626752,0.0,0,0,0,0,37500.0,0.0,4390.973922079662,0.0,1042.869342122179,0.0,0.0,0.0,1240848.1045799574,0.0,0.0,False,False,0.0,1.1920928955078125e-07,passed
duration,2023-03-10,7801164.26310924,3859483.398135379,-11242.178336079598,3870725.5764714587,10465385.044726525,6605901.6465911465,11660647.66124462,0.0,0.0,427.43763427156955,0.0,0,0,0,0,37500.0,0.0,28169.22724547889,0.0,1712.5063178468959,6738019.67952297,0.0,6738019.67952297,1063144.58358627,0.0,0.0,False,False,0.0,5.960464477539063e-08,passed
unweighted,2023-03-10,11229184.397995535,442021.33498747833,-17199.87018564059,459221.2051731189,10515696.451561127,10073675.116573649,11671205.732983014,0.0,0.0,615.2640621326864,0.0,0,0,0,0,37500.0,0.0,39664.98990177363,0.0,2048.100493389845,10275148.618905121,0.0,10275148.618905121,954035.7790904138,0.0,0.0,False,False,0.0,1.1920928955078125e-07,passed
constrained,2023-03-10,11778588.84304812,-109087.62692340199,-18475.191989479063,-90612.43493392292,10520079.895371454,10629167.522294857,11669501.216124717,0.0,0.0,645.3667658232152,0.0,0,0,0,0,37500.0,0.0,42215.97917537019,0.0,2112.850059992143,10841750.872740755,0.0,10841750.872740755,936837.9703073651,0.0,0.0,False,False,0.0,1.1920928955078125e-07,passed
unhedged,2023-03-13,1241052.0907877658,10585095.910671629,24675.414364640885,10560420.496306987,10585095.910671629,0.0,11826148.001459396,0.0,0.0,203.9862078083679,0.0,0,0,0,0,37500.0,0.0,4594.96012988803,0.0,1042.869342122179,0.0,0.0,0.0,1241052.0907877658,0.0,0.0,False,False,0.0,1.1920928955078125e-07,passed
duration,2023-03-13,7802446.716544635,3890836.475416485,-11094.96492442892,3901931.4403409143,10585095.910671629,6694259.435255144,11693283.19196112,0.0,0.0,1282.453435394913,0.0,0,0,0,0,37500.0,0.0,29451.680680873804,0.0,1712.5063178468959,6828144.623960246,0.0,6828144.623960246,974302.0925843883,0.0,0.0,False,False,0.0,5.960464477539063e-08,passed
unweighted,2023-03-13,11231030.392467922,444723.53479852626,-17271.07463820012,461994.6094367264,10635750.997533847,10191027.46273532,11675753.927266449,0.0,0.0,1845.9944723863155,0.0,0,0,0,0,37500.0,0.0,41510.98437415995,0.0,2048.100493389845,10394848.011990026,0.0,10394848.011990026,836182.380477896,0.0,0.0,False,False,0.0,1.1920928955078125e-07,passed
constrained,2023-03-13,11780525.15552872,-110356.98608725627,-18584.359444631482,-91772.62664262479,10640165.421750022,10750522.40783728,11670168.169441463,0.0,0.0,1936.3124806005508,0.0,0,0,0,0,37500.0,0.0,44152.29165597074,0.0,2112.850059992143,10965532.855994025,0.0,10965532.855994025,814992.2995346952,0.0,0.0,False,False,0.0,1.1920928955078125e-07,passed
unhedged,2023-03-14,1241120.0936420555,10538059.157232711,25027.624309392264,10513031.532923318,10538059.157232711,0.0,11779179.250874767,0.0,0.0,68.00285428971983,0.0,0,0,0,0,37500.0,0.0,4662.96298417775,0.0,1042.869342122179,0.0,0.0,0.0,1241120.0936420555,0.0,0.0,False,False,0.0,1.1920928955078125e-07,passed
duration,2023-03-14,7802874.247871569,3882224.3798913993,-11045.893787212033,3893270.2736786115,10538059.157232711,6655834.777341313,11685098.62776297,0.0,0.0,427.53132693469524,0.0,0,0,0,0,37500.0,0.0,29879.2120078085,0.0,1712.5063178468959,6788951.472888139,0.0,6788951.472888139,1013922.7749834303,0.0,0.0,False,False,0.0,5.960464477539063e-08,passed
unweighted,2023-03-14,11231645.791393539,443610.8997348579,-17294.809455719966,460905.70919057785,10588217.887155224,10144606.987420365,11675256.691128397,0.0,0.0,615.3989256173372,0.0,0,0,0,0,37500.0,0.0,42126.383299777284,0.0,2048.100493389845,10347499.127168773,0.0,10347499.127168773,884146.6642247662,0.0,0.0,False,False,0.0,1.1920928955078125e-07,passed
constrained,2023-03-14,11781170.66375642,-110191.21865244789,-18620.748596348956,-91570.47005609893,10592590.745457051,10702781.964109499,11670979.445103973,0.0,0.0,645.5082277003676,0.0,0,0,0,0,37500.0,0.0,44797.799883671105,0.0,2112.850059992143,10916837.603391688,0.0,10916837.603391688,864333.0603647325,0.0,0.0,False,False,0.0,1.1920928955078125e-07,passed
unhedged,2023-03-15,1241188.1002225291,10624016.551432136,25379.834254143647,10598636.717177993,10624016.551432136,0.0,11865204.651654666,0.0,0.0,68.00658047362231,0.0,0,0,0,0,37500.0,0.0,4730.969564651372,0.0,1042.869342122179,0.0,0.0,0.0,1241188.1002225291,0.0,0.0,False,False,0.0,1.1920928955078125e-07,passed
duration,2023-03-15,7803301.8026248785,3893920.8908402873,-10996.82264999514,3904917.7134902827,10624016.551432136,6730095.660591848,11697222.693465166,0.0,0.0,427.55475330911577,0.0,0,0,0,0,37500.0,0.0,30306.766761117615,0.0,1712.5063178468959,6864697.573803686,0.0,6864697.573803686,938604.2288211929,0.0,0.0,False,False,0.0,5.960464477539063e-08,passed
unweighted,2023-03-15,11232261.224039644,445473.2111351994,-17318.544273239808,462791.7554084392,10674892.420741525,10229419.209606325,11677734.435174843,0.0,0.0,615.4326461050659,0.0,0,0,0,0,37500.0,0.0,42741.81594588235,0.0,2048.100493389845,10434007.593798451,0.0,10434007.593798451,798253.6302411929,0.0,0.0,False,False,0.0,1.1920928955078125e-07,passed
constrained,2023-03-15,11781816.207354438,-110623.54257281046,-18657.137748066427,-91966.40482474404,10679327.783009851,10789951.325582663,11671192.664781626,0.0,0.0,645.543598016724,0.0,0,0,0,0,37500.0,0.0,45443.34348168783,0.0,2112.850059992143,11005750.352094317,0.0,11005750.352094317,776065.8552601207,0.0,0.0,False,False,0.0,1.1920928955078125e-07,passed
unhedged,2023-03-16,1241256.1105293906,10575506.018832522,25732.044198895026,10549773.974633627,10575506.018832522,0.0,11816762.129361913,0.0,0.0,68.01030686148442,0.0,0,0,0,0,37500.0,0.0,4798.979871512856,0.0,1042.869342122179,0.0,0.0,0.0,1241256.1105293906,0.0,0.0,False,False,0.0,1.1920928955078125e-07,passed
duration,2023-03-16,7803729.380805845,3881232.5061664367,-10947.751512778246,3892180.257679215,10575506.018832522,6694273.512666085,11684961.886972282,0.0,0.0,427.5781809668988,0.0,0,0,0,0,37500.0,0.0,30734.344942084514,0.0,1712.5063178468959,6828158.982919407,0.0,6828158.982919407,975570.3978864383,0.0,0.0,False,False,0.0,5.960464477539063e-08,passed
unweighted,2023-03-16,11232876.690408085,444547.35619371646,-17342.27909075965,461889.6352844761,10625865.443752918,10181318.0875592,11677424.0466018,0.0,0.0,615.4663684405386,0.0,0,0,0,0,37500.0,0.0,43357.28231432289,0.0,2048.100493389845,10384944.449310385,0.0,10384944.449310385,847932.2410976999,0.0,0.0,False,False,0.0,1.1920928955078125e-07,passed
constrained,2023-03-16,11782461.786324704,-110105.59227431117,-18693.526899783905,-91412.06537452727,10630248.236369155,10740353.828643467,11672356.194050392,0.0,0.0,645.5789702665061,0.0,0,0,0,0,37500.0,0.0,46088.922451954335,0.0,2112.850059992143,10955160.905216336,0.0,10955160.905216336,827300.8811083678,0.0,0.0,False,False,0.0,1.1920928955078125e-07,passed
unhedged,2023-03-17,1241324.1245628446,10679325.632096043,26084.25414364641,10653241.377952397,10679325.632096043,0.0,11920649.756658887,0.0,0.0,68.01403345400468,0.0,0,0,0,0,37500.0,0.0,4866.993904966861,0.0,1042.869342122179,0.0,0.0,0.0,1241324.1245628446,0.0,0.0,False,False,0.0,1.1920928955078125e-07,passed
duration,2023-03-17,7804156.9824157525,3900020.963600752,-10898.68037556136,3910919.6439763135,10679325.632096043,6779304.668495291,11704177.946016505,0.0,0.0,427.601609907113,0.0,0,0,0,0,37500.0,0.0,31161.946551991627,0.0,1712.5063178468959,6914890.761865197,0.0,6914890.761865197,889266.2205505557,0.0,0.0,False,False,0.0,5.960464477539063e-08,passed
unweighted,2023-03-17,11233492.19050071,446848.53305712214,-17366.013908279496,464214.5469654016,10730705.885360736,10283857.352303613,11680340.723557832,0.0,0.0,615.500092625618,0.0,0,0,0,0,37500.0,0.0,43972.78240694851,0.0,2048.100493389845,10489534.499349685,0.0,10489534.499349685,743957.6911510248,0.0,0.0,False,False,0.0,1.1920928955078125e-07,passed
constrained,2023-03-17,11783107.400669161,-110395.64572401997,-18729.916051501375,-91665.72967251859,10735183.211499846,10845578.857223865,11672711.75494514,0.0,0.0,645.6143444571644,0.0,0,0,0,0,37500.0,0.0,46734.5367964115,0.0,2112.850059992143,11062490.434368342,0.0,11062490.434368342,720616.9663008191,0.0,0.0,False,False,0.0,1.1920928955078125e-07,passed
unhedged,2023-03-20,1241528.189024801,10628149.68823952,27140.883977900554,10601008.80426162,10628149.68823952,0.0,11869677.87726432,0.0,0.0,204.0644619562663,0.0,0,0,0,0,37500.0,0.0,5071.058366923127,0.0,1042.869342122179,0.0,0.0,0.0,1241528.189024801,0.0,0.0,False,False,0.0,1.1920928955078125e-07,passed
duration,2023-03-20,7805439.927831963,3898797.5914670667,-10751.466963910674,3909549.058430977,10628149.68823952,6729352.096772454,11704237.51929903,0.0,0.0,1282.9454162102193,0.0,0,0,0,0,37500.0,0.0,32444.891968201846,0.0,1712.5063178468959,6863939.138707903,0.0,6863939.138707903,941500.7891240595,0.0,0.0,False,False,0.0,5.960464477539063e-08,passed
unweighted,2023-03-20,11235338.893142177,445825.2611795472,-17437.21836083902,463262.4795403862,10679045.51242959,10233220.251250042,11681164.154321725,0.0,0.0,1846.7026414666325,0.0,0,0,0,0,37500.0,0.0,45819.48504841514,0.0,2048.100493389845,10437884.656275043,0.0,10437884.656275043,797454.2368671335,0.0,0.0,False,False,0.0,1.1920928955078125e-07,passed
constrained,2023-03-20,11785044.455967057,-110545.63733246768,-18839.083506653795,-91706.55382581388,10683481.48669433,10794027.124026798,11674498.81863459,0.0,0.0,1937.055297896266,0.0,0,0,0,0,37500.0,0.0,48671.592094307765,0.0,2112.850059992143,11009907.666507334,0.0,11009907.666507334,775136.789459724,0.0,0.0,False,False,0.0,1.1920928955078125e-07,passed
unhedged,2023-03-21,1241596.2179666653,10559169.168923443,27493.093922651933,10531676.07500079,10559169.168923443,0.0,11800765.386890108,0.0,0.0,68.02894186438061,0.0,0,0,0,0,37500.0,0.0,5139.087308787508,0.0,1042.869342122179,0.0,0.0,0.0,1241596.2179666653,0.0,0.0,False,False,0.0,1.1920928955078125e-07,passed
duration,2023-03-21,7805867.623170474,3888564.9722313075,-10702.395826693792,3899267.368058001,10559169.168923443,6670604.196692135,11694432.59540178,0.0,0.0,427.6953385109082,0.0,0,0,0,0,37500.0,0.0,32872.587306712754,0.0,1712.5063178468959,6804016.280625978,0.0,6804016.280625978,1001851.3425444961,0.0,0.0,False,False,0.0,5.960464477539063e-08,passed
unweighted,2023-03-21,11235954.528150018,444427.99562546186,-17460.953178358865,461888.9488038207,10609452.09844689,10165024.102821428,11680382.52377548,0.0,0.0,615.6350078415126,0.0,0,0,0,0,37500.0,0.0,46435.12005625665,0.0,2048.100493389845,10368324.584877858,0.0,10368324.584877858,867629.9432721604,0.0,0.0,False,False,0.0,1.1920928955078125e-07,passed
constrained,2023-03-21,11785690.211827656,-110203.67176434281,-18875.47265837127,-91328.19910597155,10613834.767023992,10724038.438788336,11675486.540063314,0.0,0.0,645.7558605987579,0.0,0,0,0,0,37500.0,0.0,49317.34795490652,0.0,2112.850059992143,10938519.207564102,0.0,10938519.207564102,847171.0042635538,0.0,0.0,False,False,0.0,1.1920928955078125e-07,passed
unhedged,2023-03-22,1241664.250636143,10637037.595442642,27845.303867403312,10609192.291575238,10637037.595442642,0.0,11878701.846078785,0.0,0.0,68.0326694776304,0.0,0,0,0,0,37500.0,0.0,5207.119978265138,0.0,1042.869342122179,0.0,0.0,0.0,1241664.250636143,0.0,0.0,False,False,0.0,1.1920928955078125e-07,passed
duration,2023-03-22,7806295.341944347,3900205.44760649,-10653.324689476898,3910858.7722959667,10637037.595442642,6736832.1478361515,11706500.789550837,0.0,0.0,427.7187738735229,0.0,0,0,0,0,37500.0,0.0,33300.30608058628,0.0,1712.5063178468959,6871568.790792875,0.0,6871568.790792875,934726.5511514721,0.0,0.0,False,False,0.0,5.960464477539063e-08,passed
unweighted,2023-03-22,11236570.196891287,446290.590055176,-17484.68799587871,463775.2780510547,10687800.05916936,10241509.469114184,11682860.786946462,0.0,0.0,615.6687412690371,0.0,0,0,0,0,37500.0,0.0,47050.78879752569,0.0,2048.100493389845,10446339.658496467,0.0,10446339.658496467,790230.53839482,0.0,0.0,False,False,0.0,1.1920928955078125e-07,passed
constrained,2023-03-22,11786336.003072143,-110099.04462977407,-18911.861810088747,-91187.18281968532,10692224.471619567,10802323.516249342,11676236.958442368,0.0,0.0,645.7912444863468,0.0,0,0,0,0,37500.0,0.0,49963.13919939287,0.0,2112.850059992143,11018369.98657433,0.0,11018369.98657433,767966.0164978132,0.0,0.0,False,False,0.0,1.1920928955078125e-07,passed
unhedged,2023-03-23,1241732.2870334382,10705493.470377734,28197.513812154695,10677295.95656558,10705493.470377734,0.0,11947225.757411173,0.0,0.0,68.0363972953055,0.0,0,0,0,0,37500.0,0.0,5275.156375560444,0.0,1042.869342122179,0.0,0.0,0.0,1241732.2870334382,0.0,0.0,False,False,0.0,1.1920928955078125e-07,passed
duration,2023-03-23,7806723.084154865,3909346.2083052,-10604.253552260005,3919950.46185746,10705493.470377734,6796147.262072534,11716069.292460065,0.0,0.0,427.74221051763743,0.0,0,0,0,0,37500.0,0.0,33728.048291103914,0.0,1712.5063178468959,6932070.207313986,0.0,6932070.207313986,874652.8768408792,0.0,0.0,False,False,0.0,5.960464477539063e-08,passed
unweighted,2023-03-23,11237185.89936783,447660.2597678073,-17508.422813398553,465168.68258120585,10756644.638670629,10308984.37890282,11684846.159135638,0.0,0.0,615.702476542443,0.0,0,0,0,0,37500.0,0.0,47666.49127406813,0.0,2048.100493389845,10515164.066480877,0.0,10515164.066480877,722021.8328869529,0.0,0.0,False,False,0.0,1.1920928955078125e-07,passed
constrained,2023-03-23,11786981.829702448,-110340.18613434359,-18948.250961806218,-91391.93517253737,10761104.707875445,10871444.89400979,11676641.643568104,0.0,0.0,645.8266303054988,0.0,0,0,0,0,37500.0,0.0,50608.96582969837,0.0,2112.850059992143,11088873.791889986,0.0,11088873.791889986,698108.0378124621,0.0,0.0,False,False,0.0,1.1920928955078125e-07,passed
unhedged,2023-03-24,1241800.327158755,10704512.259516602,28549.72375690608,10675962.535759697,10704512.259516602,0.0,11946312.586675357,0.0,0.0,68.04012531670742,0.0,0,0,0,0,37500.0,0.0,5343.196500877151,0.0,1042.869342122179,0.0,0.0,0.0,1241800.327158755,0.0,0.0,False,False,0.0,1.1920928955078125e-07,passed
duration,2023-03-24,7807150.849803314,3908623.377945101,-10555.182415043115,3919178.560360144,10704512.259516602,6795888.8815715015,11715774.227748415,0.0,0.0,427.7656484488398,0.0,0,0,0,0,37500.0,0.0,34155.813939552754,0.0,1712.5063178468959,6931806.659202931,0.0,6931806.659202931,875344.1906003822,0.0,0.0,False,False,0.0,5.960464477539063e-08,passed
unweighted,2023-03-24,11237801.635581497,447600.46206169046,-17532.157630918395,465132.61969260883,10755762.936868338,10308162.474806648,11685402.097643187,0.0,0.0,615.7362136673182,0.0,0,0,0,0,37500.0,0.0,48282.22748773545,0.0,2048.100493389845,10514325.724302782,0.0,10514325.724302782,723475.9112787154,0.0,0.0,False,False,0.0,1.1920928955078125e-07,passed
constrained,2023-03-24,11787627.691720515,-110485.00328927943,-18984.64011352369,-91500.36317575575,10760231.241676293,10870716.244965574,11677142.688431237,0.0,0.0,645.8620180673897,0.0,0,0,0,0,37500.0,0.0,51254.82784776576,0.0,2112.850059992143,11088130.569864886,0.0,11088130.569864886,699497.1218556296,0.0,0.0,False,False,0.0,1.1920928955078125e-07,passed
unhedged,2023-03-27,1242004.4699048793,10619303.62882954,29606.353591160223,10589697.27523838,10619303.62882954,0.0,11861308.09873442,0.0,0.0,204.1427461244166,0.0,0,0,0,0,37500.0,0.0,5547.339247001568,0.0,1042.869342122179,0.0,0.0,0.0,1242004.4699048793,0.0,0.0,False,False,0.0,1.1920928955078125e-07,passed
duration,2023-03-27,7808434.287389074,3904135.919461989,-10407.969003392434,3914543.888465381,10619303.62882954,6715167.709367552,11712570.206851063,0.0,0.0,1283.4375857608393,0.0,0,0,0,0,37500.0,0.0,35439.25152531359,0.0,1712.5063178468959,6849471.063554903,0.0,6849471.063554903,958963.2238341719,0.0,0.0,False,False,0.0,5.960464477539063e-08,passed
unweighted,2023-03-27,11239649.04666371,446016.0142272858,-17603.36208347792,463619.3763107637,10669587.400939615,10223571.38671233,11685665.060890997,0.0,0.0,1847.4110822137445,0.0,0,0,0,0,37500.0,0.0,50129.638569949195,0.0,2048.100493389845,10428042.814446576,0.0,10428042.814446576,811606.2322171349,0.0,0.0,False,False,0.0,1.1920928955078125e-07,passed
constrained,2023-03-27,11789565.490120672,-110372.92590952637,-19093.80756867611,-91279.11834085025,10673973.235927543,10784346.16183707,11679192.564211145,0.0,0.0,1937.7984001562,0.0,0,0,0,0,37500.0,0.0,53192.62624792196,0.0,2112.850059992143,11000033.08507381,0.0,11000033.08507381,789532.4050468616,0.0,0.0,False,False,0.0,1.1920928955078125e-07,passed
unhedged,2023-03-28,1242072.5249443264,10606593.843040373,29958.563535911606,10576635.279504461,10606593.843040373,0.0,11848666.3679847,0.0,0.0,68.05503944703378,0.0,0,0,0,0,37500.0,0.0,5615.394286448602,0.0,1042.869342122179,0.0,0.0,0.0,1242072.5249443264,0.0,0.0,False,False,0.0,1.1920928955078125e-07,passed
duration,2023-03-28,7808862.146802083,3899706.569222205,-10358.897866175546,3910065.4670883804,10606593.843040373,6706887.273818169,11708568.716024287,0.0,0.0,427.8594130082056,0.0,0,0,0,0,37500.0,0.0,35867.1109383218,0.0,1712.5063178468959,6841025.019294532,0.0,6841025.019294532,967837.1275075506,0.0,0.0,False,False,0.0,5.960464477539063e-08,passed
unweighted,2023-03-28,11240264.91784435,445763.66386566864,-17627.096900997767,463390.7607666664,10656848.202051908,10211084.53818624,11686028.581710018,0.0,0.0,615.8711806386709,0.0,0,0,0,0,37500.0,0.0,50745.509750587866,0.0,2048.100493389845,10415306.228949964,0.0,10415306.228949964,824958.6888943855,0.0,0.0,False,False,0.0,1.1920928955078125e-07,passed
constrained,2023-03-28,11790211.493709171,-110269.60555306381,-19130.196720393586,-91139.40883267022,10661231.01749148,10771500.623044545,11679941.888156107,0.0,0.0,646.0035884995013,0.0,0,0,0,0,37500.0,0.0,53838.62983642146,0.0,2112.850059992143,10986930.635505436,0.0,10986930.635505436,803280.8582037352,0.0,0.0,False,False,0.0,1.1920928955078125e-07,passed
unhedged,2023-03-29,1242140.5837128165,10594104.530581487,30310.77348066298,10563793.757100824,10594104.530581487,0.0,11836245.114294304,0.0,0.0,68.05876849009655,0.0,0,0,0,0,37500.0,0.0,5683.453054938698,0.0,1042.869342122179,0.0,0.0,0.0,1242140.5837128165,0.0,0.0,False,False,0.0,1.1920928955078125e-07,passed
duration,2023-03-29,7809290.029659441,3899017.1194406655,-10309.826728958658,3909326.946169624,10594104.530581487,6695087.411140822,11708307.149100106,0.0,0.0,427.88285735808313,0.0,0,0,0,0,37500.0,0.0,36294.99379567988,0.0,1712.5063178468959,6828989.159363639,0.0,6828989.159363639,980300.8702958021,0.0,0.0,False,False,0.0,5.960464477539063e-08,passed
unweighted,2023-03-29,11240880.822771354,445549.82700331014,-17650.831718517613,463200.6587218278,10644267.74407848,10198717.91707517,11686430.649774663,0.0,0.0,615.9049270041287,0.0,0,0,0,0,37500.0,0.0,51361.414677591994,0.0,2048.100493389845,10402692.275416674,0.0,10402692.275416674,838188.5473546796,0.0,0.0,False,False,0.0,1.1920928955078125e-07,passed
constrained,2023-03-29,11790857.532695128,-110251.2814085631,-19166.585872111064,-91084.69553645203,10648642.358065708,10758893.63947427,11680606.251286564,0.0,0.0,646.0389859564602,0.0,0,0,0,0,37500.0,0.0,54484.66882237792,0.0,2112.850059992143,10974071.512263756,0.0,10974071.512263756,816786.0204313714,0.0,0.0,False,False,0.0,1.1920928955078125e-07,passed
unhedged,2023-03-30,1242208.6462105543,10603162.673287688,30662.983425414364,10572499.689862274,10603162.673287688,0.0,11845371.319498243,0.0,0.0,68.06249773781747,0.0,0,0,0,0,37500.0,0.0,5751.515552676516,0.0,1042.869342122179,0.0,0.0,0.0,1242208.6462105543,0.0,0.0,False,False,0.0,1.1920928955078125e-07,passed
duration,2023-03-30,7809717.935962437,3896472.649940167,-10260.755591741772,3906733.405531909,10603162.673287688,6706690.023347521,11706190.585902603,0.0,0.0,427.9063029959798,0.0,0,0,0,0,37500.0,0.0,36722.90009867586,0.0,1712.5063178468959,6840823.823814472,0.0,6840823.823814472,968894.1121479645,0.0,0.0,False,False,0.0,5.960464477539063e-08,passed
unweighted,2023-03-30,11241496.761446575,445723.15330852143,-17674.56653603746,463397.7198445589,10653560.402905844,10207837.249597322,11687219.914755097,0.0,0.0,615.9386752210557,0.0,0,0,0,0,37500.0,0.0,51977.35335281305,0.0,2048.100493389845,10411993.99458927,0.0,10411993.99458927,829502.7668573055,0.0,0.0,False,False,0.0,1.1920928955078125e-07,passed
constrained,2023-03-30,11791503.607080482,-110079.91466061192,-19202.975023828534,-90876.93963678338,10657954.226456933,10768034.141117543,11681423.69241987,0.0,0.0,646.0743853542954,0.0,0,0,0,0,37500.0,0.0,55130.743207732216,0.0,2112.850059992143,10983394.823939893,0.0,10983394.823939893,808108.7831405886,0.0,0.0,False,False,0.0,1.1920928955078125e-07,passed
unhedged,2023-03-31,1242276.7124377443,10637044.699786384,31015.193370165747,10606029.506416218,10637044.699786384,0.0,11879321.412224129,0.0,0.0,68.06622718996368,0.0,0,0,0,0,37500.0,0.0,5819.581779866479,0.0,1042.869342122179,0.0,0.0,0.0,1242276.7124377443,0.0,0.0,False,False,0.0,1.1920928955078125e-07,passed
duration,2023-03-31,7810145.865712354,3895949.0041298345,-10211.684454524875,3906160.6885843594,10637044.699786384,6741095.695656549,11706094.869842188,0.0,0.0,427.92974991723895,0.0,0,0,0,0,37500.0,0.0,37150.8298485931,0.0,1712.5063178468959,6875917.60956968,0.0,6875917.60956968,934228.256142674,0.0,0.0,False,False,0.0,5.960464477539063e-08,passed
unweighted,2023-03-31,11242112.733871862,446312.16207082773,-17698.301353557297,464010.46342438506,10687982.989123207,10241670.827052379,11688424.89594269,0.0,0.0,615.9724252875894,0.0,0,0,0,0,37500.0,0.0,52593.32577810064,0.0,2048.100493389845,10446504.243593426,0.0,10446504.243593426,795608.4902784359,0.0,0.0,False,False,0.0,1.1920928955078125e-07,passed
constrained,2023-03-31,11792149.716867173,-110022.14817027612,-19239.364175546005,-90782.78399473013,10692422.566180801,10802444.714351077,11682127.568696897,0.0,0.0,646.1097866911441,0.0,0,0,0,0,37500.0,0.0,55776.85299442336,0.0,2112.850059992143,11018493.608638098,0.0,11018493.608638098,773656.1082290746,0.0,0.0,False,False,0.0,1.1920928955078125e-07,passed
unhedged,2023-04-03,1242480.9334980685,10676062.028949173,32071.823204419885,10643990.205744753,10676062.028949173,0.0,11918542.962447241,0.0,0.0,204.22106032422744,0.0,0.0,-0.0,0.0,0,37500.0,0.0,6023.802840190707,0.0,1042.869342122179,0.0,0.0,0.0,1242480.9334980685,0.0,0.0,False,False,0.0,1.1920928955078125e-07,passed
duration,2023-04-03,7726475.607874449,3984851.782389373,-9536.251687230057,3994388.034076603,10676062.028949173,6691210.246559801,11711327.390263822,0.0,0.0,1283.9299441212788,0.0,8.494569321270475,-84945.69321270475,84945.69321270475,0,37500.0,0.0,38434.75979271438,0.0,1721.0008871681664,6825034.451490996,0.0,6825034.451490996,901441.1563834529,0.0,0.0,False,False,1.220286094394396e-10,5.960464477539063e-08,passed
unweighted,2023-04-03,11450226.69091858,240955.35843072576,-18318.43704409246,259273.7954748182,10734700.213753596,10493744.855322871,11691182.049349306,0.0,0.0,1848.1197947375476,0.0,22.182078047487828,206288.0193300269,221820.78047487827,0,37500.0,0.0,54441.44557283819,0.0,2070.2825714373325,10703619.752429329,0.0,10703619.752429329,746606.9384892508,0.0,0.0,False,False,4.4348524852466653e-10,1.1920928955078125e-07,passed
constrained,2023-04-03,11835233.562294055,-151092.65355378282,-19372.904299010996,-131719.74925477183,10735800.696856009,10886893.35040979,11684140.908740273,0.0,0.0,1938.5417874865234,0.0,13.67342197996148,41158.977061375794,136734.2197996148,0,37500.0,0.0,57715.39478190988,0.0,2126.5234819721045,11104631.217417987,0.0,11104631.217417987,730602.3448760677,0.0,0.0,False,False,-6.697664645116674e-10,1.1920928955078125e-07,passed
unhedged,2023-04-04,1242549.0146451097,10730857.177574862,32424.03314917127,10698433.14442569,10730857.177574862,0.0,11973406.19221997,0.0,0.0,68.08114704117179,0.0,0,0,0,0,37500.0,0.0,6091.883987231879,0.0,1042.869342122179,0.0,0.0,0.0,1242549.0146451097,0.0,0.0,False,False,0.0,1.1920928955078125e-07,passed
duration,2023-04-04,7726898.976400909,3991682.1690535527,-9483.380410763923,4001165.5494643166,10730857.177574862,6739175.008521309,11718581.145454463,0.0,0.0,423.36852645967156,0.0,0,0,0,0,37500.0,0.0,38858.12831917405,0.0,1721.0008871681664,6873958.508691736,0.0,6873958.508691736,852940.4677091734,0.0,0.0,False,False,0.0,5.960464477539063e-08,passed
unweighted,2023-04-04,11450854.100600274,241769.0479183747,-18346.41425230146,260115.46217067615,10789971.087337282,10548202.039418906,11692623.14851865,0.0,0.0,627.4096816945821,0.0,0,0,0,0,37500.0,0.0,55068.85525453277,0.0,2070.2825714373325,10759166.080207285,0.0,10759166.080207285,691688.0203929897,0.0,0.0,False,False,0.0,1.1920928955078125e-07,passed
constrained,2023-04-04,11835882.068242675,-151061.13503293926,-19409.394452384306,-131651.74058055496,10791080.498534575,10942141.633567514,11684820.933209736,0.0,0.0,648.505948619917,0.0,0,0,0,0,37500.0,0.0,58363.9007305298,0.0,2126.5234819721045,11160984.466238864,0.0,11160984.466238864,674897.6020038109,0.0,0.0,False,False,0.0,1.1920928955078125e-07,passed
unhedged,2023-04-05,1242617.0995226244,10754342.34078997,32776.243093922654,10721566.097696047,10754342.34078997,0.0,11996959.440312594,0.0,0.0,68.08487751474604,0.0,0,0,0,0,37500.0,0.0,6159.968864746625,0.0,1042.869342122179,0.0,0.0,0.0,1242617.0995226244,0.0,0.0,False,False,0.0,1.1920928955078125e-07,passed
duration,2023-04-05,7727322.368125643,3990530.5434538852,-9430.50913429779,3999961.052588183,10754342.34078997,6763811.797336085,11717852.911579527,0.0,0.0,423.3917247336358,0.0,0,0,0,0,37500.0,0.0,39281.52004390769,0.0,1721.0008871681664,6899088.033282806,0.0,6899088.033282806,828234.3348428365,0.0,0.0,False,False,0.0,5.960464477539063e-08,passed
unweighted,2023-04-05,11451481.544660581,241841.90848008383,-18374.39146051047,260216.2999405943,10813907.183085337,10572065.274605254,11693323.453140665,0.0,0.0,627.4440603069961,0.0,0,0,0,0,37500.0,0.0,55696.299314839765,0.0,2070.2825714373325,10783506.580097359,0.0,10783506.580097359,667974.9645632226,0.0,0.0,False,False,0.0,1.1920928955078125e-07,passed
constrained,2023-04-05,11836530.609725866,-151266.8535598363,-19445.884605757627,-131820.96895407868,10815025.057089495,10966291.910649331,11685263.75616603,0.0,0.0,648.5414831917733,0.0,0,0,0,0,37500.0,0.0,59012.44221372157,0.0,2126.5234819721045,11185617.748862319,0.0,11185617.748862319,650912.8608635478,0.0,0.0,False,False,0.0,1.1920928955078125e-07,passed
unhedged,2023-04-06,1242685.1881308176,10755333.526343158,33128.45303867404,10722205.073304484,10755333.526343158,0.0,11998018.714473976,0.0,0.0,68.08860819321126,0.0,0,0,0,0,37500.0,0.0,6228.057472939836,0.0,1042.869342122179,0.0,0.0,0.0,1242685.1881308176,0.0,0.0,False,False,0.0,1.1920928955078125e-07,passed
duration,2023-04-06,7727745.783049925,3987175.597982236,-9377.637857831667,3996553.2358400677,10755333.526343158,6768157.928360921,11714921.381032161,0.0,0.0,423.4149242825806,0.0,0,0,0,0,37500.0,0.0,39704.93496819027,0.0,1721.0008871681664,6903521.086928139,0.0,6903521.086928139,824224.6961217858,0.0,0.0,False,False,0.0,5.960464477539063e-08,passed
unweighted,2023-04-06,11452109.023101388,241849.6672180334,-18402.368668719475,260252.03588675288,10815013.326189335,10573163.6589713,11693958.69031942,0.0,0.0,627.4784408062696,0.0,0,0,0,0,37500.0,0.0,56323.777755646035,0.0,2070.2825714373325,10784626.932150727,0.0,10784626.932150727,667482.0909506604,0.0,0.0,False,False,0.0,1.1920928955078125e-07,passed
constrained,2023-04-06,11837179.186745578,-151171.42316518782,-19482.374759130944,-131689.04840605689,10816133.357641622,10967304.78080681,11686007.763580391,0.0,0.0,648.5770197119564,0.0,0,0,0,0,37500.0,0.0,59661.01923343353,0.0,2126.5234819721045,11186650.876422945,0.0,11186650.876422945,650528.310322633,0.0,0.0,False,False,0.0,1.1920928955078125e-07,passed
unhedged,2023-04-07,1242753.2804698935,10701532.20021003,33480.66298342541,10668051.537226604,10701532.20021003,0.0,11944285.480679922,0.0,0.0,68.09233907586895,0.0,0,0,0,0,37500.0,0.0,6296.149812015705,0.0,1042.869342122179,0.0,0.0,0.0,1242753.2804698935,0.0,0.0,False,False,0.0,1.1920928955078125e-07,passed
duration,2023-04-07,7728169.221175024,3981662.045393068,-9324.766581365533,3990986.8119744333,10701532.20021003,6719870.154816961,11709831.266568093,0.0,0.0,423.43812509905547,0.0,0,0,0,0,37500.0,0.0,40128.37309328932,0.0,1721.0008871681664,6854267.557913301,0.0,6854267.557913301,873901.6632617237,0.0,0.0,False,False,0.0,5.960464477539063e-08,passed
unweighted,2023-04-07,11452736.535924572,241232.3118541416,-18430.34587692848,259662.65773107007,10760606.863049071,10519374.551194929,11693968.847778713,0.0,0.0,627.5128231849521,0.0,0,0,0,0,37500.0,0.0,56951.29057883099,0.0,2070.2825714373325,10729762.042218827,0.0,10729762.042218827,722974.4937057458,0.0,0.0,False,False,0.0,1.1920928955078125e-07,passed
constrained,2023-04-07,11837827.799303759,-151061.60216654942,-19518.86491250426,-131542.73725404515,10761715.537685774,10912777.139852325,11686766.197137209,0.0,0.0,648.6125581804663,0.0,0,0,0,0,37500.0,0.0,60309.631791613996,0.0,2126.5234819721045,11131032.68264937,0.0,11131032.68264937,706795.1166543886,0.0,0.0,False,False,0.0,1.1920928955078125e-07,passed
unhedged,2023-04-10,1242957.5798744608,10692857.918374479,34537.292817679554,10658320.625556799,10692857.918374479,0.0,11935815.49824894,0.0,0.0,204.2994045673404,0.0,0,0,0,0,37500.0,0.0,6500.449216583045,0.0,1042.869342122179,0.0,0.0,0.0,1242957.5798744608,0.0,0.0,False,False,0.0,1.1920928955078125e-07,passed
duration,2023-04-10,7729439.674767942,3982095.3614520524,-9166.152751967149,3991261.5142040197,10692857.918374479,6710762.556922427,11711535.036219995,0.0,0.0,1270.453592917882,0.0,0,0,0,0,37500.0,0.0,41398.826686207205,0.0,1721.0008871681664,6844977.808060876,0.0,6844977.808060876,884461.8667070661,0.0,0.0,False,False,0.0,5.960464477539063e-08,passed
unweighted,2023-04-10,11454619.280707248,241030.46599452506,-18514.2775015555,259544.74349608057,10751824.927636024,10510794.461641498,11695649.746701773,0.0,0.0,1882.7447826750576,0.0,0,0,0,0,37500.0,0.0,58834.035361506045,0.0,2070.2825714373325,10721010.350874329,0.0,10721010.350874329,733608.9298329186,0.0,0.0,False,False,0.0,1.1920928955078125e-07,passed
constrained,2023-04-10,11839773.850228569,-151234.0184274141,-19628.335372624213,-131605.68305478987,10752931.581900792,10904165.600328205,11688539.831801154,0.0,0.0,1946.0509248096496,0.0,0,0,0,0,37500.0,0.0,62255.682716423646,0.0,2126.5234819721045,11122248.91233477,0.0,11122248.91233477,717524.9378937986,0.0,0.0,False,False,0.0,1.1920928955078125e-07,passed
unhedged,2023-04-11,1243025.6871391116,10685270.448976165,34889.50276243094,10650380.946213733,10685270.448976165,0.0,11928296.136115275,0.0,0.0,68.10726465075277,0.0,0,0,0,0,37500.0,0.0,6568.556481233798,0.0,1042.869342122179,0.0,0.0,0.0,1243025.6871391116,0.0,0.0,False,False,0.0,1.1920928955078125e-07,passed
duration,2023-04-11,7729863.205709026,3981354.0964988344,-9113.281475501019,3990467.3779743356,10685270.448976165,6703916.352477331,11711217.302207861,0.0,0.0,423.5309410840273,0.0,0,0,0,0,37500.0,0.0,41822.35762729123,0.0,1721.0008871681664,6837994.679526878,0.0,6837994.679526878,891868.5261821486,0.0,0.0,False,False,0.0,5.960464477539063e-08,passed
unweighted,2023-04-11,11455246.931078793,241055.16533647332,-18542.2547097645,259597.42004623782,10744169.902184349,10503114.736847876,11696302.096415266,0.0,0.0,627.6503715459257,0.0,0,0,0,0,37500.0,0.0,59461.68573305197,0.0,2070.2825714373325,10713177.031584833,0.0,10713177.031584833,742069.8994939607,0.0,0.0,False,False,0.0,1.1920928955078125e-07,passed
constrained,2023-04-11,11840422.60496009,-151170.98461080928,-19664.825525997527,-131506.15908481175,10745275.28860129,10896446.2732121,11689251.62034928,0.0,0.0,648.7547315210104,0.0,0,0,0,0,37500.0,0.0,62904.437447944656,0.0,2126.5234819721045,11114375.198676342,0.0,11114375.198676342,726047.4062837474,0.0,0.0,False,False,0.0,1.1920928955078125e-07,passed
unhedged,2023-04-12,1243093.7981356673,10711592.140136968,35241.71270718232,10676350.427429786,10711592.140136968,0.0,11954685.938272636,0.0,0.0,68.11099655576982,0.0,0,0,0,0,37500.0,0.0,6636.667477789568,0.0,1042.869342122179,0.0,0.0,0.0,1243093.7981356673,0.0,0.0,False,False,0.0,1.1920928955078125e-07,passed
duration,2023-04-12,7730286.759857283,3988750.89151376,-9060.410199034884,3997811.301712795,10711592.140136968,6722841.248623207,11719037.651371043,0.0,0.0,423.5541482567787,0.0,0,0,0,0,37500.0,0.0,42245.91177554801,0.0,1721.0008871681664,6857298.073595672,0.0,6857298.073595672,872988.6862616111,0.0,0.0,False,False,0.0,5.960464477539063e-08,passed
unweighted,2023-04-12,11455874.61584214,241643.1635885147,-18570.23191797351,260213.39550648822,10770439.529935667,10528796.366347153,11697517.779430654,0.0,0.0,627.6847633458674,0.0,0,0,0,0,37500.0,0.0,60089.37049639784,0.0,2070.2825714373325,10739372.293674096,0.0,10739372.293674096,716502.3221680429,0.0,0.0,False,False,0.0,1.1920928955078125e-07,passed
constrained,2023-04-12,11841071.395239811,-151002.65581501863,-19701.315679370844,-131301.3401356478,10771543.93926059,10922546.59507561,11690068.739424793,0.0,0.0,648.7902797218412,0.0,0,0,0,0,37500.0,0.0,63553.2277276665,0.0,2126.5234819721045,11140997.526977122,0.0,11140997.526977122,700073.8682626896,0.0,0.0,False,False,0.0,1.1920928955078125e-07,passed
unhedged,2023-04-13,1243161.9128643323,10689904.95440793,35593.9226519337,10654311.031755997,10689904.95440793,0.0,11933066.867272263,0.0,0.0,68.11472866497934,0.0,0,0,0,0,37500.0,0.0,6704.782206454547,0.0,1042.869342122179,0.0,0.0,0.0,1243161.9128643323,0.0,0.0,False,False,0.0,1.1920928955078125e-07,passed
duration,2023-04-13,7730710.337213989,3991767.0395829445,-9007.538922568752,4000774.5785055133,10689904.95440793,6698137.914824987,11722477.376796935,0.0,0.0,423.5773567063734,0.0,0,0,0,0,37500.0,0.0,42669.489132254384,0.0,1721.0008871681664,6832100.673121487,0.0,6832100.673121487,898609.6640925026,0.0,0.0,False,False,0.0,5.960464477539063e-08,passed
unweighted,2023-04-13,11456502.334999174,241378.9118380564,-18598.209126182508,259977.12096423891,10748400.325803064,10507021.413965007,11697881.24683723,0.0,0.0,627.7191570345312,0.0,0,0,0,0,37500.0,0.0,60717.08965343237,0.0,2070.2825714373325,10717161.842244308,0.0,10717161.842244308,739340.4927548654,0.0,0.0,False,False,0.0,1.1920928955078125e-07,passed
constrained,2023-04-13,11841720.22106969,-151168.74534837378,-19737.805832744154,-131430.9395156296,10749498.128676811,10900666.874025187,11690551.475721316,0.0,0.0,648.8258298784494,0.0,0,0,0,0,37500.0,0.0,64202.05355754495,0.0,2126.5234819721045,11118680.21150569,0.0,11118680.21150569,723040.0095639993,0.0,0.0,False,False,0.0,1.1920928955078125e-07,passed
unhedged,2023-04-14,1243230.031325311,10647346.743645934,35946.132596685085,10611400.61104925,10647346.743645934,0.0,11890576.774971245,0.0,0.0,68.11846097861417,0.0,0,0,0,0,37500.0,0.0,6772.900667433161,0.0,1042.869342122179,0.0,0.0,0.0,1243230.031325311,0.0,0.0,False,False,0.0,1.1920928955078125e-07,passed
duration,2023-04-14,7731133.937780411,3987297.7870195536,-8954.66764610263,3996252.454665656,10647346.743645934,6660048.956626381,11718431.724799965,0.0,0.0,423.60056642163545,0.0,0,0,0,0,37500.0,0.0,43093.08969867602,0.0,1721.0008871681664,6793249.935758908,0.0,6793249.935758908,937884.0020215027,0.0,0.0,False,False,0.0,5.960464477539063e-08,passed
unweighted,2023-04-14,11457130.088551776,240841.39165857714,-18626.18633439152,259467.57799296867,10705353.46017676,10464512.068518184,11697971.480210353,0.0,0.0,627.753552602604,0.0,0,0,0,0,37500.0,0.0,61344.84320603497,0.0,2070.2825714373325,10673802.309888547,0.0,10673802.309888547,783327.7786632292,0.0,0.0,False,False,0.0,1.1920928955078125e-07,passed
constrained,2023-04-14,11842369.082451666,-151120.41863581288,-19774.295986117475,-131346.1226496954,10706442.0922956,10857562.510931414,11691248.663815852,0.0,0.0,648.8613819759339,0.0,0,0,0,0,37500.0,0.0,64850.91493952088,0.0,2126.5234819721045,11074713.761150042,0.0,11074713.761150042,767655.3213016242,0.0,0.0,False,False,0.0,1.1920928955078125e-07,passed
unhedged,2023-04-17,1243434.4091041766,10608910.427367821,37002.76243093923,10571907.664936882,10608910.427367821,0.0,11852344.836471997,0.0,0.0,204.3777788656298,0.0,0,0,0,0,37500.0,0.0,6977.278446298791,0.0,1042.869342122179,0.0,0.0,0.0,1243434.4091041766,0.0,0.0,False,False,0.0,1.1920928955078125e-07,passed
duration,2023-04-17,7732404.87875071,3987750.502704062,-8796.053816704232,3996546.556520766,10608910.427367821,6621159.92466376,11720155.381454771,0.0,0.0,1270.9409702988341,0.0,0,0,0,0,37500.0,0.0,44364.030668974854,0.0,1721.0008871681664,6753583.123157035,0.0,6753583.123157035,978821.7555936752,0.0,0.0,False,False,0.0,5.960464477539063e-08,passed
unweighted,2023-04-17,11459013.555601858,240400.47957745785,-18710.11795901853,259110.5975364764,10666349.594655728,10425949.11507827,11699414.035179315,0.0,0.0,1883.467050081119,0.0,0,0,0,0,37500.0,0.0,63228.31025611609,0.0,2070.2825714373325,10634468.097379835,0.0,10634468.097379835,824545.4582220223,0.0,0.0,False,False,0.0,1.1920928955078125e-07,passed
constrained,2023-04-17,11844315.879929682,-151241.4906270364,-19883.76644623742,-131357.72418079898,10667427.57538156,10818669.066008598,11693074.389302647,0.0,0.0,1946.797478016466,0.0,0,0,0,0,37500.0,0.0,66797.71241753735,0.0,2126.5234819721045,11035042.44732877,0.0,11035042.44732877,809273.4326009117,0.0,0.0,False,False,0.0,1.1920928955078125e-07,passed
unhedged,2023-04-18,1243502.5424964563,10617812.892282853,37354.9723756906,10580457.919907162,10617812.892282853,0.0,11861315.434779309,0.0,0.0,68.13339227973484,0.0,0,0,0,0,37500.0,0.0,7045.411838578526,0.0,1042.869342122179,0.0,0.0,0.0,1243502.5424964563,0.0,0.0,False,False,0.0,1.1920928955078125e-07,passed
duration,2023-04-18,7732828.572168724,3984891.8850096464,-8743.182540238111,3993635.0675498843,10617812.892282853,6632921.0072732065,11717720.45717837,0.0,0.0,423.69341801386327,0.0,0,0,0,0,37500.0,0.0,44787.72408698872,0.0,1721.0008871681664,6765579.427418671,0.0,6765579.427418671,967249.1447500531,0.0,0.0,False,False,0.0,5.960464477539063e-08,passed
unweighted,2023-04-18,11459641.44675559,240536.83860360293,-18738.095167227548,259274.93377083048,10675395.654940931,10434858.816337328,11700178.285359193,0.0,0.0,627.8911537323147,0.0,0,0,0,0,37500.0,0.0,63856.20140984841,0.0,2070.2825714373325,10643555.992664075,0.0,10643555.992664075,816085.4540915154,0.0,0.0,False,False,0.0,1.1920928955078125e-07,passed
constrained,2023-04-18,11844964.883539543,-151121.59522833576,-19920.256599610744,-131201.33862872503,10676476.330570757,10827597.925799092,11693843.288311208,0.0,0.0,649.0036098603159,0.0,0,0,0,0,37500.0,0.0,67446.71602739766,0.0,2126.5234819721045,11044149.884315073,0.0,11044149.884315073,800814.9992244691,0.0,0.0,False,False,0.0,1.1920928955078125e-07,passed
unhedged,2023-04-19,1243570.6796220725,10605297.073264921,37707.182320441985,10567589.890944479,10605297.073264921,0.0,11848867.752886994,0.0,0.0,68.13712561619468,0.0,0,0,0,0,37500.0,0.0,7113.548964194721,0.0,1042.869342122179,0.0,0.0,0.0,1243570.6796220725,0.0,0.0,False,False,0.0,1.1920928955078125e-07,passed
duration,2023-04-19,7733252.288802816,3982215.872339899,-8690.311263771973,3990906.1836036714,10605297.073264921,6623081.200925021,11715468.161142714,0.0,0.0,423.71663409192115,0.0,0,0,0,0,37500.0,0.0,45211.44072108064,0.0,1721.0008871681664,6755542.824943522,0.0,6755542.824943522,977709.4638592936,0.0,0.0,False,False,0.0,5.960464477539063e-08,passed
unweighted,2023-04-19,11460269.372314317,240388.3587431521,-18766.07237543655,259154.43111858863,10662801.367882235,10422413.009139083,11700657.731057469,0.0,0.0,627.9255587272346,0.0,0,0,0,0,37500.0,0.0,64484.12696857564,0.0,2070.2825714373325,10630861.269321864,0.0,10630861.269321864,829408.1029924527,0.0,0.0,False,False,0.0,1.1920928955078125e-07,passed
constrained,2023-04-19,11845613.922711244,-151102.59640107534,-19956.746752984058,-131145.84964809127,10663880.570875192,10814983.167276267,11694511.326310169,0.0,0.0,649.0391717012972,0.0,0,0,0,0,37500.0,0.0,68095.75519909896,0.0,2126.5234819721045,11031282.830621792,0.0,11031282.830621792,814331.0920894518,0.0,0.0,False,False,0.0,1.1920928955078125e-07,passed
unhedged,2023-04-20,1243638.82048123,10641556.30825324,38059.39226519337,10603496.915988047,10641556.30825324,0.0,11885195.12873447,0.0,0.0,68.14085915754549,0.0,0,0,0,0,37500.0,0.0,7181.689823352266,0.0,1042.869342122179,0.0,0.0,0.0,1243638.82048123,0.0,0.0,False,False,0.0,1.1920928955078125e-07,passed
duration,2023-04-20,7733676.028654257,3987588.6242836523,-8637.439987305848,3996226.0642709583,10641556.30825324,6653967.683969587,11721264.65293791,0.0,0.0,423.73985144123435,0.0,0,0,0,0,37500.0,0.0,45635.18057252187,0.0,1721.0008871681664,6787047.037648979,0.0,6787047.037648979,946628.9910052782,0.0,0.0,False,False,0.0,5.960464477539063e-08,passed
unweighted,2023-04-20,11460897.332279922,240990.22866410477,-18794.04958364555,259784.2782477503,10699429.906593218,10458439.677929115,11701887.560944026,0.0,0.0,627.9599656052887,0.0,0,0,0,0,37500.0,0.0,65112.08693418093,0.0,2070.2825714373325,10667608.471487697,0.0,10667608.471487697,793288.8607922252,0.0,0.0,False,False,0.0,1.1920928955078125e-07,passed
constrained,2023-04-20,11846262.997446734,-151034.55071794326,-19993.23690635738,-131041.31381158589,10700516.040436914,10851550.591154857,11695228.446728792,0.0,0.0,649.0747354906052,0.0,0,0,0,0,37500.0,0.0,68744.82993458956,0.0,2126.5234819721045,11068581.602977954,0.0,11068581.602977954,777681.3944687806,0.0,0.0,False,False,0.0,1.1920928955078125e-07,passed
unhedged,2023-04-21,1243706.9650741334,10627236.065265872,38411.60220994475,10588824.463055927,10627236.065265872,0.0,11870943.030340005,0.0,0.0,68.14459290332161,0.0,0,0,0,0,37500.0,0.0,7249.834416255588,0.0,1042.869342122179,0.0,0.0,0.0,1243706.9650741334,0.0,0.0,False,False,0.0,1.1920928955078125e-07,passed
duration,2023-04-21,7734099.791724321,3989336.9168778667,-8584.568710839718,3997921.4855887066,10627236.065265872,6637899.148388004,11723436.708602188,0.0,0.0,423.76307006459683,0.0,0,0,0,0,37500.0,0.0,46058.94364258647,0.0,1721.0008871681664,6770657.131355764,0.0,6770657.131355764,963442.6603685571,0.0,0.0,False,False,0.0,5.960464477539063e-08,passed
unweighted,2023-04-21,11461525.326654296,240848.0950867463,-18822.026791854558,259670.12187860085,10684866.532341473,10444018.437254727,11702373.421741042,0.0,0.0,627.9943743739277,0.0,0,0,0,0,37500.0,0.0,65740.08130855486,0.0,2070.2825714373325,10652898.805999821,0.0,10652898.805999821,808626.5206544753,0.0,0.0,False,False,0.0,1.1920928955078125e-07,passed
constrained,2023-04-21,11846912.107747966,-151077.77118479807,-20029.727059730692,-131048.04412506738,10685948.103256607,10837025.874441406,11695834.336563168,0.0,0.0,649.1103012319654,0.0,0,0,0,0,37500.0,0.0,69393.94023582153,0.0,2126.5234819721045,11053766.391930234,0.0,11053766.391930234,793145.7158177327,0.0,0.0,False,False,0.0,1.1920928955078125e-07,passed
unhedged,2023-04-24,1243911.4212573632,10659743.553591186,39468.2320441989,10620275.321546987,10659743.553591186,0.0,11903654.97484855,0.0,0.0,204.4561832298059,0.0,0,0,0,0,37500.0,0.0,7454.290599485394,0.0,1042.869342122179,0.0,0.0,0.0,1243911.4212573632,0.0,0.0,False,False,0.0,1.1920928955078125e-07,passed
duration,2023-04-24,7735371.220258967,3990630.182678687,-8425.954881441325,3999056.1375601282,10659743.553591186,6669113.370912499,11726001.402937654,0.0,0.0,1271.4285346455872,0.0,0,0,0,0,37500.0,0.0,47330.37217723206,0.0,1721.0008871681664,6802495.638330749,0.0,6802495.638330749,932875.5819282178,0.0,0.0,False,False,0.0,5.960464477539063e-08,passed
unweighted,2023-04-24,11463409.51624886,241289.79182583795,-18905.95841648157,260195.7502423195,10717815.894883955,10476526.103058117,11704699.308074698,0.0,0.0,1884.1895945630968,0.0,0,0,0,0,37500.0,0.0,67624.27090311795,0.0,2070.2825714373325,10686056.625119278,0.0,10686056.625119278,777352.8911295813,0.0,0.0,False,False,0.0,1.1920928955078125e-07,passed
constrained,2023-04-24,11848859.65206558,-151038.5631514131,-20139.197519850637,-130899.36563156247,10718905.758605408,10869944.32175682,11697821.088914167,0.0,0.0,1947.5443176142871,0.0,0,0,0,0,37500.0,0.0,71341.48455343582,0.0,2126.5234819721045,11087343.208191955,0.0,11087343.208191955,761516.4438736252,0.0,0.0,False,False,0.0,1.1920928955078125e-07,passed
unhedged,2023-04-25,1243979.580787295,10733578.839983515,39820.441988950275,10693758.397994565,10733578.839983515,0.0,11977558.42077081,0.0,0.0,68.15952993184328,0.0,0,0,0,0,37500.0,0.0,7522.450129417237,0.0,1042.869342122179,0.0,0.0,0.0,1243979.580787295,0.0,0.0,False,False,0.0,1.1920928955078125e-07,passed
duration,2023-04-25,7735795.076216241,4000069.927265339,-8373.083604975203,4008443.010870314,10733578.839983515,6733508.912718176,11735865.00348158,0.0,0.0,423.8559572743252,0.0,0,0,0,0,37500.0,0.0,47754.22813450638,0.0,1721.0008871681664,6868179.09097254,0.0,6868179.09097254,867615.9852437014,0.0,0.0,False,False,0.0,5.960464477539063e-08,passed
unweighted,2023-04-25,11464037.648277147,242256.3284924797,-18933.935624690588,261190.26411717027,10792461.701947609,10550205.37345513,11706293.976769626,0.0,0.0,628.1320282872766,0.0,0,0,0,0,37500.0,0.0,68252.40293140523,0.0,2070.2825714373325,10761209.480924232,0.0,10761209.480924232,702828.1673529148,0.0,0.0,False,False,0.0,1.1920928955078125e-07,passed
constrained,2023-04-25,11849508.904649256,-151086.21840265818,-20175.68767322396,-130910.53072943422,10793566.776990933,10944652.995393591,11698422.686246598,0.0,0.0,649.2525836750865,0.0,0,0,0,0,37500.0,0.0,71990.7371371109,0.0,2126.5234819721045,11163546.055301463,0.0,11163546.055301463,685962.8493477926,0.0,0.0,False,False,0.0,1.1920928955078125e-07,passed
unhedged,2023-04-26,1244047.744051996,10717262.722639184,40172.65193370165,10677090.070705483,10717262.722639184,0.0,11961310.466691181,0.0,0.0,68.16326470091008,0.0,0,0,0,0,37500.0,0.0,7590.613394118147,0.0,1042.869342122179,0.0,0.0,0.0,1244047.744051996,0.0,0.0,False,False,0.0,1.1920928955078125e-07,passed
duration,2023-04-26,7736218.955398502,4000566.80571042,-8320.212328509075,4008887.018038929,10717262.722639184,6716695.9169287635,11736785.761108922,0.0,0.0,423.8791822604835,0.0,0,0,0,0,37500.0,0.0,48178.107316766866,0.0,1721.0008871681664,6851029.835267339,0.0,6851029.835267339,885189.1201311629,0.0,0.0,False,False,0.0,5.960464477539063e-08,passed
unweighted,2023-04-26,11464665.81472363,242120.78384753663,-18961.91283289959,261082.69668043623,10775807.696807846,10533686.91296031,11706786.598571166,0.0,0.0,628.1664464827627,0.0,0,0,0,0,37500.0,0.0,68880.569377888,0.0,2070.2825714373325,10744360.651219515,0.0,10744360.651219515,720305.1635041144,0.0,0.0,False,False,0.0,1.1920928955078125e-07,passed
constrained,2023-04-26,11850158.192808418,-151060.17560874642,-20212.17782659728,-130847.99778214913,10776906.430594007,10927966.606202753,11699098.01719967,0.0,0.0,649.2881591618061,0.0,0,0,0,0,37500.0,0.0,72640.02529627271,0.0,2126.5234819721045,11146525.938326808,0.0,11146525.938326808,703632.2544816099,0.0,0.0,False,False,0.0,1.1920928955078125e-07,passed
unhedged,2023-04-27,1244115.91105167,10655309.916075736,40524.86187845304,10614785.054197283,10655309.916075736,0.0,11899425.827127406,0.0,0.0,68.16699967416935,0.0,0,0,0,0,37500.0,0.0,7658.780393792316,0.0,1042.869342122179,0.0,0.0,0.0,1244115.91105167,0.0,0.0,False,False,0.0,1.1920928955078125e-07,passed
duration,2023-04-27,7736642.857807017,3994734.4527788684,-8267.34105204294,4003001.793830911,10655309.916075736,6660575.463296868,11731377.310585886,0.0,0.0,423.90240851510316,0.0,0,0,0,0,37500.0,0.0,48602.00972528197,0.0,1721.0008871681664,6793786.972562806,0.0,6793786.972562806,942855.8852442112,0.0,0.0,False,False,0.0,5.960464477539063e-08,passed
unweighted,2023-04-27,11465294.01559019,241354.45989856703,-18989.89004110859,260344.34993967562,10713183.14157211,10471828.681673542,11706648.475488758,0.0,0.0,628.200866561383,0.0,0,0,0,0,37500.0,0.0,69508.77024444938,0.0,2070.2825714373325,10681265.255307013,0.0,10681265.255307013,784028.7602831777,0.0,0.0,False,False,0.0,1.1920928955078125e-07,passed
constrained,2023-04-27,11850807.51654501,-151045.97663508312,-20248.667979970596,-130797.30865511252,10714269.268418519,10865315.245053602,11699761.539909927,0.0,0.0,649.3237365931273,0.0,0,0,0,0,37500.0,0.0,73289.34903286584,0.0,2126.5234819721045,11082621.549954675,0.0,11082621.549954675,768185.9665903356,0.0,0.0,False,False,0.0,1.1920928955078125e-07,passed
unhedged,2023-04-28,1244184.0817865222,10699544.21922585,40877.07182320442,10658667.147402646,10699544.21922585,0.0,11943728.301012373,0.0,0.0,68.17073485208675,0.0,0,0,0,0,37500.0,0.0,7726.951128644403,0.0,1042.869342122179,0.0,0.0,0.0,1244184.0817865222,0.0,0.0,False,False,0.0,1.1920928955078125e-07,passed
duration,2023-04-28,7737066.783443062,3991944.7386255125,-8214.46977557681,4000159.208401089,10699544.21922585,6707599.4806003375,11729011.522068575,0.0,0.0,423.9256360447034,0.0,0,0,0,0,37500.0,0.0,49025.93536132667,0.0,1721.0008871681664,6841751.470212344,0.0,6841751.470212344,895315.3132307176,0.0,0.0,False,False,0.0,5.960464477539063e-08,passed
unweighted,2023-04-28,11465922.250878718,241956.90075605316,-19017.867249317595,260974.76800537074,10758218.490782358,10516261.590026304,11707879.151634771,0.0,0.0,628.2352885268629,0.0,0,0,0,0,37500.0,0.0,70137.00553297624,0.0,2070.2825714373325,10726586.82182683,0.0,10726586.82182683,739335.4290518872,0.0,0.0,False,False,0.0,1.1920928955078125e-07,passed
constrained,2023-04-28,11851456.875860985,-150777.9425984666,-20285.158133343906,-130492.78446512268,10759319.651137332,10910097.593735797,11700678.93326252,0.0,0.0,649.3593159746379,0.0,0,0,0,0,37500.0,0.0,73938.70834884048,0.0,2126.5234819721045,11128299.545610514,0.0,11128299.545610514,723157.3302504718,0.0,0.0,False,False,0.0,1.1920928955078125e-07,passed
unhedged,2023-05-01,1270638.6164041942,10611294.794434482,15681.337076627433,10595613.457357856,10611294.794434482,0.0,11881933.410838677,26250.0,0.0,204.53461767197587,0.0,0.0,-0.0,0.0,0,63750.0,0.0,7931.485746316379,0.0,1042.869342122179,0.0,0.0,0.0,1270638.6164041942,0.0,0.0,False,False,0.0,1.1920928955078125e-07,passed
duration,2023-05-01,7721982.0542885335,4015013.554962948,-33987.43249855324,4049000.9874615013,10611294.794434482,6596281.239471534,11736995.60925148,26250.0,0.0,1271.9162860373035,0.0,4.260238520204532,-42602.38520204532,42602.38520204532,0,63750.0,0.0,50297.851647363976,0.0,1725.2611256883708,6728206.864260965,0.0,6728206.864260965,993775.1900275685,0.0,0.0,False,False,1.0195666533263648e-10,5.960464477539063e-08,passed
unweighted,2023-05-01,11592010.5673004,117162.79332106205,-45766.67279784339,162929.46611890546,10675989.206240715,10558826.412919654,11709173.360621462,26250.0,0.0,1884.9124162308872,0.0,11.26248060928188,97964.66648606096,112624.80609281879,0,63750.0,0.0,72021.91794920713,0.0,2081.5450520466143,10770002.941178046,0.0,10770002.941178046,822007.6261223536,0.0,0.0,False,False,-5.501021860254696e-10,1.1920928955078125e-07,passed
constrained,2023-05-01,11893902.770450769,-191472.34191196744,-46658.03149060965,-144814.3104213578,10679507.816948563,10870980.15886053,11702430.428538801,26250.0,0.0,1948.29144372046,0.0,7.5907242598476925,14255.193870323574,75907.24259847692,0,63750.0,0.0,75886.99979256094,0.0,2134.1142062319523,11088399.762037741,0.0,11088399.762037741,805503.008413028,0.0,0.0,False,False,-5.621503262887018e-10,1.1920928955078125e-07,passed
unhedged,2023-05-02,1270708.2404379698,10698947.92296334,16031.182440547682,10682916.740522793,10698947.92296334,0.0,11969656.16340131,0.0,0.0,69.62403377564624,0.0,0,0,0,0,63750.0,0.0,8001.109780092025,0.0,1042.869342122179,0.0,0.0,0.0,1270708.2404379698,0.0,0.0,False,False,0.0,1.1920928955078125e-07,passed
duration,2023-05-02,7722405.176592879,4017334.4859005846,-33935.004916520295,4051269.490817105,10698947.92296334,6681613.437062755,11739739.662493464,0.0,0.0,423.1223043454811,0.0,0,0,0,0,63750.0,0.0,50720.97395170946,0.0,1725.2611256883708,6815245.705804011,0.0,6815245.705804011,907159.4707888681,0.0,0.0,False,False,0.0,5.960464477539063e-08,passed
unweighted,2023-05-02,11592645.745961623,117778.78720764186,-45799.58626375417,163578.37347139604,10764905.370603118,10647126.583395476,11710424.533169266,0.0,0.0,635.178661223501,0.0,0,0,0,0,63750.0,0.0,72657.09661043063,0.0,2081.5450520466143,10860069.115063386,0.0,10860069.115063386,732576.6308982372,0.0,0.0,False,False,0.0,1.1920928955078125e-07,passed
constrained,2023-05-02,11894554.49115052,-191346.947790543,-46696.90322908535,-144650.04456145765,10768492.675519386,10959839.623309929,11703207.543359978,0.0,0.0,651.7206997517496,0.0,0,0,0,0,63750.0,0.0,76538.72049231268,0.0,2134.1142062319523,11179036.415776128,0.0,11179036.415776128,715518.0753743928,0.0,0.0,False,False,0.0,1.1920928955078125e-07,passed
unhedged,2023-05-03,1270777.868286761,10736430.140135117,16381.027804467929,10720049.112330649,10736430.140135117,0.0,12007208.008421877,0.0,0.0,69.62784879119135,0.0,0,0,0,0,63750.0,0.0,8070.7376288832165,0.0,1042.869342122179,0.0,0.0,0.0,1270777.868286761,0.0,0.0,False,False,0.0,1.1920928955078125e-07,passed
duration,2023-05-03,7722828.322082007,4021939.0246378738,-33882.57733448736,4055821.601972361,10736430.140135117,6714491.115497243,11744767.346719882,0.0,0.0,423.1454891283065,0.0,0,0,0,0,63750.0,0.0,51144.11944083776,0.0,1725.2611256883708,6848780.937807187,0.0,6848780.937807187,874047.3842748199,0.0,0.0,False,False,0.0,5.960464477539063e-08,passed
unweighted,2023-05-03,11593280.959427156,118248.82777624212,-45832.49972966495,164081.32750590707,10802656.467736382,10684407.63996014,11711529.787203398,0.0,0.0,635.213465532288,0.0,0,0,0,0,63750.0,0.0,73292.31007596292,0.0,2081.5450520466143,10898095.792759342,0.0,10898095.792759342,695185.1666678134,0.0,0.0,False,False,0.0,1.1920928955078125e-07,passed
constrained,2023-05-03,11895206.247560995,-191138.7306163448,-46735.77496756107,-144402.95564878374,10806258.396541875,10997397.127158219,11704067.51694465,0.0,0.0,651.7564104739577,0.0,0,0,0,0,63750.0,0.0,77190.47690278664,0.0,2134.1142062319523,11217345.069701383,0.0,11217345.069701383,677861.1778596118,0.0,0.0,False,False,0.0,1.1920928955078125e-07,passed
unhedged,2023-05-04,1270847.4999507768,10761097.305178981,16730.87316838818,10744366.432010593,10761097.305178981,0.0,12031944.805129759,0.0,0.0,69.63166401581839,0.0,0,0,0,0,63750.0,0.0,8140.369292899035,0.0,1042.869342122179,0.0,0.0,0.0,1270847.4999507768,0.0,0.0,False,False,0.0,1.1920928955078125e-07,passed
duration,2023-05-04,7723251.490757191,4033609.542972265,-33830.1497524544,4067439.692724719,10761097.305178981,6727487.762206716,11756861.033729456,0.0,0.0,423.16867518331856,0.0,0,0,0,0,63750.0,0.0,51567.28811602108,0.0,1725.2611256883708,6862037.51745085,0.0,6862037.51745085,861213.9733063402,0.0,0.0,False,False,0.0,5.960464477539063e-08,passed
unweighted,2023-05-04,11593916.207698906,118447.88758606212,-45865.413195575726,164313.30078163784,10827201.163724521,10708753.27613846,11712364.095284969,0.0,0.0,635.2482717502862,0.0,0,0,0,0,63750.0,0.0,73927.5583477132,0.0,2081.5450520466143,10922928.34166123,0.0,10922928.34166123,670987.8660376761,0.0,0.0,False,False,0.0,1.1920928955078125e-07,passed
constrained,2023-05-04,11895858.03968415,-191400.97350208252,-46774.646706036765,-144626.32679604576,10830796.431662114,11022197.405164197,11704457.066182068,0.0,0.0,651.7921231556684,0.0,0,0,0,0,63750.0,0.0,77842.26902594231,0.0,2134.1142062319523,11242641.353267482,0.0,11242641.353267482,653216.6864166688,0.0,0.0,False,False,0.0,1.1920928955078125e-07,passed
unhedged,2023-05-05,1270917.1354302263,10712357.088801757,17080.71853230843,10695276.370269448,10712357.088801757,0.0,11983274.224231983,0.0,0.0,69.63547944952734,0.0,0,0,0,0,63750.0,0.0,8210.004772348562,0.0,1042.869342122179,0.0,0.0,0.0,1270917.1354302263,0.0,0.0,False,False,0.0,1.1920928955078125e-07,passed
duration,2023-05-05,7723674.682619699,4025910.2360185483,-33777.72217042147,4059687.9581889696,10712357.088801757,6686446.852783208,11749584.918638248,0.0,0.0,423.1918625086546,0.0,0,0,0,0,63750.0,0.0,51990.47997852974,0.0,1725.2611256883708,6820175.789838872,0.0,6820175.789838872,903498.8927808274,0.0,0.0,False,False,0.0,5.960464477539063e-08,passed
unweighted,2023-05-05,11594551.490778781,118102.99674237365,-45898.32666148651,164001.32340386015,10778011.213018645,10659908.216276271,11712654.487521155,0.0,0.0,635.2830798756331,0.0,0,0,0,0,63750.0,0.0,74562.84142758884,0.0,2081.5450520466143,10873106.380601797,0.0,10873106.380601797,721445.1101769842,0.0,0.0,False,False,0.0,1.1920928955078125e-07,passed
constrained,2023-05-05,11896509.867521944,-191346.84488076725,-46813.51844451248,-144533.32643625478,10781582.020728836,10972928.865609603,11705163.022641176,0.0,0.0,651.8278377931565,0.0,0,0,0,0,63750.0,0.0,78494.09686373547,0.0,2134.1142062319523,11192387.442921795,0.0,11192387.442921795,704122.4246001486,0.0,0.0,False,False,0.0,1.1920928955078125e-07,passed
unhedged,2023-05-08,1271126.0647632673,10673956.390937906,18130.254624069185,10655826.136313837,10673956.390937906,0.0,11945082.455701172,0.0,0.0,208.9293330409564,0.0,0,0,0,0,63750.0,0.0,8418.934105389519,0.0,1042.869342122179,0.0,0.0,0.0,1271126.0647632673,0.0,0.0,False,False,0.0,1.1920928955078125e-07,passed
duration,2023-05-08,7724944.397343877,4026554.677208184,-33620.43942432265,4060175.1166325063,10673956.390937906,6647401.7137297215,11751499.074552061,0.0,0.0,1269.7147241774946,0.0,0,0,0,0,63750.0,0.0,53260.19470270723,0.0,1725.2611256883708,6780349.748004316,0.0,6780349.748004316,944594.6493395604,0.0,0.0,False,False,0.0,5.960464477539063e-08,passed
unweighted,2023-05-08,11596457.548886226,117859.73322343038,-45997.06705921883,163856.8002826492,10738891.285308888,10621031.55208546,11714317.282109657,0.0,0.0,1906.0581074450165,0.0,0,0,0,0,63750.0,0.0,76468.89953503385,0.0,2081.5450520466143,10833452.183127169,0.0,10833452.183127169,763005.3657590579,0.0,0.0,False,False,0.0,1.1920928955078125e-07,passed
constrained,2023-05-08,11898465.56534271,-191472.9140874132,-46930.1336599396,-144542.7804274736,10742422.975423502,10933895.889510915,11706992.651255297,0.0,0.0,1955.6978207658976,0.0,0,0,0,0,63750.0,0.0,80449.79468450136,0.0,2134.1142062319523,11152573.807301134,0.0,11152573.807301134,745891.7580415756,0.0,0.0,False,False,0.0,1.1920928955078125e-07,passed
unhedged,2023-05-09,1271195.715506542,10669784.291092291,18480.09998798943,10651304.191104302,10669784.291092291,0.0,11940980.006598834,0.0,0.0,69.65074327471666,0.0,0,0,0,0,63750.0,0.0,8488.584848664235,0.0,1042.869342122179,0.0,0.0,0.0,1271195.715506542,0.0,0.0,False,False,0.0,1.1920928955078125e-07,passed
duration,2023-05-09,7725367.681968389,4027025.978723795,-33568.011842289714,4060593.990566085,10669784.291092291,6642758.312368495,11752393.660692185,0.0,0.0,423.28462451230735,0.0,0,0,0,0,63750.0,0.0,53683.47932721954,0.0,1725.2611256883708,6775613.478615865,0.0,6775613.478615865,949754.203352524,0.0,0.0,False,False,0.0,5.960464477539063e-08,passed
unweighted,2023-05-09,11597092.971217673,117904.19506419257,-46029.98052512963,163934.1755893222,10734549.29741221,10616645.102348017,11714997.166281866,0.0,0.0,635.4223314467818,0.0,0,0,0,0,63750.0,0.0,77104.32186648063,0.0,2081.5450520466143,10828978.004394976,0.0,10828978.004394976,768114.9668226968,0.0,0.0,False,False,0.0,1.1920928955078125e-07,passed
constrained,2023-05-09,11899117.53605862,-191444.90955503707,-46969.00539841531,-144475.90415662175,10738071.747626513,10929516.65718155,11707672.626503583,0.0,0.0,651.9707159101963,0.0,0,0,0,0,63750.0,0.0,81101.76540041156,0.0,2134.1142062319523,11148106.99032518,0.0,11148106.99032518,751010.5457334388,0.0,0.0,False,False,0.0,1.1920928955078125e-07,passed
unhedged,2023-05-10,1271265.3700662958,10722312.569074996,18829.94535190968,10703482.623723086,10722312.569074996,0.0,11993577.939141292,0.0,0.0,69.6545597538352,0.0,0,0,0,0,63750.0,0.0,8558.23940841807,0.0,1042.869342122179,0.0,0.0,0.0,1271265.3700662958,0.0,0.0,False,False,0.0,1.1920928955078125e-07,passed
duration,2023-05-10,7725790.989786578,4032699.88784034,-33515.584260256765,4066215.472100597,10722312.569074996,6689612.681234656,11758490.877626918,0.0,0.0,423.30781818926334,0.0,0,0,0,0,63750.0,0.0,54106.7871454088,0.0,1725.2611256883708,6823404.934859349,0.0,6823404.934859349,902386.054927229,0.0,0.0,False,False,0.0,5.960464477539063e-08,passed
unweighted,2023-05-10,11597728.42836678,118353.05279882753,-46062.8939910404,164415.94678986794,10787616.489848087,10669263.437049259,11716081.481165608,0.0,0.0,635.4571491070092,0.0,0,0,0,0,63750.0,0.0,77739.77901558764,0.0,2081.5450520466143,10882648.705790244,0.0,10882648.705790244,715079.7225765362,0.0,0.0,False,False,0.0,1.1920928955078125e-07,passed
constrained,2023-05-10,11899769.542498952,-191367.44925367253,-47007.877136891024,-144359.5721167815,10791168.250633622,10982535.699887294,11708402.093245279,0.0,0.0,652.0064403321594,0.0,0,0,0,0,63750.0,0.0,81753.77184074372,0.0,2134.1142062319523,11202186.41388504,0.0,11202186.41388504,697583.1286139116,0.0,0.0,False,False,0.0,1.1920928955078125e-07,passed
unhedged,2023-05-11,1271335.028442738,10742369.558738645,19179.79071582993,10723189.768022815,10742369.558738645,0.0,12013704.587181384,0.0,0.0,69.65837644226849,0.0,0,0,0,0,63750.0,0.0,8627.897784860339,0.0,1042.869342122179,0.0,0.0,0.0,1271335.028442738,0.0,0.0,False,False,0.0,1.1920928955078125e-07,passed
duration,2023-05-11,7726214.320799719,4027182.114481841,-33463.15667822382,4060645.271160065,10742369.558738645,6715187.444256804,11753396.43528156,0.0,0.0,423.3310131402686,0.0,0,0,0,0,63750.0,0.0,54530.11815854907,0.0,1725.2611256883708,6849491.19314194,0.0,6849491.19314194,876723.1276577786,0.0,0.0,False,False,0.0,5.960464477539063e-08,passed
unweighted,2023-05-11,11598363.920335459,118206.66296081805,-46095.807456951174,164302.47041776922,10808329.816410486,10690123.153449668,11716570.583296277,0.0,0.0,635.4919686783105,0.0,0,0,0,0,63750.0,0.0,78375.27098426595,0.0,2081.5450520466143,10903925.616518661,0.0,10903925.616518661,694438.3038167972,0.0,0.0,False,False,0.0,1.1920928955078125e-07,passed
constrained,2023-05-11,11900421.584665665,-191485.37863044644,-47046.74887536673,-144438.62975507972,10811917.274159258,11003402.652789705,11708936.20603522,0.0,0.0,652.0421667136252,0.0,0,0,0,0,63750.0,0.0,82405.81400745735,0.0,2134.1142062319523,11223470.7058455,0.0,11223470.7058455,676950.878820166,0.0,0.0,False,False,0.0,1.1920928955078125e-07,passed
unhedged,2023-05-12,1271404.6906360772,10702305.21006858,19529.63607975018,10682775.573988829,10702305.21006858,0.0,11973709.900704658,0.0,0.0,69.6621933390852,0.0,0,0,0,0,63750.0,0.0,8697.559978199424,0.0,1042.869342122179,0.0,0.0,0.0,1271404.6906360772,0.0,0.0,False,False,0.0,1.1920928955078125e-07,passed
duration,2023-05-12,7726637.675009077,4025482.8005640428,-33410.72909619089,4058893.5296602338,10702305.21006858,6676822.409504537,11752120.47557312,0.0,0.0,423.3542093588039,0.0,0,0,0,0,63750.0,0.0,54953.472367907874,0.0,1725.2611256883708,6810358.857694628,0.0,6810358.857694628,916278.8173144497,0.0,0.0,False,False,0.0,5.960464477539063e-08,passed
unweighted,2023-05-12,11598999.447125614,117891.89693707447,-46128.720922861954,164020.61785993644,10767790.248844542,10649898.351907467,11716891.344062688,0.0,0.0,635.5267901550978,0.0,0,0,0,0,63750.0,0.0,79010.79777442105,0.0,2081.5450520466143,10862896.318945616,0.0,10862896.318945616,736103.1281799972,0.0,0.0,False,False,0.0,1.1920928955078125e-07,passed
constrained,2023-05-12,11901073.662560714,-191607.87471592508,-47085.62061384244,-144522.25410208263,10771351.86030692,10962959.735022847,11709465.78784479,0.0,0.0,652.0778950490057,0.0,0,0,0,0,63750.0,0.0,83057.89190250635,0.0,2134.1142062319523,11182218.929723304,0.0,11182218.929723304,718854.7328374106,0.0,0.0,False,False,0.0,1.1920928955078125e-07,passed
unhedged,2023-05-15,1271613.7001195713,10691031.038033953,20579.172171510927,10670451.865862442,10691031.038033953,0.0,11962644.738153525,0.0,0.0,209.00948349409737,0.0,0,0,0,0,63750.0,0.0,8906.569461693522,0.0,1042.869342122179,0.0,0.0,0.0,1271613.7001195713,0.0,0.0,False,False,0.0,1.1920928955078125e-07,passed
duration,2023-05-15,7674075.258305584,4085745.7710132715,20579.172171510927,4065166.598841761,10691031.038033953,6605285.267020681,11759821.029318856,-53832.618521603,0.0,1270.20181810949,0.0,0,0,0,0,9917.381478397001,0.0,56223.674186017364,0.0,1725.2611256883708,6737390.972361094,0.0,6737390.972361094,936684.2859444898,0.0,0.0,False,False,1.7462298274040222e-10,5.960464477539063e-08,passed
unweighted,2023-05-15,11561464.3123795,157580.4623822292,-6785.537256061968,164365.99963829116,10755135.532703592,10597555.070321362,11719044.774761729,-39441.924064532315,0.0,1906.7893184181303,0.0,0,0,0,0,24308.075935467685,0.0,80917.58709283918,0.0,2081.5450520466143,10809506.17172779,0.0,10809506.17172779,751958.1406517103,0.0,0.0,False,False,3.92901711165905e-10,1.1920928955078125e-07,passed
constrained,2023-05-15,11863760.724665321,-152231.81449851705,-7932.849859116778,-144298.96463940028,10758622.058897559,10910853.873396076,11711528.910166804,-39269.38597015279,0.0,1956.4480747599155,0.0,0,0,0,0,24480.61402984721,0.0,85014.33997726627,0.0,2134.1142062319523,11129070.950863998,0.0,11129070.950863998,734689.773801323,0.0,0.0,False,False,-1.2369127944111824e-10,1.1920928955078125e-07,passed
unhedged,2023-05-16,1271683.3775825915,10665558.956461998,20929.017535431183,10644629.938926566,10665558.956461998,0.0,11937242.334044589,0.0,0.0,69.67746302019805,0.0,0,0,0,0,63750.0,0.0,8976.24692471372,0.0,1042.869342122179,0.0,0.0,0.0,1271683.3775825915,0.0,0.0,False,False,0.0,1.1920928955078125e-07,passed
duration,2023-05-16,7674495.755580013,4084292.85394365,20636.448956509426,4063656.4049871406,10665558.956461998,6581266.102518348,11758788.609523663,0.0,0.0,420.49727442860603,0.0,0,0,0,0,9917.381478397001,0.0,56644.17146044597,0.0,1725.2611256883708,6712891.4245687155,0.0,6712891.4245687155,961604.3310112972,0.0,0.0,False,False,0.0,5.960464477539063e-08,passed
unweighted,2023-05-16,11562097.81727333,157495.56013530327,-6814.897822255185,164310.45795755845,10729310.116884835,10571814.556749532,11719593.377408633,0.0,0.0,633.5048938300461,0.0,0,0,0,0,24308.075935467685,0.0,81551.09198666923,0.0,2081.5450520466143,10783250.847884523,0.0,10783250.847884523,778846.9693888072,0.0,0.0,False,False,0.0,1.1920928955078125e-07,passed
constrained,2023-05-16,11864410.793746125,-152158.3904453078,-7968.184239980469,-144190.20620532733,10732777.4258755,10884935.816320809,11712252.403300818,0.0,0.0,650.0690808035433,0.0,0,0,0,0,24480.61402984721,0.0,85664.40905806981,0.0,2134.1142062319523,11102634.532647224,0.0,11102634.532647224,761776.2610989008,0.0,0.0,False,False,0.0,1.1920928955078125e-07,passed
unhedged,2023-05-17,1271753.058863555,10644381.42989502,21278.86289935143,10623102.566995667,10644381.42989502,0.0,11916134.488758575,0.0,0.0,69.6812809635885,0.0,0,0,0,0,63750.0,0.0,9045.928205677308,0.0,1042.869342122179,0.0,0.0,0.0,1271753.058863555,0.0,0.0,False,False,0.0,1.1920928955078125e-07,passed
duration,2023-05-17,7674916.275895387,4079308.699021154,20693.725741507915,4058614.973279646,10644381.42989502,6565072.730873865,11754224.97491654,0.0,0.0,420.52031537424773,0.0,0,0,0,0,9917.381478397001,0.0,57064.69177582022,0.0,1725.2611256883708,6696374.185491342,0.0,6696374.185491342,978542.0904040448,0.0,0.0,False,False,0.0,5.960464477539063e-08,passed
unweighted,2023-05-17,11562731.356879756,157211.41363786542,-6844.2583884484075,164055.67202631384,10707880.14047222,10550668.726834355,11719942.770517621,0.0,0.0,633.5396064259112,0.0,0,0,0,0,24308.075935467685,0.0,82184.63159309514,0.0,2081.5450520466143,10761682.101371042,0.0,10761682.101371042,801049.2555087134,0.0,0.0,False,False,0.0,1.1920928955078125e-07,passed
constrained,2023-05-17,11865060.898447152,-152259.98642706315,-8003.518620844171,-144256.46780621898,10711333.719177606,10863593.705604669,11712800.91202009,0.0,0.0,650.1047010272741,0.0,0,0,0,0,24480.61402984721,0.0,86314.51375909708,0.0,2134.1142062319523,11080865.579716763,0.0,11080865.579716763,784195.3187303897,0.0,0.0,False,False,0.0,1.1920928955078125e-07,passed
unhedged,2023-05-18,1271822.743962671,10595196.418857124,21628.70826327168,10573567.710593851,10595196.418857124,0.0,11867019.162819795,0.0,0.0,69.68509911582805,0.0,0,0,0,0,63750.0,0.0,9115.613304793136,0.0,1042.869342122179,0.0,0.0,0.0,1271822.743962671,0.0,0.0,False,False,0.0,1.1920928955078125e-07,passed
duration,2023-05-18,7675336.819252972,4075605.856086977,20751.002526506414,4054854.8535604705,10595196.418857124,6519590.562770146,11750942.675339948,0.0,0.0,420.5433575846255,0.0,0,0,0,0,9917.381478397001,0.0,57485.23513340484,0.0,1725.2611256883708,6649982.374025549,0.0,6649982.374025549,1025354.4452274228,0.0,0.0,False,False,0.0,5.960464477539063e-08,passed
unweighted,2023-05-18,11563364.931200683,156888.95853011624,-6873.618954641625,163762.57748475787,10658162.526072523,10501273.567542406,11720253.8897308,0.0,0.0,633.5743209272623,0.0,0,0,0,0,24308.075935467685,0.0,82818.2059140224,0.0,2081.5450520466143,10711299.038893254,0.0,10711299.038893254,852065.8923074286,0.0,0.0,False,False,0.0,1.1920928955078125e-07,passed
constrained,2023-05-18,11865711.038770357,-152263.44364565698,-8038.853001707868,-144224.5906439491,10661587.13745539,10813850.581101049,11713447.595124701,0.0,0.0,650.1403232049197,0.0,0,0,0,0,24480.61402984721,0.0,86964.654082302,0.0,2134.1142062319523,11030127.59272307,0.0,11030127.59272307,835583.4460472874,0.0,0.0,False,False,0.0,1.1920928955078125e-07,passed
unhedged,2023-05-19,1271892.4328801485,10567944.404155472,21978.55362719193,10545965.850528281,10567944.404155472,0.0,11839836.83703562,0.0,0.0,69.68891747761518,0.0,0,0,0,0,63750.0,0.0,9185.302222270751,0.0,1042.869342122179,0.0,0.0,0.0,1271892.4328801485,0.0,0.0,False,False,0.0,1.1920928955078125e-07,passed
duration,2023-05-19,7675757.385654027,4077719.9408895723,20808.27931150491,4056911.6615780676,10567944.404155472,6490224.4632659005,11753477.3265436,0.0,0.0,420.5664010550827,0.0,0,0,0,0,9917.381478397001,0.0,57905.801534459926,0.0,1725.2611256883708,6620028.9525312185,0.0,6620028.9525312185,1055728.433122808,0.0,0.0,False,False,0.0,5.960464477539063e-08,passed
unweighted,2023-05-19,11563998.54023801,156710.2282863633,-6902.979520834842,163613.20780719814,10630520.925564699,10473810.697278334,11720708.768524373,0.0,0.0,633.6090373266488,0.0,0,0,0,0,24308.075935467685,0.0,83451.81495134905,0.0,2081.5450520466143,10683286.911223901,0.0,10683286.911223901,880711.6290141083,0.0,0.0,False,False,0.0,1.1920928955078125e-07,passed
constrained,2023-05-19,11866361.214717688,-152403.109049582,-8074.187382571563,-144328.92166701044,10633924.348088266,10786327.45713785,11713958.105668105,0.0,0.0,650.1759473308921,0.0,0,0,0,0,24480.61402984721,0.0,87614.8300296329,0.0,2134.1142062319523,11002054.006280607,0.0,11002054.006280607,864307.2084370814,0.0,0.0,False,False,0.0,1.1920928955078125e-07,passed
unhedged,2023-05-22,1272101.522544843,10563769.482333608,23028.089718952677,10540741.392614655,10563769.482333608,0.0,11835871.00487845,0.0,0.0,209.08966469438747,0.0,0,0,0,0,63750.0,0.0,9394.391886965139,0.0,1042.869342122179,0.0,0.0,0.0,1272101.522544843,0.0,0.0,False,False,0.0,1.1920928955078125e-07,passed
duration,2023-05-22,7677019.223130651,4079853.9031297695,20980.109666500386,4058873.7934632692,10563769.482333608,6483915.5792038385,11756873.12626042,0.0,0.0,1261.837476624176,0.0,0,0,0,0,9917.381478397001,0.0,59167.6390110841,0.0,1725.2611256883708,6613593.890787915,0.0,6613593.890787915,1063425.3323427355,0.0,0.0,False,False,0.0,5.960464477539063e-08,passed
unweighted,2023-05-22,11565899.57566742,156847.2330492462,-6991.061219414503,163838.29426866068,10626136.092763744,10469288.859714499,11722746.808716666,0.0,0.0,1901.0354294106364,0.0,0,0,0,0,24308.075935467685,0.0,85352.85038075969,0.0,2081.5450520466143,10678674.636908788,0.0,10678674.636908788,887224.9387586322,0.0,0.0,False,False,0.0,1.1920928955078125e-07,passed
constrained,2023-05-22,11868311.956323966,-152320.2225124807,-8180.190525162658,-144140.03198731804,10629528.098613165,10781848.321125647,11715991.733811487,0.0,0.0,1950.741606278345,0.0,0,0,0,0,24480.61402984721,0.0,89565.57163591124,0.0,2134.1142062319523,10997485.28754816,0.0,10997485.28754816,870826.6687758062,0.0,0.0,False,False,0.0,1.1920928955078125e-07,passed
unhedged,2023-05-23,1272171.226737859,10571617.434712717,23377.93508287293,10548239.499629844,10571617.434712717,0.0,11843788.661450576,0.0,0.0,69.70419301604852,0.0,0,0,0,0,63750.0,0.0,9464.096079981187,0.0,1042.869342122179,0.0,0.0,0.0,1272171.226737859,0.0,0.0,False,False,0.0,1.1920928955078125e-07,passed
duration,2023-05-23,7677439.88171822,4077025.746985752,21037.386451498885,4055988.360534253,10571617.434712717,6494591.687726966,11754465.628703972,0.0,0.0,420.65858756937087,0.0,0,0,0,0,9917.381478397001,0.0,59588.29759865347,0.0,1725.2611256883708,6624483.521481506,0.0,6624483.521481506,1052956.3602367146,0.0,0.0,False,False,0.0,5.960464477539063e-08,passed
unweighted,2023-05-23,11566533.323589375,156891.46721329694,-7020.421785607717,163911.88899890467,10634064.648918392,10477173.181705095,11723424.790802673,0.0,0.0,633.7479219548404,0.0,0,0,0,0,24308.075935467685,0.0,85986.59830271453,0.0,2081.5450520466143,10686716.645339197,0.0,10686716.645339197,879816.6782501787,0.0,0.0,False,False,0.0,1.1920928955078125e-07,passed
constrained,2023-05-23,11868962.274787327,-152261.40799795135,-8215.524906026349,-144045.883091925,10637461.03865971,10789722.446657663,11716700.866789376,0.0,0.0,650.3184633608907,0.0,0,0,0,0,24480.61402984721,0.0,90215.89009927213,0.0,2134.1142062319523,11005516.895590818,0.0,11005516.895590818,863445.3791965097,0.0,0.0,False,False,0.0,1.1920928955078125e-07,passed
unhedged,2023-05-24,1272240.9347502834,10557519.965937264,23727.78044679318,10533792.18549047,10557519.965937264,0.0,11829760.900687547,0.0,0.0,69.70801242440939,0.0,0,0,0,0,63750.0,0.0,9533.804092405597,0.0,1042.869342122179,0.0,0.0,0.0,1272240.9347502834,0.0,0.0,False,False,0.0,1.1920928955078125e-07,passed
duration,2023-05-24,7677860.563355573,4074734.9389017588,21094.66323649738,4053640.2756652613,10557519.965937264,6482785.0270355055,11752595.502257332,0.0,0.0,420.6816373532638,0.0,0,0,0,0,9917.381478397001,0.0,60008.97923600674,0.0,1725.2611256883708,6612440.727576216,0.0,6612440.727576216,1065419.8357793577,0.0,0.0,False,False,0.0,5.960464477539063e-08,passed
unweighted,2023-05-24,11567167.106237244,156841.23535649336,-7049.782351800934,163891.0177082943,10619773.680042353,10462932.444685858,11724008.341593737,0.0,0.0,633.7826478686184,0.0,0,0,0,0,24308.075935467685,0.0,86620.38095058315,0.0,2081.5450520466143,10672191.093579575,0.0,10672191.093579575,894976.0126576684,0.0,0.0,False,False,0.0,1.1920928955078125e-07,passed
constrained,2023-05-24,11869612.628884574,-152165.05110589002,-8250.859286890045,-143914.19181899997,10623159.545667185,10775324.596773073,11717447.577778684,0.0,0.0,650.3540972471237,0.0,0,0,0,0,24480.61402984721,0.0,90866.24419651926,0.0,2134.1142062319523,10990831.088708535,0.0,10990831.088708535,878781.5401760396,0.0,0.0,False,False,0.0,1.1920928955078125e-07,passed
unhedged,2023-05-25,1272310.6465823245,10498733.254030755,24077.625810713424,10474655.628220042,10498733.254030755,0.0,11771043.900613079,0.0,0.0,69.71183204115368,0.0,0,0,0,0,63750.0,0.0,9603.51592444675,0.0,1042.869342122179,0.0,0.0,0.0,1272310.6465823245,0.0,0.0,False,False,0.0,1.1920928955078125e-07,passed
duration,2023-05-25,7678281.268043978,4066719.110206428,21151.94002149587,4045567.170184932,10498733.254030755,6432014.143824327,11745000.378250405,0.0,0.0,420.70468840468675,0.0,0,0,0,0,9917.381478397001,0.0,60429.68392441142,0.0,1725.2611256883708,6560654.426700814,0.0,6560654.426700814,1117626.8413431644,0.0,0.0,False,False,0.0,5.960464477539063e-08,passed
unweighted,2023-05-25,11567800.92361293,156281.52525536384,-7079.142917994156,163360.668173358,10560413.632573223,10404132.10731786,11724082.448868293,0.0,0.0,633.8173756860197,0.0,0,0,0,0,24308.075935467685,0.0,87254.19832626916,0.0,2081.5450520466143,10612214.749464218,0.0,10612214.749464218,955586.1741487123,0.0,0.0,False,False,0.0,1.1920928955078125e-07,passed
constrained,2023-05-25,11870263.018617665,-152298.10625217418,-8286.193667753743,-144011.91258442044,10563768.31552565,10716066.421777824,11717964.91236549,0.0,0.0,650.3897330909967,0.0,0,0,0,0,24480.61402984721,0.0,91516.63392961025,0.0,2134.1142062319523,10930387.75021338,0.0,10930387.75021338,939875.2684042845,0.0,0.0,False,False,0.0,1.1920928955078125e-07,passed
unhedged,2023-05-26,1272380.362234192,10499832.002045048,24427.47117463368,10475404.530870415,10499832.002045048,0.0,11772212.36427924,0.0,0.0,69.71565186744556,0.0,0,0,0,0,63750.0,0.0,9673.231576314196,0.0,1042.869342122179,0.0,0.0,0.0,1272380.362234192,0.0,0.0,False,False,0.0,1.1920928955078125e-07,passed
duration,2023-05-26,7678701.9957846925,4060956.432171663,21209.21680649437,4039747.2153651686,10499832.002045048,6438875.569873385,11739658.427956356,0.0,0.0,420.7277407143265,0.0,0,0,0,0,9917.381478397001,0.0,60850.41166512575,0.0,1725.2611256883708,6567653.081270853,0.0,6567653.081270853,1111048.9145138394,0.0,0.0,False,False,0.0,5.960464477539063e-08,passed
unweighted,2023-05-26,11568434.775718331,156133.67777148425,-7108.503484187369,163242.1812556716,10561827.26173566,10405693.583964175,11724568.453489816,0.0,0.0,633.8521054014564,0.0,0,0,0,0,24308.075935467685,0.0,87888.05043167062,0.0,2081.5450520466143,10613807.455643458,0.0,10613807.455643458,954627.320074873,0.0,0.0,False,False,0.0,1.1920928955078125e-07,passed
constrained,2023-05-26,11870913.443988549,-152328.01270406807,-8321.528048617438,-144006.48465545062,10565199.070497697,10717527.083201764,11718585.43128448,0.0,0.0,650.4253708831966,0.0,0,0,0,0,24480.61402984721,0.0,92167.05930049345,0.0,2134.1142062319523,10931877.6248658,0.0,10931877.6248658,939035.8191227484,0.0,0.0,False,False,0.0,1.1920928955078125e-07,passed
unhedged,2023-05-30,1272659.2630441128,10557778.929028973,25826.85263031468,10531952.076398658,10557778.929028973,0.0,11830438.192073086,0.0,0.0,278.9008099208586,0.0,0,0,0,0,63750.0,0.0,9952.132386235055,0.0,1042.869342122179,0.0,0.0,0.0,1272659.2630441128,0.0,0.0,False,False,0.0,1.1920928955078125e-07,passed
duration,2023-05-30,7680385.137295935,4065603.701656397,21438.323946488348,4044165.3777099084,10557778.929028973,6492175.2273725765,11745988.838952333,0.0,0.0,1683.1415112428367,0.0,0,0,0,0,9917.381478397001,0.0,62533.55317636859,0.0,1725.2611256883708,6622018.731920028,0.0,6622018.731920028,1058366.4053759072,0.0,0.0,False,False,0.0,5.960464477539063e-08,passed
unweighted,2023-05-30,11570970.531475205,156657.64394326715,-7225.945748960246,163883.5896922274,10620594.65479424,10463937.010850973,11727628.175418472,0.0,0.0,2535.7557568736374,0.0,0,0,0,0,24308.075935467685,0.0,90423.80618854426,0.0,2081.5450520466143,10673215.751067992,0.0,10673215.751067992,897754.7804072127,0.0,0.0,False,False,0.0,1.1920928955078125e-07,passed
constrained,2023-05-30,11873515.50188908,-152204.1985771619,-8462.865572072227,-143741.3330050897,10624011.08720514,10776215.285782302,11721311.303311918,0.0,0.0,2602.0579005312175,0.0,0,0,0,0,24480.61402984721,0.0,94769.11720102467,0.0,2134.1142062319523,10991739.591497948,0.0,10991739.591497948,881775.9103911314,0.0,0.0,False,False,0.0,1.1920928955078125e-07,passed
unhedged,2023-05-31,1272728.9977982524,10591263.527883844,26176.697994234928,10565086.82988961,10591263.527883844,0.0,11863992.525682097,0.0,0.0,69.73475413955748,0.0,0,0,0,0,63750.0,0.0,10021.867140374612,0.0,1042.869342122179,0.0,0.0,0.0,1272728.9977982524,0.0,0.0,False,False,0.0,1.1920928955078125e-07,passed
duration,2023-05-31,7680805.980317158,4068170.2595980866,21495.60073148684,4046674.6588665997,10591263.527883844,6523093.268285758,11748976.239915244,0.0,0.0,420.84302122239023,0.0,0,0,0,0,9917.381478397001,0.0,62954.39619759098,0.0,1725.2611256883708,6653555.133651474,0.0,6653555.133651474,1027250.8466656841,0.0,0.0,False,False,0.0,5.960464477539063e-08,passed
unweighted,2023-05-31,11541602.285475716,187001.52896476683,22746.965466884292,164254.56349788254,10654608.685514634,10467607.156549867,11728603.814440483,-30002.271782037755,0.0,634.0257825478911,0.0,0,0,0,0,-5694.19584657007,0.0,91057.83197109215,0.0,2081.5450520466143,10676959.299680864,0.0,10676959.299680864,864642.9857948516,0.0,0.0,False,False,8.840288501232862e-10,1.1920928955078125e-07,passed
constrained,2023-05-31,11842905.936745849,-120815.31431245463,22761.968779439034,-143577.28309189365,10658053.912756171,10778869.227068625,11722090.622433394,-31260.168732374957,0.0,650.603589143604,0.0,0,0,0,0,-6779.554702527748,0.0,95419.72079016827,0.0,2134.1142062319523,10994446.611609997,0.0,10994446.611609997,848459.3251358513,0.0,0.0,False,False,5.093170329928398e-11,1.1920928955078125e-07,passed
unhedged,2023-06-01,1272798.7363734744,10611423.417015787,26526.543358155177,10584896.873657633,10611423.417015787,0.0,11884222.153389262,0.0,0.0,69.73857522197068,0.0,0.0,-0.0,0.0,0,63750.0,0.0,10091.605715596583,0.0,1042.869342122179,0.0,0.0,0.0,1272798.7363734744,0.0,0.0,False,False,0.0,1.1920928955078125e-07,passed
duration,2023-06-01,7654660.797125007,4097583.6170113767,21573.07771457361,4076010.539296803,10611423.417015787,6513839.80000441,11752244.414136384,0.0,0.0,420.86608111299574,0.0,2.656339293397005,-26563.392933970048,26563.392933970048,0,9917.381478397001,0.0,63375.26227870397,0.0,1727.9174649817678,6644116.596004498,0.0,6644116.596004498,1010544.2011205088,0.0,0.0,False,False,-2.18014495345642e-10,5.960464477539063e-08,passed
unweighted,2023-06-01,11300742.469483772,428649.3330928622,22695.546946932907,405953.7861459293,10685082.377825603,10256433.044732742,11729391.802576635,0.0,0.0,632.4165635891259,0.0,36.195143215763444,-241456.03741231657,361951.4321576344,0,-5694.19584657007,0.0,91690.24853468128,0.0,2117.7401952623777,10461561.705627397,0.0,10461561.705627397,839180.7638563756,0.0,0.0,False,False,-4.970317490915477e-10,1.1920928955078125e-07,passed
constrained,2023-06-01,11660442.430899197,62272.641992697696,22718.367253686898,39554.2747390108,10693847.102021182,10631574.460028484,11722715.072891895,0.0,0.0,648.9263526983559,0.0,26.880098877427965,-183085.5521004726,268800.98877427966,0,-6779.554702527748,0.0,96068.64714286663,0.0,2160.99430510938,10844205.949229054,0.0,10844205.949229054,816236.4816701431,0.0,0.0,False,False,3.8985703554317297e-10,1.1920928955078125e-07,passed
unhedged,2023-06-02,1272868.4787699878,10558401.740484167,26876.388722075426,10531525.351762092,10558401.740484167,0.0,11831270.219254155,0.0,0.0,69.74239651346579,0.0,0,0,0,0,63750.0,0.0,10161.348112110049,0.0,1042.869342122179,0.0,0.0,0.0,1272868.4787699878,0.0,0.0,False,False,0.0,1.1920928955078125e-07,passed
duration,2023-06-02,7655080.230593343,4089926.8216765877,21631.542746518473,4068295.2789300694,10558401.740484167,6468474.918807579,11745007.052269932,0.0,0.0,419.43346833623946,0.0,0,0,0,0,9917.381478397001,0.0,63794.69574704021,0.0,1727.9174649817678,6597844.417183731,0.0,6597844.417183731,1057235.8134096125,0.0,0.0,False,False,0.0,5.960464477539063e-08,passed
unweighted,2023-06-02,11301361.688249225,428364.81816889934,22669.237180779495,405695.5809881198,10631466.490638645,10203101.672469746,11729726.506418124,0.0,0.0,619.2187654525042,0.0,0,0,0,0,-5694.19584657007,0.0,92309.46730013378,0.0,2117.7401952623777,10407163.705919141,0.0,10407163.705919141,894197.9823300838,0.0,0.0,False,False,0.0,1.1920928955078125e-07,passed
constrained,2023-06-02,11661081.359251576,62212.79704058209,22686.102781119625,39526.69425946246,10640160.509349775,10577947.712309191,11723294.156292157,0.0,0.0,638.9283523783088,0.0,0,0,0,0,-6779.554702527748,0.0,96707.57549524494,0.0,2160.99430510938,10789506.666555375,0.0,10789506.666555375,871574.6926962007,0.0,0.0,False,False,0.0,1.1920928955078125e-07,passed
unhedged,2023-06-05,1273077.7288893738,10567443.623298973,27925.924813836176,10539517.698485136,10567443.623298973,0.0,11840521.352188347,0.0,0.0,209.250119386008,0.0,0,0,0,0,63750.0,0.0,10370.598231496057,0.0,1042.869342122179,0.0,0.0,0.0,1273077.7288893738,0.0,0.0,False,False,0.0,1.1920928955078125e-07,passed
duration,2023-06-05,7656338.668899325,4093460.144597546,21806.937842353065,4071653.206755193,10567443.623298973,6473983.478701427,11749798.81349687,0.0,0.0,1258.4383059814572,0.0,0,0,0,0,9917.381478397001,0.0,65053.13405302167,0.0,1727.9174649817678,6603463.148275455,0.0,6603463.148275455,1052875.5206238693,0.0,0.0,False,False,0.0,5.960464477539063e-08,passed
unweighted,2023-06-05,11303219.54813179,428616.54334439134,22590.307882319266,406026.2354620721,10640515.787209962,10211899.24386557,11731836.091476182,0.0,0.0,1857.8598825652152,0.0,0,0,0,0,-5694.19584657007,0.0,94167.327182699,0.0,2117.7401952623777,10416137.22874288,0.0,10416137.22874288,887082.3193889093,0.0,0.0,False,False,0.0,1.1920928955078125e-07,passed
constrained,2023-06-05,11662998.354375023,62218.84182435267,22589.3093634178,39629.53246093487,10649210.68808845,10586991.846264098,11725217.196199376,0.0,0.0,1916.9951234478503,0.0,0,0,0,0,-6779.554702527748,0.0,98624.57061869279,0.0,2160.99430510938,10798731.68318938,0.0,10798731.68318938,864266.6711856425,0.0,0.0,False,False,0.0,1.1920928955078125e-07,passed
unhedged,2023-06-06,1273147.4865731488,10563591.156963663,28275.770177756425,10535315.386785908,10563591.156963663,0.0,11836738.643536812,0.0,0.0,69.75768377492204,0.0,0,0,0,0,63750.0,0.0,10440.355915270979,0.0,1042.869342122179,0.0,0.0,0.0,1273147.4865731488,0.0,0.0,False,False,0.0,1.1920928955078125e-07,passed
duration,2023-06-06,7656758.19430584,4089844.5798298297,21865.402874297924,4067979.176955532,10563591.156963663,6473746.577133833,11746602.77413567,0.0,0.0,419.52540651522577,0.0,0,0,0,0,9917.381478397001,0.0,65472.659459536895,0.0,1727.9174649817678,6603221.50867651,0.0,6603221.50867651,1053536.6856293296,0.0,0.0,False,False,0.0,5.960464477539063e-08,passed
unweighted,2023-06-06,11303838.902627578,428585.14330928173,22563.998116165854,406021.14519311587,10636742.666213604,10208157.522904322,11732424.04593686,0.0,0.0,619.3544957879931,0.0,0,0,0,0,-5694.19584657007,0.0,94786.68167848699,0.0,2117.7401952623777,10412320.673362408,0.0,10412320.673362408,891518.2292651702,0.0,0.0,False,False,0.0,1.1920928955078125e-07,passed
constrained,2023-06-06,11663637.422778003,62230.14076379473,22557.044890850528,39673.0958729442,10645447.008441854,10583216.867678061,11725867.563541798,0.0,0.0,639.068402979523,0.0,0,0,0,0,-6779.554702527748,0.0,99263.63902167231,0.0,2160.99430510938,10794881.205031622,0.0,10794881.205031622,868756.2177463807,0.0,0.0,False,False,0.0,1.1920928955078125e-07,passed
unhedged,2023-06-07,1273217.2480792622,10518345.231881127,28625.615541676674,10489719.61633945,10518345.231881127,0.0,11791562.47996039,0.0,0.0,69.76150611345656,0.0,0,0,0,0,63750.0,0.0,10510.117421384435,0.0,1042.869342122179,0.0,0.0,0.0,1273217.2480792622,0.0,0.0,False,False,0.0,1.1920928955078125e-07,passed
duration,2023-06-07,7657177.742700049,4095235.490168955,21923.86790624279,4073311.6222627126,10518345.231881127,6423109.741712171,11752413.232869003,0.0,0.0,419.54839420877397,0.0,0,0,0,0,9917.381478397001,0.0,65892.20785374567,0.0,1727.9174649817678,6551571.936546414,0.0,6551571.936546414,1105605.8061536346,0.0,0.0,False,False,0.0,5.960464477539063e-08,passed
unweighted,2023-06-07,11304458.2910606,428788.44401786214,22537.688350012446,406250.7556678497,10590494.908712883,10161706.46469502,11733246.735078463,0.0,0.0,619.3884330224246,0.0,0,0,0,0,-5694.19584657007,0.0,95406.07011150941,0.0,2117.7401952623777,10364940.59398892,0.0,10364940.59398892,939517.6970716808,0.0,0.0,False,False,0.0,1.1920928955078125e-07,passed
constrained,2023-06-07,11664276.52619843,62276.04307763901,22524.78041828325,39751.262659355765,10599080.042297147,10536803.999219509,11726552.569276068,0.0,0.0,639.1034204270691,0.0,0,0,0,0,-6779.554702527748,0.0,99902.74244209938,0.0,2160.99430510938,10747540.0792039,0.0,10747540.0792039,916736.44699453,0.0,0.0,False,False,0.0,1.1920928955078125e-07,passed
unhedged,2023-06-08,1273287.0134079244,10555653.891195234,28975.460905596927,10526678.430289637,10555653.891195234,0.0,11828940.904603159,0.0,0.0,69.76532866223715,0.0,0,0,0,0,63750.0,0.0,10579.882750046672,0.0,1042.869342122179,0.0,0.0,0.0,1273287.0134079244,0.0,0.0,False,False,0.0,1.1920928955078125e-07,passed
duration,2023-06-08,7657597.314083211,4091192.389345686,21982.332938187654,4069210.056407498,10555653.891195234,6464461.501849547,11748789.703428898,0.0,0.0,419.5713831624016,0.0,0,0,0,0,9917.381478397001,0.0,66311.77923690807,0.0,1727.9174649817678,6593750.731886538,0.0,6593750.731886538,1063846.5821966734,0.0,0.0,False,False,0.0,5.960464477539063e-08,passed
unweighted,2023-06-08,11305077.713432714,428698.4587360214,22511.378583859034,406187.0801521624,10628496.845913347,10199798.387177326,11733776.172168735,0.0,0.0,619.4223721139133,0.0,0,0,0,0,-5694.19584657007,0.0,96025.49248362333,0.0,2117.7401952623777,10403794.354920872,0.0,10403794.354920872,901283.3585118428,0.0,0.0,False,False,0.0,1.1920928955078125e-07,passed
constrained,2023-06-08,11664915.664638223,62169.88692215676,22492.51594571598,39677.37097644078,10637164.473051663,10574994.586129505,11727085.55156038,0.0,0.0,639.1384397931397,0.0,0,0,0,0,-6779.554702527748,0.0,100541.88088189252,0.0,2160.99430510938,10786494.477852095,0.0,10786494.477852095,878421.1867861282,0.0,0.0,False,False,0.0,1.1920928955078125e-07,passed
unhedged,2023-06-09,1273356.782559344,10539368.346144233,29325.30626951718,10510043.039874716,10539368.346144233,0.0,11812725.128703577,0.0,0.0,69.769151419634,0.0,0,0,0,0,63750.0,0.0,10649.651901466306,0.0,1042.869342122179,0.0,0.0,0.0,1273356.782559344,0.0,0.0,False,False,0.0,1.1920928955078125e-07,passed
duration,2023-06-09,7658016.908456586,4086704.818679604,22040.79797013252,4064664.020709472,10539368.346144233,6452663.527464629,11744721.727136191,0.0,0.0,419.5943733751774,0.0,0,0,0,0,9917.381478397001,0.0,66731.37361028325,0.0,1727.9174649817678,6581716.798013922,0.0,6581716.798013922,1076300.1104426645,0.0,0.0,False,False,0.0,5.960464477539063e-08,passed
unweighted,2023-06-09,11305697.16974578,428549.5052394497,22485.068817705625,406064.43642174406,10612205.498085726,10183655.992846277,11734246.67498523,0.0,0.0,619.4563130661845,0.0,0,0,0,0,-5694.19584657007,0.0,96644.94879668951,0.0,2117.7401952623777,10387329.112703202,0.0,10387329.112703202,918368.0570425782,0.0,0.0,False,False,0.0,1.1920928955078125e-07,passed
constrained,2023-06-09,11665554.8380993,62150.642218810666,22460.251473148706,39690.39074566196,10620872.43474815,10558721.792529339,11727705.480318112,0.0,0.0,639.1734610777348,0.0,0,0,0,0,-6779.554702527748,0.0,101181.05434297025,0.0,2160.99430510938,10769896.228379926,0.0,10769896.228379926,895658.6097193751,0.0,0.0,False,False,0.0,1.1920928955078125e-07,passed
unhedged,2023-06-12,1273566.1129522442,10552259.961379003,30374.842361277922,10521885.119017724,10552259.961379003,0.0,11825826.074331246,0.0,0.0,209.33039290015586,0.0,0,0,0,0,63750.0,0.0,10858.982294366462,0.0,1042.869342122179,0.0,0.0,0.0,1273566.1129522442,0.0,0.0,False,False,0.0,1.1920928955078125e-07,passed
duration,2023-06-12,7659275.829530585,4090249.1669104146,22216.193065967105,4068032.9738444476,10552259.961379003,6462010.794468588,11749524.996441,0.0,0.0,1258.9210739983246,0.0,0,0,0,0,9917.381478397001,0.0,67990.29468428157,0.0,1727.9174649817678,6591251.01035796,0.0,6591251.01035796,1068024.8191726245,0.0,0.0,False,False,0.0,5.960464477539063e-08,passed
unweighted,2023-06-12,11307555.742349284,428885.49062719033,22406.13951924539,406479.35110794497,10625229.790728085,10196344.300100895,11736441.232976474,0.0,0.0,1858.5726035032421,0.0,0,0,0,0,-5694.19584657007,0.0,98503.52140019275,0.0,2117.7401952623777,10400271.186102912,0.0,10400271.186102912,907284.5562463719,0.0,0.0,False,False,0.0,1.1920928955078125e-07,passed
constrained,2023-06-12,11667472.568629425,62299.97694346289,22363.458055446878,39936.51888801601,10633912.5147553,10571612.537811836,11729772.545572888,0.0,0.0,1917.7305301241577,0.0,0,0,0,0,-6779.554702527748,0.0,103098.78487309441,0.0,2160.99430510938,10783044.788568074,0.0,10783044.788568074,884427.7800613511,0.0,0.0,False,False,0.0,1.1920928955078125e-07,passed
unhedged,2023-06-13,1273635.8973967896,10501734.204473954,30724.68772519817,10471009.516748756,10501734.204473954,0.0,11775370.101870744,0.0,0.0,69.78444454539567,0.0,0,0,0,0,63750.0,0.0,10928.766738911858,0.0,1042.869342122179,0.0,0.0,0.0,1273635.8973967896,0.0,0.0,False,False,0.0,1.1920928955078125e-07,passed
duration,2023-06-13,7659695.515877409,4086692.264605445,22274.658097911968,4064417.6065075328,10501734.204473954,6415041.939868509,11746387.780482855,0.0,0.0,419.6863468242809,0.0,0,0,0,0,9917.381478397001,0.0,68409.98103110585,0.0,1727.9174649817678,6543342.778665879,0.0,6543342.778665879,1116352.73721153,0.0,0.0,False,False,0.0,5.960464477539063e-08,passed
unweighted,2023-06-13,11308175.334444756,428605.1402503773,22379.82975309198,406225.31049728533,10573814.361595448,10145209.22134507,11736780.474695133,0.0,0.0,619.5920954719186,0.0,0,0,0,0,-5694.19584657007,0.0,99123.11349566467,0.0,2117.7401952623777,10348113.405771973,0.0,10348113.405771973,960061.9286727831,0.0,0.0,False,False,0.0,1.1920928955078125e-07,passed
constrained,2023-06-13,11668111.88219483,62047.73987485064,22331.193582879605,39716.54629197103,10582391.22298744,10520343.483112589,11730159.622069681,0.0,0.0,639.3135654050857,0.0,0,0,0,0,-6779.554702527748,0.0,103738.0984384995,0.0,2160.99430510938,10730750.35277484,0.0,10730750.35277484,937361.5294199903,0.0,0.0,False,False,0.0,1.1920928955078125e-07,passed
unhedged,2023-06-14,1273705.6856651404,10499802.327477477,31074.533089118428,10468727.79438836,10499802.327477477,0.0,11773508.013142617,0.0,0.0,69.78826835076325,0.0,0,0,0,0,63750.0,0.0,10998.555007262621,0.0,1042.869342122179,0.0,0.0,0.0,1273705.6856651404,0.0,0.0,False,False,0.0,1.1920928955078125e-07,passed
duration,2023-06-14,7660115.225220745,4076533.732936037,22333.12312985684,4054200.60980618,10499802.327477477,6423268.594541442,11736648.958156783,0.0,0.0,419.7093433365226,0.0,0,0,0,0,9917.381478397001,0.0,68829.69037444238,0.0,1727.9174649817678,6551733.966432271,0.0,6551733.966432271,1108381.2587884748,0.0,0.0,False,False,0.0,5.960464477539063e-08,passed
unweighted,2023-06-14,11308794.960490482,428131.40117073216,22353.519986938576,405777.8811837936,10572250.34587679,10144118.944706058,11736926.361661214,0.0,0.0,619.6260457262397,0.0,0,0,0,0,-5694.19584657007,0.0,99742.73954139091,0.0,2117.7401952623777,10347001.323600179,0.0,10347001.323600179,961793.6368903033,0.0,0.0,False,False,0.0,1.1920928955078125e-07,passed
constrained,2023-06-14,11668751.230791118,61799.654652637146,22298.929110312336,39500.72554232481,10580870.979304211,10519071.324651573,11730550.885443754,0.0,0.0,639.3485962878913,0.0,0,0,0,0,-6779.554702527748,0.0,104377.44703478739,0.0,2160.99430510938,10729452.751144605,0.0,10729452.751144605,939298.4796465132,0.0,0.0,False,False,0.0,1.1920928955078125e-07,passed
unhedged,2023-06-15,1273775.4777575056,10559556.633582663,31424.378453038673,10528132.255129624,10559556.633582663,0.0,11833332.111340169,0.0,0.0,69.79209236521274,0.0,0,0,0,0,63750.0,0.0,11068.347099627834,0.0,1042.869342122179,0.0,0.0,0.0,1273775.4777575056,0.0,0.0,False,False,0.0,1.1920928955078125e-07,passed
duration,2023-06-15,7660534.957561854,4081908.602781536,22391.588161801697,4059517.014619734,10559556.633582663,6477648.030801127,11742443.56034339,0.0,0.0,419.7323411088437,0.0,0,0,0,0,9917.381478397001,0.0,69249.42271555122,0.0,1727.9174649817678,6607200.991417149,0.0,6607200.991417149,1053333.9661447052,0.0,0.0,False,False,0.0,5.960464477539063e-08,passed
unweighted,2023-06-15,11309414.620488318,428593.286344149,22327.21022078516,406266.0761233638,10632757.912964405,10204164.626620257,11738007.906832466,0.0,0.0,619.6599978357553,0.0,0,0,0,0,-5694.19584657007,0.0,100362.39953922667,0.0,2117.7401952623777,10408247.919152662,0.0,10408247.919152662,901166.7013356555,0.0,0.0,False,False,0.0,1.1920928955078125e-07,passed
constrained,2023-06-15,11669390.614420203,62043.9392019494,22266.664637745056,39777.274564204345,10641468.177370673,10579424.238168724,11731434.553622153,0.0,0.0,639.3836290854961,0.0,0,0,0,0,-6779.554702527748,0.0,105016.83066387288,0.0,2160.99430510938,10791012.722932098,0.0,10791012.722932098,878377.8914881051,0.0,0.0,False,False,0.0,1.1920928955078125e-07,passed
unhedged,2023-06-16,1273845.273674095,10534789.464540062,31774.22381695892,10503015.240723103,10534789.464540062,0.0,11808634.738214158,0.0,0.0,69.79591658944264,0.0,0,0,0,0,63750.0,0.0,11138.143016217276,0.0,1042.869342122179,0.0,0.0,0.0,1273845.273674095,0.0,0.0,False,False,0.0,1.1920928955078125e-07,passed
duration,2023-06-16,7660954.7129019955,4075674.911808336,22450.05319374656,4053224.8586145896,10534789.464540062,6459114.552731726,11736629.624710333,0.0,0.0,419.75534014124423,0.0,0,0,0,0,9917.381478397001,0.0,69669.17805569246,0.0,1727.9174649817678,6588296.843786361,0.0,6588296.843786361,1072657.8691156348,0.0,0.0,False,False,0.0,5.960464477539063e-08,passed
unweighted,2023-06-16,11310034.314440126,428118.9227451364,22300.90045463175,405818.02229050465,10607636.54766691,10179517.624921773,11738153.237185262,0.0,0.0,619.6939518079162,0.0,0,0,0,0,-5694.19584657007,0.0,100982.09349103458,0.0,2117.7401952623777,10383107.977420209,0.0,10383107.977420209,926926.3370199166,0.0,0.0,False,False,0.0,1.1920928955078125e-07,passed
constrained,2023-06-16,11670030.033084007,61652.83315305174,22234.400165177783,39418.43298787395,10616304.666047072,10554651.83289402,11731682.86623706,0.0,0.0,639.418663803488,0.0,0,0,0,0,-6779.554702527748,0.0,105656.24932767637,0.0,2160.99430510938,10765744.8695519,0.0,10765744.8695519,904285.1635321062,0.0,0.0,False,False,0.0,1.1920928955078125e-07,passed
unhedged,2023-06-20,1274124.4955868868,10553790.405535335,33173.60527263992,10520616.800262695,10553790.405535335,0.0,11827914.901122222,0.0,0.0,279.22191279171966,0.0,0,0,0,0,63750.0,0.0,11417.364929008996,0.0,1042.869342122179,0.0,0.0,0.0,1274124.4955868868,0.0,0.0,False,False,0.0,1.1920928955078125e-07,passed
duration,2023-06-20,7662633.964278089,4077174.368344512,22683.913321526015,4054490.455022986,10553790.405535335,6476616.037190823,11739808.3326226,0.0,0.0,1679.2513760933653,0.0,0,0,0,0,9917.381478397001,0.0,71348.42943178583,0.0,1727.9174649817678,6606148.35793464,0.0,6606148.35793464,1056485.606343449,0.0,0.0,False,False,0.0,5.960464477539063e-08,passed
unweighted,2023-06-20,11312513.429824296,428466.10387500643,22195.661390018107,406270.4424849883,10627097.490899777,10198631.38702477,11740979.533699302,0.0,0.0,2479.1153841707855,0.0,0,0,0,0,-5694.19584657007,0.0,103461.20887520537,0.0,2117.7401952623777,10402604.014765264,0.0,10402604.014765264,909909.4150590319,0.0,0.0,False,False,0.0,1.1920928955078125e-07,passed
constrained,2023-06-20,11672588.058124818,61833.48599490876,22105.342274908686,39728.14372000008,10635820.345223773,10573986.859228866,11734421.544119727,0.0,0.0,2558.0250408109277,0.0,0,0,0,0,-6779.554702527748,0.0,108214.2743684873,0.0,2160.99430510938,10785466.596413443,0.0,10785466.596413443,887121.461711375,0.0,0.0,False,False,0.0,1.1920928955078125e-07,passed
unhedged,2023-06-21,1274194.310627741,10561586.730260128,33523.45063656018,10528063.279623568,10561586.730260128,0.0,11835781.04088787,0.0,0.0,69.8150408542715,0.0,0,0,0,0,63750.0,0.0,11487.179969863268,0.0,1042.869342122179,0.0,0.0,0.0,1274194.310627741,0.0,0.0,False,False,0.0,1.1920928955078125e-07,passed
duration,2023-06-21,7663053.834632295,4076268.3520546025,22742.378353470885,4053525.9737011315,10561586.730260128,6485318.378205526,11739322.186686898,0.0,0.0,419.8703542063013,0.0,0,0,0,0,9917.381478397001,0.0,71768.29978599213,0.0,1727.9174649817678,6615024.745769637,0.0,6615024.745769637,1048029.0888626585,0.0,0.0,False,False,0.0,5.960464477539063e-08,passed
unweighted,2023-06-21,11313133.293573875,428500.4221662191,22169.351623864703,406331.07054235437,10635094.49413755,10206594.07197133,11741633.715740094,0.0,0.0,619.8637495785952,0.0,0,0,0,0,-5694.19584657007,0.0,104081.07262478396,0.0,2117.7401952623777,10410725.953410758,0.0,10410725.953410758,902407.3401631173,0.0,0.0,False,False,0.0,1.1920928955078125e-07,passed
constrained,2023-06-21,11673227.651991013,61866.71133355294,22073.077802341413,39793.633531211526,10643841.227318903,10581974.515985351,11735094.363324566,0.0,0.0,639.5938661955297,0.0,0,0,0,0,-6779.554702527748,0.0,108853.86823468283,0.0,2160.99430510938,10793614.006305058,0.0,10793614.006305058,879613.6456859559,0.0,0.0,False,False,0.0,1.1920928955078125e-07,passed
unhedged,2023-06-22,1274264.1294940768,10526761.108671378,33873.296000480426,10492887.812670898,10526761.108671378,0.0,11801025.238165455,0.0,0.0,69.81886633578688,0.0,0,0,0,0,63750.0,0.0,11556.998836199054,0.0,1042.869342122179,0.0,0.0,0.0,1274264.1294940768,0.0,0.0,False,False,0.0,1.1920928955078125e-07,passed
duration,2023-06-22,7663473.727993098,4075447.4312778413,22800.843385415745,4052646.5878924257,10526761.108671378,6451313.677393537,11738921.159270938,0.0,0.0,419.89336080290377,0.0,0,0,0,0,9917.381478397001,0.0,72188.19314679503,0.0,1727.9174649817678,6580339.950941408,0.0,6580339.950941408,1083133.77705169,0.0,0.0,False,False,0.0,5.960464477539063e-08,passed
unweighted,2023-06-22,11313753.191288592,428274.0600668776,22143.04185771129,406131.0182091663,10599451.90176931,10171177.841702433,11742027.25135547,0.0,0.0,619.8977147173136,0.0,0,0,0,0,-5694.19584657007,0.0,104700.97033950128,0.0,2117.7401952623777,10374601.398536483,0.0,10374601.398536483,939151.7927521095,0.0,0.0,False,False,0.0,1.1920928955078125e-07,passed
constrained,2023-06-22,11673867.280903453,61647.038096233926,22040.81332977414,39606.22476645978,10608101.423104621,10546454.385008387,11735514.318999687,0.0,0.0,639.6289124395698,0.0,0,0,0,0,-6779.554702527748,0.0,109493.4971471224,0.0,2160.99430510938,10757383.472708555,0.0,10757383.472708555,916483.8081948981,0.0,0.0,False,False,0.0,1.1920928955078125e-07,passed
unhedged,2023-06-23,1274333.952186104,10545346.200991213,34223.14136440067,10511123.059626812,10545346.200991213,0.0,11819680.153177317,0.0,0.0,69.82269202708267,0.0,0,0,0,0,63750.0,0.0,11626.821528226137,0.0,1042.869342122179,0.0,0.0,0.0,1274333.952186104,0.0,0.0,False,False,0.0,1.1920928955078125e-07,passed
duration,2023-06-23,7663893.644361755,4077856.7035924895,22859.308417360608,4054997.3951751287,10545346.200991213,6467489.497398724,11741750.347954243,0.0,0.0,419.91636865679175,0.0,0,0,0,0,9917.381478397001,0.0,72608.10951545183,0.0,1727.9174649817678,6596839.287346698,0.0,6596839.287346698,1067054.3570150565,0.0,0.0,False,False,0.0,5.960464477539063e-08,passed
unweighted,2023-06-23,11314373.122970307,428727.36767467856,22116.73209155788,406610.6355831207,10618737.69735679,10190010.329682112,11743100.490644986,0.0,0.0,619.931681714952,0.0,0,0,0,0,-5694.19584657007,0.0,105320.90202121623,0.0,2117.7401952623777,10393810.536275754,0.0,10393810.536275754,920562.5866945535,0.0,0.0,False,False,0.0,1.1920928955078125e-07,passed
constrained,2023-06-23,11674506.944864051,62068.239429907626,22008.54885720686,40059.69057270077,10627470.59579675,10565402.356366843,11736575.18429396,0.0,0.0,639.6639605984092,0.0,0,0,0,0,-6779.554702527748,0.0,110133.1611077208,0.0,2160.99430510938,10776710.40349418,0.0,10776710.40349418,897796.5413698722,0.0,0.0,False,False,0.0,1.1920928955078125e-07,passed
unhedged,2023-06-26,1274543.4432184298,10558916.653901467,35272.67745616142,10523643.976445306,10558916.653901467,0.0,11833460.097119898,0.0,0.0,209.4910323258955,0.0,0,0,0,0,63750.0,0.0,11836.312560552033,0.0,1042.869342122179,0.0,0.0,0.0,1274543.4432184298,0.0,0.0,False,False,0.0,1.1920928955078125e-07,passed
duration,2023-06-26,7665153.531527469,4080818.674052803,23034.7035131952,4057783.9705396076,10558916.653901467,6478097.979848663,11745972.205580272,0.0,0.0,1259.8871657140553,0.0,0,0,0,0,9917.381478397001,0.0,73867.99668116588,0.0,1727.9174649817678,6607659.939445637,0.0,6607659.939445637,1057493.5920818318,0.0,0.0,False,False,0.0,5.960464477539063e-08,passed
unweighted,2023-06-26,11316233.121836055,429013.74544364196,22037.80279309765,406975.94265054434,10632403.731319895,10203389.985876253,11745246.867279697,0.0,0.0,1859.9988657478243,0.0,0,0,0,0,-5694.19584657007,0.0,107180.90088696405,0.0,2117.7401952623777,10407457.785593778,0.0,10407457.785593778,908775.3362422772,0.0,0.0,False,False,0.0,1.1920928955078125e-07,passed
constrained,2023-06-26,11676426.147054011,62187.34054440197,21911.755439505043,40275.585104896934,10641148.00300701,10578960.662462609,11738613.487598414,0.0,0.0,1919.2021899595857,0.0,0,0,0,0,-6779.554702527748,0.0,112052.3632976804,0.0,2160.99430510938,10790539.875711862,0.0,10790539.875711862,885886.271342149,0.0,0.0,False,False,0.0,1.1920928955078125e-07,passed
unhedged,2023-06-27,1274613.2812153185,10538768.318326652,35622.52282008167,10503145.79550657,10538768.318326652,0.0,11813381.59954197,0.0,0.0,69.83799688867293,0.0,0,0,0,0,63750.0,0.0,11906.150557440706,0.0,1042.869342122179,0.0,0.0,0.0,1274613.2812153185,0.0,0.0,False,False,0.0,1.1920928955078125e-07,passed
duration,2023-06-27,7665573.539940156,4074849.4533099467,23093.168545140063,4051756.2847648067,10538768.318326652,6463918.865016705,11740422.993250102,0.0,0.0,420.0084126871079,0.0,0,0,0,0,9917.381478397001,0.0,74288.00509385299,0.0,1727.9174649817678,6593197.2423170395,0.0,6593197.2423170395,1072376.2976231165,0.0,0.0,False,False,0.0,5.960464477539063e-08,passed
unweighted,2023-06-27,11316853.189404376,428627.2366153818,22011.493026944237,406615.74358843756,10611917.404620621,10183290.16800524,11745480.426019758,0.0,0.0,620.067568320781,0.0,0,0,0,0,-5694.19584657007,0.0,107800.96845528483,0.0,2117.7401952623777,10386955.971365344,0.0,10386955.971365344,929897.2180390321,0.0,0.0,False,False,0.0,1.1920928955078125e-07,passed
constrained,2023-06-27,11677065.951226452,61925.41422669459,21879.490966937767,40045.923259756826,10620621.45853988,10558696.044313187,11738991.365453146,0.0,0.0,639.8041724413633,0.0,0,0,0,0,-6779.554702527748,0.0,112692.16747012176,0.0,2160.99430510938,10769869.96519945,0.0,10769869.96519945,907195.9860270023,0.0,0.0,False,False,0.0,1.1920928955078125e-07,passed
unhedged,2023-06-28,1274683.1230389467,10568250.757602096,35972.36818400192,10532278.389418093,10568250.757602096,0.0,11842933.880641043,0.0,0.0,69.84182362817228,0.0,0,0,0,0,63750.0,0.0,11975.992381068878,0.0,1042.869342122179,0.0,0.0,0.0,1274683.1230389467,0.0,0.0,False,False,0.0,1.1920928955078125e-07,passed
duration,2023-06-28,7665993.571367003,4074060.51191057,23151.633577084922,4050908.8783334848,10568250.757602096,6494190.245691526,11740054.083277572,0.0,0.0,420.03142684698105,0.0,0,0,0,0,9917.381478397001,0.0,74708.03652069997,0.0,1727.9174649817678,6624074.050605357,0.0,6624074.050605357,1041919.5207616463,0.0,0.0,False,False,0.0,5.960464477539063e-08,passed
unweighted,2023-06-28,11317473.290949002,428665.0755922504,21985.18326079082,406679.89233145956,10641799.961848345,10213134.886256093,11746138.366541252,0.0,0.0,620.1015446260571,0.0,0,0,0,0,-5694.19584657007,0.0,108421.06999991089,0.0,2117.7401952623777,10417397.583981216,0.0,10417397.583981216,900075.706967786,0.0,0.0,False,False,0.0,1.1920928955078125e-07,passed
constrained,2023-06-28,11677705.790456658,61915.740494689024,21847.226494370487,40068.51400031854,10650551.626044191,10588635.885549502,11739621.530951347,0.0,0.0,639.8392302058637,0.0,0,0,0,0,-6779.554702527748,0.0,113332.00670032762,0.0,2160.99430510938,10800408.603260493,0.0,10800408.603260493,877297.1871961653,0.0,0.0,False,False,0.0,1.1920928955078125e-07,passed
unhedged,2023-06-29,1274752.9686895243,10473519.125240158,36322.213547922176,10437196.911692236,10473519.125240158,0.0,11748272.093929682,0.0,0.0,69.84565057768486,0.0,0,0,0,0,63750.0,0.0,12045.838031646563,0.0,1042.869342122179,0.0,0.0,0.0,1274752.9686895243,0.0,0.0,False,False,0.0,1.1920928955078125e-07,passed
duration,2023-06-29,7666413.625809269,4085844.6441610195,23210.098609029792,4062634.5455519897,10473519.125240158,6387674.48107914,11752258.269970289,0.0,0.0,420.0544422660023,0.0,0,0,0,0,9917.381478397001,0.0,75128.09096296597,0.0,1727.9174649817678,6515427.970700723,0.0,6515427.970700723,1150985.655108546,0.0,0.0,False,False,0.0,5.960464477539063e-08,passed
unweighted,2023-06-29,11318093.426471794,430326.80216350354,21958.87349463742,408367.9286688661,10546093.206473399,10115766.404309895,11748420.228635298,0.0,0.0,620.1355227921158,0.0,0,0,0,0,-5694.19584657007,0.0,109041.205522703,0.0,2117.7401952623777,10318081.732396092,0.0,10318081.732396092,1000011.6940757018,0.0,0.0,False,False,0.0,1.1920928955078125e-07,passed
constrained,2023-06-29,11678345.664746545,63346.3295429625,21814.962021803218,41531.36752115928,10554728.840193499,10491382.510650538,11741691.994289508,0.0,0.0,639.874289887026,0.0,0,0,0,0,-6779.554702527748,0.0,113971.88099021465,0.0,2160.99430510938,10701210.160863549,0.0,10701210.160863549,977135.5038829967,0.0,0.0,False,False,0.0,1.1920928955078125e-07,passed
unhedged,2023-06-30,1274822.8181672608,10493043.553390324,36672.058911842425,10456371.49447848,10493043.553390324,0.0,11767866.371557586,0.0,0.0,69.8494777365122,0.0,0,0,0,0,63750.0,0.0,12115.687509383075,0.0,1042.869342122179,0.0,0.0,0.0,1274822.8181672608,0.0,0.0,False,False,0.0,1.1920928955078125e-07,passed
duration,2023-06-30,7666833.703268218,4086995.820470343,23268.56364097465,4063727.2568293684,10493043.553390324,6406047.732919982,11753829.523738561,0.0,0.0,420.0774589488283,0.0,0,0,0,0,9917.381478397001,0.0,75548.1684219148,0.0,1727.9174649817678,6534168.687578381,0.0,6534168.687578381,1132665.0156898368,0.0,0.0,False,False,0.0,5.960464477539063e-08,passed
unweighted,2023-06-30,11318713.595974615,430540.8493101172,21932.56372848401,408608.28558163316,10566501.068259444,10135960.218949327,11749254.445284732,0.0,0.0,620.1695028208196,0.0,0,0,0,0,-5694.19584657007,0.0,109661.37502552383,0.0,2117.7401952623777,10338679.423328314,0.0,10338679.423328314,980034.1726463009,0.0,0.0,False,False,0.0,1.1920928955078125e-07,passed
constrained,2023-06-30,11678985.57409804,63119.89945860757,21782.69754923594,41337.20190937163,10575241.822280979,10512121.922822371,11742105.473556647,0.0,0.0,639.9093514941633,0.0,0,0,0,0,-6779.554702527748,0.0,114611.79034170881,0.0,2160.99430510938,10722364.361278819,0.0,10722364.361278819,956621.2128192205,0.0,0.0,False,False,0.0,1.1920928955078125e-07,passed
unhedged,2023-07-03,1275032.389565521,10469322.610331744,37721.59500360317,10431601.01532814,10469322.610331744,0.0,11744354.999897264,0.0,0.0,209.57139826007187,0.0,0.0,-0.0,0.0,0,63750.0,0.0,12325.258907643147,0.0,1042.869342122179,0.0,0.0,0.0,1275032.389565521,0.0,0.0,False,False,0.0,1.1920928955078125e-07,passed
duration,2023-07-03,7628087.962530563,4125557.311695406,23533.425591464416,4102023.8861039416,10469322.610331744,6343765.298636338,11753645.274225969,0.0,0.0,1260.370489549823,0.0,4.000211101610284,-40002.11101610284,40002.11101610284,0,9917.381478397001,0.0,76808.53891146462,0.0,1731.9176760833782,6470640.604609065,0.0,6470640.604609065,1157447.357921498,0.0,0.0,False,False,-5.719362761169577e-10,5.960464477539063e-08,passed
unweighted,2023-07-03,11290156.27401596,460836.36748683354,21798.592080994636,439037.7754058389,10549274.96063494,10088438.593148107,11750992.641502792,0.0,0.0,1860.7124072555453,0.0,13.854516120931205,-30404.17984979083,138545.16120931203,0,-5694.19584657007,0.0,111522.08743277937,0.0,2131.594711383309,10290207.36501107,0.0,10290207.36501107,999948.9090048894,0.0,0.0,False,False,7.256879541728267e-10,1.1920928955078125e-07,passed
constrained,2023-07-03,11656637.990717888,87207.12030100984,21692.824336970956,65514.29596403889,10553870.669759054,10466663.549458044,11743845.111018898,0.0,0.0,1919.9384433235973,0.0,5.502710276222006,-24262.019113200513,55027.102762220056,0,-6779.554702527748,0.0,116531.7287850324,0.0,2166.497015385602,10675996.820447205,0.0,10675996.820447205,980641.1702706832,0.0,0.0,False,False,1.5976002742945639e-09,1.1920928955078125e-07,passed
unhedged,2023-07-05,1275172.1229706677,10438799.822987013,38421.28573144367,10400378.537255568,10438799.822987013,0.0,11713971.94595768,0.0,0.0,139.73340514674783,0.0,0,0,0,0,63750.0,0.0,12464.992312789895,0.0,1042.869342122179,0.0,0.0,0.0,1275172.1229706677,0.0,0.0,False,False,0.0,1.1920928955078125e-07,passed
duration,2023-07-05,7628923.940278645,4133927.659375568,23654.00736370742,4110273.6520118606,10438799.822987013,6304872.163611445,11762851.599654213,0.0,0.0,835.9777480820194,0.0,0,0,0,0,9917.381478397001,0.0,77644.51665954664,0.0,1731.9176760833782,6430969.606883674,0.0,6430969.606883674,1197954.3333949707,0.0,0.0,False,False,0.0,5.960464477539063e-08,passed
unweighted,2023-07-05,11291393.585313864,461475.5237047068,21744.216534591404,439731.3071701154,10517724.610310083,10056249.086605377,11752869.109018572,0.0,0.0,1237.3112979047,0.0,0,0,0,0,-5694.19584657007,0.0,112759.39873068407,0.0,2131.594711383309,10257374.068337485,0.0,10257374.068337485,1034019.5169763789,0.0,0.0,False,False,0.0,1.1920928955078125e-07,passed
constrained,2023-07-05,11657915.465496043,87282.78319113428,21629.087958580018,65653.69523255427,10522261.254496826,10434978.47130569,11745198.248687178,0.0,0.0,1277.474778154865,0.0,0,0,0,0,-6779.554702527748,0.0,117809.20356318727,0.0,2166.497015385602,10643678.040731804,0.0,10643678.040731804,1014237.4247642383,0.0,0.0,False,False,0.0,1.1920928955078125e-07,passed
unhedged,2023-07-06,1275241.9954157618,10387097.970998757,38771.13109536392,10348326.839903392,10387097.970998757,0.0,11662339.966414519,0.0,0.0,69.87244509416632,0.0,0,0,0,0,63750.0,0.0,12534.864757884061,0.0,1042.869342122179,0.0,0.0,0.0,1275241.9954157618,0.0,0.0,False,False,0.0,1.1920928955078125e-07,passed
duration,2023-07-06,7629341.96350825,4137377.7829784816,23714.29824982892,4113663.4847286525,10387097.970998757,6249720.188020275,11766719.74648673,0.0,0.0,418.0232296055183,0.0,0,0,0,0,9917.381478397001,0.0,78062.53988915216,0.0,1731.9176760833782,6374714.59178068,0.0,6374714.59178068,1254627.37172757,0.0,0.0,False,False,0.0,5.960464477539063e-08,passed
unweighted,2023-07-06,11292012.29181169,461991.1811840813,21717.02876138979,440274.1524226915,10465172.237736735,10003181.056552654,11754003.472995771,0.0,0.0,618.7064978256822,0.0,0,0,0,0,-5694.19584657007,0.0,113378.10522850975,0.0,2131.594711383309,10203244.677683707,0.0,10203244.677683707,1088767.6141279824,0.0,0.0,False,False,0.0,1.1920928955078125e-07,passed
constrained,2023-07-06,11658554.255384566,87389.58798341182,21597.219769384545,65792.36821402729,10469659.993489325,10382270.405505914,11745943.843367979,0.0,0.0,638.789888523519,0.0,0,0,0,0,-6779.554702527748,0.0,118447.99345171079,0.0,2166.497015385602,10589915.813616032,0.0,10589915.813616032,1068638.4417685345,0.0,0.0,False,False,0.0,1.1920928955078125e-07,passed
unhedged,2023-07-07,1275311.8716894833,10390399.921886034,39120.97645928417,10351278.94542675,10390399.921886034,0.0,11665711.793575518,0.0,0.0,69.87627372145653,0.0,0,0,0,0,63750.0,0.0,12604.741031605517,0.0,1042.869342122179,0.0,0.0,0.0,1275311.8716894833,0.0,0.0,False,False,0.0,1.1920928955078125e-07,passed
duration,2023-07-07,7629760.009643238,4143205.5639106515,23774.589135950417,4119430.974774701,10390399.921886034,6247194.357975383,11772965.57355389,0.0,0.0,418.046134987846,0.0,0,0,0,0,9917.381478397001,0.0,78480.58602414001,0.0,1731.9176760833782,6372138.245134891,0.0,6372138.245134891,1257621.764508347,0.0,0.0,False,False,0.0,5.960464477539063e-08,passed
unweighted,2023-07-07,11292631.032211244,462247.6934815055,21689.84098818817,440557.85249331733,10468094.335704967,10005846.642223462,11754878.725692749,0.0,0.0,618.7403995543718,0.0,0,0,0,0,-5694.19584657007,0.0,113996.84562806413,0.0,2131.594711383309,10205963.575067932,0.0,10205963.575067932,1086667.4571433123,0.0,0.0,False,False,0.0,1.1920928955078125e-07,passed
constrained,2023-07-07,11659193.080275273,87473.89580501558,21565.35158018907,65908.5442248265,10472560.257283587,10385086.36147857,11746666.97608029,0.0,0.0,638.8248907066882,0.0,0,0,0,0,-6779.554702527748,0.0,119086.81834241748,0.0,2166.497015385602,10592788.088708142,0.0,10592788.088708142,1066404.9915671311,0.0,0.0,False,False,0.0,1.1920928955078125e-07,passed
unhedged,2023-07-10,1275521.5234845087,10433714.65626627,40170.51255104492,10393544.143715225,10433714.65626627,0.0,11709236.17975078,0.0,0.0,209.65179502544925,0.0,0,0,0,0,63750.0,0.0,12814.392826630967,0.0,1042.869342122179,0.0,0.0,0.0,1275521.5234845087,0.0,0.0,False,False,0.0,1.1920928955078125e-07,passed
duration,2023-07-10,7631014.285493046,4137659.7426583944,23955.46179431492,4113704.2808640795,10433714.65626627,6296054.913607877,11768674.028151441,0.0,0.0,1254.2758498080075,0.0,0,0,0,0,9917.381478397001,0.0,79734.86187394802,0.0,1731.9176760833782,6421976.011880035,0.0,6421976.011880035,1209038.2736130115,0.0,0.0,False,False,0.0,5.960464477539063e-08,passed
unweighted,2023-07-10,11294487.456838831,460877.9633023703,21608.277668583316,439269.68563378695,10511555.136697032,10050677.173394661,11755365.420141201,0.0,0.0,1856.4246275871992,0.0,0,0,0,0,-5694.19584657007,0.0,115853.27025565132,0.0,2131.594711383309,10251690.716862556,0.0,10251690.716862556,1042796.7399762757,0.0,0.0,False,False,0.0,1.1920928955078125e-07,passed
constrained,2023-07-10,11661109.764979688,86916.69057280784,21469.74701260266,65446.94356020518,10516029.454272242,10429112.763699435,11748026.455552496,0.0,0.0,1916.6847044155002,0.0,0,0,0,0,-6779.554702527748,0.0,121003.50304683298,0.0,2166.497015385602,10637695.018973423,0.0,10637695.018973423,1023414.7460062653,0.0,0.0,False,False,0.0,1.1920928955078125e-07,passed
unhedged,2023-07-11,1275591.4150748367,10441084.771256957,40520.35791496517,10400564.413341992,10441084.771256957,0.0,11716676.186331794,0.0,0.0,69.89159032795578,0.0,0,0,0,0,63750.0,0.0,12884.284416958923,0.0,1042.869342122179,0.0,0.0,0.0,1275591.4150748367,0.0,0.0,False,False,0.0,1.1920928955078125e-07,passed
duration,2023-07-11,7631432.423262115,4133589.8404109683,24015.752680436417,4109574.087730532,10441084.771256957,6307494.930845989,11765022.263673082,0.0,0.0,418.1377690685913,0.0,0,0,0,0,9917.381478397001,0.0,80152.9996430166,0.0,1731.9176760833782,6433644.829462909,0.0,6433644.829462909,1197787.5937992055,0.0,0.0,False,False,0.0,5.960464477539063e-08,passed
unweighted,2023-07-11,11295106.332863865,460471.85677636083,21581.089895381698,438890.7668809791,10519295.295086574,10058823.438310213,11755578.189640226,0.0,0.0,618.8760250341147,0.0,0,0,0,0,-5694.19584657007,0.0,116472.14628068544,0.0,2131.594711383309,10259999.907076418,0.0,10259999.907076418,1035106.425787447,0.0,0.0,False,False,0.0,1.1920928955078125e-07,passed
constrained,2023-07-11,11661748.729898317,86646.00520320433,21437.878823407187,65208.12637979715,10523790.882978644,10437144.87777544,11748394.735101521,0.0,0.0,638.964918628335,0.0,0,0,0,0,-6779.554702527748,0.0,121642.46796546131,0.0,2166.497015385602,10645887.77533095,0.0,10645887.77533095,1015860.9545673672,0.0,0.0,False,False,0.0,1.1920928955078125e-07,passed
unhedged,2023-07-12,1275661.3104948408,10519090.593864918,40870.20327888542,10478220.390586032,10519090.593864918,0.0,11794751.904359758,0.0,0.0,69.89542000414804,0.0,0,0,0,0,63750.0,0.0,12954.17983696307,0.0,1042.869342122179,0.0,0.0,0.0,1275661.3104948408,0.0,0.0,False,False,0.0,1.1920928955078125e-07,passed
duration,2023-07-12,7631850.583942841,4136914.5884757116,24076.043566557917,4112838.5449091536,10519090.593864918,6382176.005389206,11768765.172418553,0.0,0.0,418.16068072617054,0.0,0,0,0,0,9917.381478397001,0.0,80571.16032374278,0.0,1731.9176760833782,6509819.52549699,0.0,6509819.52549699,1122031.0584458504,0.0,0.0,False,False,0.0,5.960464477539063e-08,passed
unweighted,2023-07-12,11295725.242799912,460172.8440979909,21553.90212218008,438618.9419758108,10597795.14800651,10137622.30390852,11755898.086897902,0.0,0.0,618.9099360462278,0.0,0,0,0,0,-5694.19584657007,0.0,117091.05621673167,0.0,2131.594711383309,10340374.74998669,0.0,10340374.74998669,955350.4928132221,0.0,0.0,False,False,0.0,1.1920928955078125e-07,passed
constrained,2023-07-12,11662387.729828723,86563.27522883806,21406.010634211714,65157.264594626344,10602319.133057684,10515755.857828846,11748951.00505756,0.0,0.0,638.9999304059893,0.0,0,0,0,0,-6779.554702527748,0.0,122281.4678958673,0.0,2166.497015385602,10726070.974985423,0.0,10726070.974985423,936316.7548433002,0.0,0.0,False,False,0.0,1.1920928955078125e-07,passed
unhedged,2023-07-13,1275731.2097447312,10578084.82517001,41220.04864280567,10536864.776527205,10578084.82517001,0.0,11853816.034914741,0.0,0.0,69.89924989035353,0.0,0,0,0,0,63750.0,0.0,13024.079086853424,0.0,1042.869342122179,0.0,0.0,0.0,1275731.2097447312,0.0,0.0,False,False,0.0,1.1920928955078125e-07,passed
duration,2023-07-13,7632268.767536483,4142963.743770991,24136.334452679417,4118827.4093183116,10578084.82517001,6435121.08139902,11775232.511307474,0.0,0.0,418.1835936419666,0.0,0,0,0,0,9917.381478397001,0.0,80989.34391738474,0.0,1731.9176760833782,6563823.503027,0.0,6563823.503027,1068445.2645094823,0.0,0.0,False,False,0.0,5.960464477539063e-08,passed
unweighted,2023-07-13,11296344.186648834,460280.36828643456,21526.714348978465,438753.6539374561,10657645.522317698,10197365.154031264,11756624.554935269,0.0,0.0,618.9438489228487,0.0,0,0,0,0,-5694.19584657007,0.0,117710.00006565452,0.0,2131.594711383309,10401312.45711189,0.0,10401312.45711189,895031.729536945,0.0,0.0,False,False,0.0,1.1920928955078125e-07,passed
constrained,2023-07-13,11663026.764772825,86769.2380791166,21374.142445016245,65395.09563410036,10662218.71898316,10575449.480904045,11749796.00285194,0.0,0.0,639.0349441021681,0.0,0,0,0,0,-6779.554702527748,0.0,122920.50283996947,0.0,2166.497015385602,10786958.470522126,0.0,10786958.470522126,876068.2942506988,0.0,0.0,False,False,0.0,1.1920928955078125e-07,passed
unhedged,2023-07-14,1275801.1128247173,10545708.512675006,41569.89400672592,10504138.61866828,10545708.512675006,0.0,11821509.625499723,0.0,0.0,69.9030799861066,0.0,0,0,0,0,63750.0,0.0,13093.98216683953,0.0,1042.869342122179,0.0,0.0,0.0,1275801.1128247173,0.0,0.0,False,False,0.0,1.1920928955078125e-07,passed
duration,2023-07-14,7632686.974044292,4131152.887325767,24196.625338800914,4106956.2619869662,10545708.512675006,6414555.625349239,11763839.861370059,0.0,0.0,418.20650780946016,0.0,0,0,0,0,9917.381478397001,0.0,81407.5504251942,0.0,1731.9176760833782,6542846.737856224,0.0,6542846.737856224,1089840.236188068,0.0,0.0,False,False,0.0,5.960464477539063e-08,passed
unweighted,2023-07-14,11296963.164412485,459611.89598835766,21499.526575776843,438112.3694125808,10624706.64872304,10165094.752734683,11756575.060400844,0.0,0.0,618.9777636509389,0.0,0,0,0,0,-5694.19584657007,0.0,118328.97782930546,0.0,2131.594711383309,10368396.647789378,0.0,10368396.647789378,928566.5166231077,0.0,0.0,False,False,0.0,1.1920928955078125e-07,passed
constrained,2023-07-14,11663665.834732538,86130.24596890176,21342.27425582077,64787.97171308099,10629247.509038556,10543117.263069654,11749796.08070144,0.0,0.0,639.0699597131461,0.0,0,0,0,0,-6779.554702527748,0.0,123559.57279968262,0.0,2166.497015385602,10753979.608331047,0.0,10753979.608331047,909686.2264014911,0.0,0.0,False,False,0.0,1.1920928955078125e-07,passed
unhedged,2023-07-17,1276010.8450473498,10558442.053923443,42619.43009848667,10515822.623824956,10558442.053923443,0.0,11834452.898970792,0.0,0.0,209.732222632505,0.0,0,0,0,0,63750.0,0.0,13303.714389472036,0.0,1042.869342122179,0.0,0.0,0.0,1276010.8450473498,0.0,0.0,False,False,0.0,1.1920928955078125e-07,passed
duration,2023-07-17,7633941.731065299,4133307.3205315256,24377.497997165414,4108929.8225343605,10558442.053923443,6425134.733391916,11767249.051596824,0.0,0.0,1254.757021007128,0.0,0,0,0,0,9917.381478397001,0.0,82662.30744620133,0.0,1731.9176760833782,6553637.428059755,0.0,6553637.428059755,1080304.3030055445,0.0,0.0,False,False,0.0,5.960464477539063e-08,passed
unweighted,2023-07-17,11298820.301210418,459799.64766292745,21417.96325617199,438381.6844067555,10637517.362796202,10177717.715133274,11758619.948873347,0.0,0.0,1857.136797932908,0.0,0,0,0,0,-5694.19584657007,0.0,120186.11462723836,0.0,2131.594711383309,10381272.06943594,0.0,10381272.06943594,917548.2317744792,0.0,0.0,False,False,0.0,1.1920928955078125e-07,passed
constrained,2023-07-17,11665583.25472455,86183.25234768286,21246.669688234357,64936.58265944851,10642062.65905204,10555879.406704359,11751766.507072233,0.0,0.0,1917.4199920110404,0.0,0,0,0,0,-6779.554702527748,0.0,125476.99279169366,0.0,2166.497015385602,10766996.994838446,0.0,10766996.994838446,898586.2598861028,0.0,0.0,False,False,0.0,1.1920928955078125e-07,passed
unhedged,2023-07-18,1276080.763449818,10567931.82130787,42969.27546240692,10524962.545845462,10567931.82130787,0.0,11844012.584757688,0.0,0.0,69.91840246808715,0.0,0,0,0,0,63750.0,0.0,13373.632791940123,0.0,1042.869342122179,0.0,0.0,0.0,1276080.763449818,0.0,0.0,False,False,0.0,1.1920928955078125e-07,passed
duration,2023-07-18,7634360.029242344,4130538.78501915,24437.788883286914,4106100.996135863,10567931.82130787,6437393.036288721,11764898.814261494,0.0,0.0,418.29817704483867,0.0,0,0,0,0,9917.381478397001,0.0,83080.60562324617,0.0,1731.9176760833782,6566140.897014495,0.0,6566140.897014495,1068219.1322278492,0.0,0.0,False,False,0.0,5.960464477539063e-08,passed
unweighted,2023-07-18,11299439.414651582,459580.5472292789,21390.775482970377,438189.77174630854,10647239.857026177,10187659.309796898,11759019.96188086,0.0,0.0,619.113441163674,0.0,0,0,0,0,-5694.19584657007,0.0,120805.22806840204,0.0,2131.594711383309,10391412.495992836,0.0,10391412.495992836,908026.9186587464,0.0,0.0,False,False,0.0,1.1920928955078125e-07,passed
constrained,2023-07-18,11666222.464765904,86029.25505716038,21214.801499038884,64814.453558121495,10651798.530560901,10565769.27550374,11752251.719823064,0.0,0.0,639.2100413553417,0.0,0,0,0,0,-6779.554702527748,0.0,126116.202833049,0.0,2166.497015385602,10777084.661013816,0.0,10777084.661013816,889137.8037520889,0.0,0.0,False,False,0.0,1.1920928955078125e-07,passed
unhedged,2023-07-19,1276150.6856834318,10587963.762489973,43319.12082632716,10544644.641663646,10587963.762489973,0.0,11864114.448173404,0.0,0.0,69.92223361390643,0.0,0,0,0,0,63750.0,0.0,13443.55502555403,0.0,1042.869342122179,0.0,0.0,0.0,1276150.6856834318,0.0,0.0,False,False,0.0,1.1920928955078125e-07,passed
duration,2023-07-19,7634778.350339837,4125818.173925227,24498.07976940841,4101320.0941558187,10587963.762489973,6462145.588564745,11760596.524265064,0.0,0.0,418.3210974931717,0.0,0,0,0,0,9917.381478397001,0.0,83498.92672073934,0.0,1731.9176760833782,6591388.50033604,0.0,6591388.50033604,1043389.8500037976,0.0,0.0,False,False,0.0,5.960464477539063e-08,passed
unweighted,2023-07-19,11300058.562016768,459295.5240722411,21363.587709768755,437931.93636247236,10667963.238223068,10208667.714150827,11759354.08608901,0.0,0.0,619.1473651863635,0.0,0,0,0,0,-5694.19584657007,0.0,121424.3754335884,0.0,2131.594711383309,10412841.068433844,0.0,10412841.068433844,887217.4935829248,0.0,0.0,False,False,0.0,1.1920928955078125e-07,passed
constrained,2023-07-19,11666861.709832469,85954.29593662698,21182.93330984341,64771.362626783564,10672561.656145202,10586607.360208575,11752816.005769096,0.0,0.0,639.2450665645301,0.0,0,0,0,0,-6779.554702527748,0.0,126755.44789961353,0.0,2166.497015385602,10798339.507412747,0.0,10798339.507412747,868522.2024197225,0.0,0.0,False,False,0.0,1.1920928955078125e-07,passed
unhedged,2023-07-20,1276220.6117484008,10538980.172731679,43668.96619024742,10495311.206541432,10538980.172731679,0.0,11815200.78448008,0.0,0.0,69.92606496904045,0.0,0,0,0,0,63750.0,0.0,13513.48109052307,0.0,1042.869342122179,0.0,0.0,0.0,1276220.6117484008,0.0,0.0,False,False,0.0,1.1920928955078125e-07,passed
duration,2023-07-20,7635196.694359033,4128794.795345325,24558.370655529918,4104236.424689795,10538980.172731679,6410185.377386353,11763991.48970436,0.0,0.0,418.3440191959962,0.0,0,0,0,0,9917.381478397001,0.0,83917.27073993534,0.0,1731.9176760833782,6538389.08493408,0.0,6538389.08493408,1096807.6094249533,0.0,0.0,False,False,0.0,5.960464477539063e-08,passed
unweighted,2023-07-20,11300677.743307838,459693.3860277943,21336.399936567144,438356.98609122715,10618025.842574159,10158332.456546366,11760371.129335633,0.0,0.0,619.1812910698354,0.0,0,0,0,0,-5694.19584657007,0.0,122043.55672465824,0.0,2131.594711383309,10361499.105677294,0.0,10361499.105677294,939178.6376305446,0.0,0.0,False,False,0.0,1.1920928955078125e-07,passed
constrained,2023-07-20,11667500.989926158,85966.86640593236,21151.065120647945,64815.80128528442,10622569.435160734,10536602.568754802,11753467.85633209,0.0,0.0,639.2800936885178,0.0,0,0,0,0,-6779.554702527748,0.0,127394.72799330205,0.0,2166.497015385602,10747334.620129898,0.0,10747334.620129898,920166.3697962593,0.0,0.0,False,False,0.0,1.1920928955078125e-07,passed
unhedged,2023-07-21,1276290.5416449353,10537981.600265585,44018.811554167674,10493962.788711417,10537981.600265585,0.0,11814272.14191052,0.0,0.0,69.92989653442055,0.0,0,0,0,0,63750.0,0.0,13583.41098705749,0.0,1042.869342122179,0.0,0.0,0.0,1276290.5416449353,0.0,0.0,False,False,0.0,1.1920928955078125e-07,passed
duration,2023-07-21,7635615.061301192,4127771.2081228653,24618.661541651418,4103152.546581214,10537981.600265585,6410210.3921427205,11763386.269424058,0.0,0.0,418.3669421589002,0.0,0,0,0,0,9917.381478397001,0.0,84335.63768209424,0.0,1731.9176760833782,6538414.599985575,0.0,6538414.599985575,1097200.461315617,0.0,0.0,False,False,0.0,5.960464477539063e-08,passed
unweighted,2023-07-21,11301296.95852665,459666.1778939866,21309.21216336553,438356.9657306211,10617140.511533905,10157474.33363992,11760963.136420637,0.0,0.0,619.2152188122272,0.0,0,0,0,0,-5694.19584657007,0.0,122662.77194347046,0.0,2131.594711383309,10360623.820312718,0.0,10360623.820312718,940673.1382139325,0.0,0.0,False,False,0.0,1.1920928955078125e-07,passed
constrained,2023-07-21,11668140.305048896,85912.94159882188,21119.196931452476,64793.74466736941,10621690.613305664,10535777.67170684,11754053.246647717,0.0,0.0,639.3151227384806,0.0,0,0,0,0,-6779.554702527748,0.0,128034.04311604053,0.0,2166.497015385602,10746493.225140978,0.0,10746493.225140978,921647.0799079183,0.0,0.0,False,False,0.0,1.1920928955078125e-07,passed
unhedged,2023-07-24,1276500.3543260286,10514623.479954585,45068.34764592842,10469555.132308656,10514623.479954585,0.0,11791123.834280614,0.0,0.0,209.81268109334633,0.0,0,0,0,0,63750.0,0.0,13793.223668150837,0.0,1042.869342122179,0.0,0.0,0.0,1276500.3543260286,0.0,0.0,False,False,0.0,1.1920928955078125e-07,passed
duration,2023-07-24,7636870.299677984,4131638.7153382907,24799.534200015914,4106839.1811382747,10514623.479954585,6382984.764616296,11768509.015016275,0.0,0.0,1255.238376791589,0.0,0,0,0,0,9917.381478397001,0.0,85590.87605888583,0.0,1731.9176760833782,6510644.459908621,0.0,6510644.459908621,1126225.8397693625,0.0,0.0,False,False,0.0,5.960464477539063e-08,passed
unweighted,2023-07-24,11303154.807768129,460789.84133995575,21227.648843760675,439562.1924961951,10594355.214899646,10133565.373559691,11763944.649108084,0.0,0.0,1857.8492414783686,0.0,0,0,0,0,-5694.19584657007,0.0,124520.62118494883,0.0,2131.594711383309,10336236.681030884,0.0,10336236.681030884,966918.1267372444,0.0,0.0,False,False,0.0,1.1920928955078125e-07,passed
constrained,2023-07-24,11670058.460610576,86740.53930974084,21023.592363866053,65716.94694587478,10598938.242920447,10512197.703610707,11756798.999920316,0.0,0.0,1918.1555616799742,0.0,0,0,0,0,-6779.554702527748,0.0,129952.1986777205,0.0,2166.497015385602,10722441.657682922,0.0,10722441.657682922,947616.8029276542,0.0,0.0,False,False,0.0,1.1920928955078125e-07,passed
unhedged,2023-07-25,1276570.2995509233,10489687.505907115,45418.19300984866,10444269.312897267,10489687.505907115,0.0,11766257.805458037,0.0,0.0,69.94522489467636,0.0,0,0,0,0,63750.0,0.0,13863.168893045513,0.0,1042.869342122179,0.0,0.0,0.0,1276570.2995509233,0.0,0.0,False,False,0.0,1.1920928955078125e-07,passed
duration,2023-07-25,7637288.758324541,4133509.783845131,24859.825086137407,4108649.9587589935,10489687.505907115,6356177.722061983,11770798.542169672,0.0,0.0,418.45864655729383,0.0,0,0,0,0,9917.381478397001,0.0,86009.33470544312,0.0,1731.9176760833782,6483301.276503223,0.0,6483301.276503223,1153987.4818213182,0.0,0.0,False,False,0.0,5.960464477539063e-08,passed
unweighted,2023-07-25,11303774.158716502,460998.5823194434,21200.461070559053,439798.12124888436,10569088.954434691,10108090.372115249,11764772.741035946,0.0,0.0,619.3509483728558,0.0,0,0,0,0,-5694.19584657007,0.0,125139.97213332169,0.0,2131.594711383309,10310252.179557554,0.0,10310252.179557554,993521.9791589472,0.0,0.0,False,False,0.0,1.1920928955078125e-07,passed
constrained,2023-07-25,11670697.915868692,86770.19806075563,20991.72417467058,65778.47388608505,10573652.997393807,10486882.79933305,11757468.113929449,0.0,0.0,639.4552581161261,0.0,0,0,0,0,-6779.554702527748,0.0,130591.65393583663,0.0,2166.497015385602,10696620.455319712,0.0,10696620.455319712,974077.4605489802,0.0,0.0,False,False,0.0,1.1920928955078125e-07,passed
unhedged,2023-07-26,1276640.248608433,10515746.285091016,45768.03837376892,10469978.246717248,10515746.285091016,0.0,11792386.53369945,0.0,0.0,69.949057509657,0.0,0,0,0,0,63750.0,0.0,13933.11795055517,0.0,1042.869342122179,0.0,0.0,0.0,1276640.248608433,0.0,0.0,False,False,0.0,1.1920928955078125e-07,passed
duration,2023-07-26,7637707.239900342,4140743.032341051,24920.11597225892,4115822.916368792,10515746.285091016,6375003.2527499655,11778450.272241393,0.0,0.0,418.48157580103725,0.0,0,0,0,0,9917.381478397001,0.0,86427.81628124416,0.0,1731.9176760833782,6502503.317804965,0.0,6502503.317804965,1135203.922095377,0.0,0.0,False,False,0.0,5.960464477539063e-08,passed
unweighted,2023-07-26,11304393.543601913,462211.2752273403,21173.273297357442,441038.00192998286,10595078.417478543,10132867.142251203,11766604.818829253,0.0,0.0,619.3848854117095,0.0,0,0,0,0,-5694.19584657007,0.0,125759.3570187334,0.0,2131.594711383309,10335524.485096227,0.0,10335524.485096227,968869.058505686,0.0,0.0,False,False,0.0,1.1920928955078125e-07,passed
constrained,2023-07-26,11671337.406165455,87728.87753286632,20959.855985475115,66769.0215473912,10599638.47610429,10511909.598571423,11759066.28369832,0.0,0.0,639.4902967624366,0.0,0,0,0,0,-6779.554702527748,0.0,131231.14423259906,0.0,2166.497015385602,10722147.790542852,0.0,10722147.790542852,949189.6156226024,0.0,0.0,False,False,0.0,1.1920928955078125e-07,passed
unhedged,2023-07-27,1276710.2014987678,10449902.57153396,46117.88373768916,10403784.68779627,10449902.57153396,0.0,11726612.773032727,0.0,0.0,69.9528903348837,0.0,0,0,0,0,63750.0,0.0,14003.070840890054,0.0,1042.869342122179,0.0,0.0,0.0,1276710.2014987678,0.0,0.0,False,False,0.0,1.1920928955078125e-07,passed
duration,2023-07-27,7638125.744406638,4139035.7887980137,24980.40685838041,4114055.3819396333,10449902.57153396,6310866.782735946,11777161.533204652,0.0,0.0,418.5045062955469,0.0,0,0,0,0,9917.381478397001,0.0,86846.3207875397,0.0,1731.9176760833782,6437084.118390664,0.0,6437084.118390664,1201041.6260159733,0.0,0.0,False,False,0.0,5.960464477539063e-08,passed
unweighted,2023-07-27,11305012.96242622,461455.1428506728,21146.08552415582,440309.057326517,10528032.417118879,10066577.274268206,11766468.105276892,0.0,0.0,619.4188243057579,0.0,0,0,0,0,-5694.19584657007,0.0,126378.77584303916,0.0,2131.594711383309,10267908.81975357,0.0,10267908.81975357,1037104.1426726487,0.0,0.0,False,False,0.0,1.1920928955078125e-07,passed
constrained,2023-07-27,11671976.93150278,86726.09552466556,20927.987796279638,65798.10772838592,10532523.367576977,10445797.272052312,11758703.027027445,0.0,0.0,639.525337325409,0.0,0,0,0,0,-6779.554702527748,0.0,131870.66956992447,0.0,2166.497015385602,10654713.217493359,0.0,10654713.217493359,1017263.714009421,0.0,0.0,False,False,0.0,1.1920928955078125e-07,passed
unhedged,2023-07-28,1276780.1582221377,10481150.067561565,46467.72910160941,10434682.338459956,10481150.067561565,0.0,11757930.225783702,0.0,0.0,69.95672336989082,0.0,0,0,0,0,63750.0,0.0,14073.027564259944,0.0,1042.869342122179,0.0,0.0,0.0,1276780.1582221377,0.0,0.0,False,False,0.0,1.1920928955078125e-07,passed
duration,2023-07-28,7638544.271844688,4139547.7421424375,25040.697744501907,4114507.0443979357,10481150.067561565,6341602.325419128,11778092.013987126,0.0,0.0,418.52743805013597,0.0,0,0,0,0,9917.381478397001,0.0,87264.84822558984,0.0,1731.9176760833782,6468434.371927511,0.0,6468434.371927511,1170109.899917177,0.0,0.0,False,False,0.0,5.960464477539063e-08,passed
unweighted,2023-07-28,11305632.415191285,461221.7408461701,21118.8977509542,440102.8430952159,10559583.874260295,10098362.133414125,11766854.156037455,0.0,0.0,619.4527650661767,0.0,0,0,0,0,-5694.19584657007,0.0,126998.22860810533,0.0,2131.594711383309,10300329.376082407,0.0,10300329.376082407,1005303.039108878,0.0,0.0,False,False,0.0,1.1920928955078125e-07,passed
constrained,2023-07-28,11672616.491882589,86583.87625821047,20896.119607084165,65687.7566511263,10564092.296585811,10477508.4203276,11759200.3681408,0.0,0.0,639.5603798087686,0.0,0,0,0,0,-6779.554702527748,0.0,132510.22994973324,0.0,2166.497015385602,10687058.588734152,0.0,10687058.588734152,985557.9031484369,0.0,0.0,False,False,0.0,1.1920928955078125e-07,passed
unhedged,2023-07-31,1276990.0513925583,10481638.041476524,47517.26519337016,10434120.776283154,10481638.041476524,0.0,11758628.092869082,0.0,0.0,209.89317042054608,0.0,0,0,0,0,63750.0,0.0,14282.92073468049,0.0,1042.869342122179,0.0,0.0,0.0,1276990.0513925583,0.0,0.0,False,False,0.0,1.1920928955078125e-07,passed
duration,2023-07-31,7639799.991761927,4147731.9853389794,25221.570402866408,4122510.414936113,10481638.041476524,6333906.056137543,11787531.977100905,0.0,0.0,1255.71991723869,0.0,0,0,0,0,9917.381478397001,0.0,88520.56814282853,0.0,1731.9176760833782,6460584.177260295,0.0,6460584.177260295,1179215.814501632,0.0,0.0,False,False,0.0,5.960464477539063e-08,passed
unweighted,2023-07-31,11307490.977149623,462704.2046617469,21037.334431349347,441666.87023039756,10559953.827685561,10097249.623023814,11770195.18181137,0.0,0.0,1858.5619583372027,0.0,0,0,0,0,-5694.19584657007,0.0,128856.79056644253,0.0,2131.594711383309,10299194.61548429,0.0,10299194.61548429,1008296.3616653327,0.0,0.0,False,False,0.0,1.1920928955078125e-07,passed
constrained,2023-07-31,11674535.383296123,87640.32363480644,20800.51503949775,66839.80859530868,10564455.466122432,10476815.142487625,11762175.70693093,0.0,0.0,1918.8914135340601,0.0,0,0,0,0,-6779.554702527748,0.0,134429.1213632673,0.0,2166.497015385602,10686351.445337377,0.0,10686351.445337377,988183.9379587453,0.0,0.0,False,False,0.0,1.1920928955078125e-07,passed
unhedged,2023-08-01,1277060.023450169,10450538.702012774,47867.11055729042,10402671.591455484,10450538.702012774,0.0,11727598.725462943,0.0,0.0,69.9720576107502,0.0,0.0,-0.0,0.0,0,63750.0,0.0,14352.89279229124,0.0,1042.869342122179,0.0,0.0,0.0,1277060.023450169,0.0,0.0,False,False,0.0,1.1920928955078125e-07,passed
duration,2023-08-01,7612426.150958532,4187568.9350753743,25381.63252932171,4162187.3025460527,10450538.702012774,6262969.7669374,11799995.086033907,0.0,0.0,418.6191776311025,0.0,2.778968101292518,-27789.681012925175,27789.681012925175,0,9917.381478397001,0.0,88939.18732045963,0.0,1734.6966441846707,6388229.162276148,0.0,6388229.162276148,1224196.9886823837,0.0,0.0,False,False,3.398930026321523e-10,5.960464477539063e-08,passed
unweighted,2023-08-01,11240875.498337334,530563.9737994852,20980.472608877222,509583.501190608,10537615.157394255,10007051.18359477,11771439.47213682,0.0,0.0,619.588546693325,0.0,16.829597941972533,-67218.23776103971,168295.97941972534,0,-5694.19584657007,0.0,129476.37911313586,0.0,2148.4243093252817,10207192.207266666,0.0,10207192.207266666,1033683.291070668,0.0,0.0,False,False,-1.3656986652677006e-10,1.1920928955078125e-07,passed
constrained,2023-08-01,11670480.723026669,91890.98643829986,20780.37029129928,71110.61614700058,10541857.117720386,10449966.131282086,11762371.70946497,0.0,0.0,639.7005689479411,0.0,5.520473942634368,-4688.840364460398,55204.73942634368,0,-6779.554702527748,0.0,135068.82193221524,0.0,2172.0174893282365,10658965.453907728,0.0,10658965.453907728,1011515.2691189405,0.0,0.0,False,False,9.694360869616503e-10,1.1920928955078125e-07,passed
unhedged,2023-08-02,1277129.9993418648,10449996.201494474,48216.95592121066,10401779.245573264,10449996.201494474,0.0,11727126.200836338,0.0,0.0,69.97589169582352,0.0,0,0,0,0,63750.0,0.0,14422.868683987064,0.0,1042.869342122179,0.0,0.0,0.0,1277129.9993418648,0.0,0.0,False,False,0.0,1.1920928955078125e-07,passed
duration,2023-08-02,7612843.270199681,4180759.5012375116,25443.202533909018,4155316.2987036025,10449996.201494474,6269236.700256962,11793602.771437192,0.0,0.0,417.11924114916474,0.0,0,0,0,0,9917.381478397001,0.0,89356.3065616088,0.0,1734.6966441846707,6394621.434262102,0.0,6394621.434262102,1218221.8359375792,0.0,0.0,False,False,0.0,5.960464477539063e-08,passed
unweighted,2023-08-02,11241491.436720805,529415.7884579542,20953.171299852722,508462.61715810146,10536474.126656234,10007058.33819828,11770907.22517876,0.0,0.0,615.9383834712207,0.0,0,0,0,0,-5694.19584657007,0.0,130092.31749660708,0.0,2148.4243093252817,10207199.504962245,0.0,10207199.504962245,1034291.9317585602,0.0,0.0,False,False,0.0,1.1920928955078125e-07,passed
constrained,2023-08-02,11671120.201422451,91558.24912287304,20748.79406979834,70809.4550530747,10540686.92937099,10449128.680248115,11762678.450545324,0.0,0.0,639.4783957824111,0.0,0,0,0,0,-6779.554702527748,0.0,135708.30032799765,0.0,2172.0174893282365,10658111.253853077,0.0,10658111.253853077,1013008.947569374,0.0,0.0,False,False,0.0,1.1920928955078125e-07,passed
unhedged,2023-08-03,1277199.9790678562,10417023.66951893,48566.80128513092,10368456.8682338,10417023.66951893,0.0,11694223.648586787,0.0,0.0,69.97972599137574,0.0,0,0,0,0,63750.0,0.0,14492.84840997844,0.0,1042.869342122179,0.0,0.0,0.0,1277199.9790678562,0.0,0.0,False,False,0.0,1.1920928955078125e-07,passed
duration,2023-08-03,7613260.412296678,4187414.4737881,25504.77253849634,4161909.7012496036,10417023.66951893,6229609.195730831,11800674.886084778,0.0,0.0,417.1420969972387,0.0,0,0,0,0,9917.381478397001,0.0,89773.44865860604,0.0,1734.6966441846707,6354201.379645447,0.0,6354201.379645447,1259059.0326512307,0.0,0.0,False,False,0.0,5.960464477539063e-08,passed
unweighted,2023-08-03,11242107.408854324,529345.56445944,20925.86999082823,508419.69446861173,10501053.85738317,9971708.292923728,11771452.973313764,0.0,0.0,615.972133519128,0.0,0,0,0,0,-5694.19584657007,0.0,130708.28963012621,0.0,2148.4243093252817,10171142.458782203,0.0,10171142.458782203,1070964.9500721209,0.0,0.0,False,False,0.0,1.1920928955078125e-07,passed
constrained,2023-08-03,11671759.714858146,90835.95940640918,20717.217848297405,70118.74155811177,10505147.417709617,10414311.458303208,11762595.674264556,0.0,0.0,639.5134356953204,0.0,0,0,0,0,-6779.554702527748,0.0,136347.81376369298,0.0,2172.0174893282365,10622597.687469272,0.0,10622597.687469272,1049162.0273888744,0.0,0.0,False,False,0.0,1.1920928955078125e-07,passed
unhedged,2023-08-04,1277269.9626283534,10488002.195953432,48916.646649051174,10439085.549304381,10488002.195953432,0.0,11765272.158581786,0.0,0.0,69.98356049717404,0.0,0,0,0,0,63750.0,0.0,14562.831970475614,0.0,1042.869342122179,0.0,0.0,0.0,1277269.9626283534,0.0,0.0,False,False,0.0,1.1920928955078125e-07,passed
duration,2023-08-04,7613677.577250778,4187931.417675306,25566.34254308366,4162365.0751322224,10488002.195953432,6300070.778278126,11801608.994926084,0.0,0.0,417.16495409980416,0.0,0,0,0,0,9917.381478397001,0.0,90190.61361270584,0.0,1734.6966441846707,6426072.193843689,0.0,6426072.193843689,1187605.383407089,0.0,0.0,False,False,0.0,5.960464477539063e-08,passed
unweighted,2023-08-04,11242723.414739743,528888.3738284884,20898.568681803736,507989.80514668464,10573644.984362006,10044756.610533517,11771611.788568232,0.0,0.0,616.0058854185045,0.0,0,0,0,0,-5694.19584657007,0.0,131324.2955155447,0.0,2148.4243093252817,10245651.742744187,0.0,10245651.742744187,997071.671995556,0.0,0.0,False,False,0.0,1.1920928955078125e-07,passed
constrained,2023-08-04,11672399.263335675,91050.12971038482,20685.64162679647,70364.48808358835,10577817.103094408,10486766.973384025,11763449.39304606,0.0,0.0,639.5484775286168,0.0,0,0,0,0,-6779.554702527748,0.0,136987.3622412216,0.0,2172.0174893282365,10696502.312851705,0.0,10696502.312851705,975896.9504839703,0.0,0.0,False,False,0.0,1.1920928955078125e-07,passed
unhedged,2023-08-07,1277479.9363189787,10478110.756635223,49966.18274081191,10428144.573894411,10478110.756635223,0.0,11755590.692954201,0.0,0.0,209.97369062528014,0.0,0,0,0,0,63750.0,0.0,14772.805661100894,0.0,1042.869342122179,0.0,0.0,0.0,1277479.9363189787,0.0,0.0,False,False,0.0,1.1920928955078125e-07,passed
duration,2023-08-07,7614929.209268207,4194929.787166126,25751.052556845614,4169178.7346092802,10478110.756635223,6283180.969469097,11809858.996434333,0.0,0.0,1251.6320174289867,0.0,0,0,0,0,9917.381478397001,0.0,91442.24563013483,0.0,1734.6966441846707,6408844.58885848,0.0,6408844.58885848,1206084.620409727,0.0,0.0,False,False,0.0,5.960464477539063e-08,passed
unweighted,2023-08-07,11244571.634925876,529588.8934070579,20816.664754730245,508772.2286523276,10563200.497844214,10033611.604437158,11774160.528332934,0.0,0.0,1848.2201861329377,0.0,0,0,0,0,-5694.19584657007,0.0,133172.51570167765,0.0,2148.4243093252817,10234283.8365259,0.0,10234283.8365259,1010287.7983999755,0.0,0.0,False,False,0.0,1.1920928955078125e-07,passed
constrained,2023-08-07,11674318.11903845,91289.48900962256,20590.912962293645,70698.57604732891,10567345.674686657,10476056.185677035,11765607.608048072,0.0,0.0,1918.8557027745992,0.0,0,0,0,0,-6779.554702527748,0.0,138906.2179439962,0.0,2172.0174893282365,10685577.309390577,0.0,10685577.309390577,988740.809647873,0.0,0.0,False,False,0.0,1.1920928955078125e-07,passed
unhedged,2023-08-08,1277549.935219599,10510500.914352754,50316.02810473217,10460184.886248022,10510500.914352754,0.0,11788050.849572353,0.0,0.0,69.9989006202668,0.0,0,0,0,0,63750.0,0.0,14842.804561721161,0.0,1042.869342122179,0.0,0.0,0.0,1277549.935219599,0.0,0.0,False,False,0.0,1.1920928955078125e-07,passed
duration,2023-08-08,7615346.465663236,4191380.8423372232,25812.622561432934,4165568.2197757903,10510500.914352754,6319120.07201553,11806727.308000458,0.0,0.0,417.2563950289041,0.0,0,0,0,0,9917.381478397001,0.0,91859.50202516373,0.0,1734.6966441846707,6445502.473455841,0.0,6445502.473455841,1169843.992207395,0.0,0.0,False,False,0.0,5.960464477539063e-08,passed
unweighted,2023-08-08,11245187.77583738,529167.3538564165,20789.363445705752,508377.9904107108,10596489.603330024,10067322.249473607,11774355.129693797,0.0,0.0,616.1409115046263,0.0,0,0,0,0,-5694.19584657007,0.0,133788.65661318228,0.0,2148.4243093252817,10268668.69446308,0.0,10268668.69446308,976519.0813743006,0.0,0.0,False,False,0.0,1.1920928955078125e-07,passed
constrained,2023-08-08,11674957.80770251,91256.05296040457,20559.336740792707,70696.71621961187,10600678.57273099,10509422.519770585,11766213.860662915,0.0,0.0,639.688664060086,0.0,0,0,0,0,-6779.554702527748,0.0,139545.90660805628,0.0,2172.0174893282365,10719610.970165998,0.0,10719610.970165998,955346.837536512,0.0,0.0,False,False,0.0,1.1920928955078125e-07,passed
unhedged,2023-08-09,1277619.9379557755,10507982.234548796,50665.87346865242,10457316.361080144,10507982.234548796,0.0,11785602.172504572,0.0,0.0,70.00273617659695,0.0,0,0,0,0,63750.0,0.0,14912.807297897758,0.0,1042.869342122179,0.0,0.0,0.0,1277619.9379557755,0.0,0.0,False,False,0.0,1.1920928955078125e-07,passed
duration,2023-08-09,7615763.744921629,4186587.2481715656,25874.192566020247,4160713.055605545,10507982.234548796,6321394.986377231,11802350.993093194,0.0,0.0,417.27925839368254,0.0,0,0,0,0,9917.381478397001,0.0,92276.78128355742,0.0,1734.6966441846707,6447822.886104776,0.0,6447822.886104776,1167940.8588168537,0.0,0.0,False,False,0.0,5.960464477539063e-08,passed
unweighted,2023-08-09,11245803.95051003,528977.2230918396,20762.062136681252,508215.16095515835,10594209.554763231,10065232.331671393,11774781.17360187,0.0,0.0,616.1746726501733,0.0,0,0,0,0,-5694.19584657007,0.0,134404.83128583245,0.0,2148.4243093252817,10266536.97830482,0.0,10266536.97830482,979266.9722052105,0.0,0.0,False,False,0.0,1.1920928955078125e-07,passed
constrained,2023-08-09,11675597.531418001,91118.07865004576,20527.760519291765,70590.31813075399,10598410.14916933,10507292.070519283,11766715.610068047,0.0,0.0,639.7237154915929,0.0,0,0,0,0,-6779.554702527748,0.0,140185.63032354787,0.0,2172.0174893282365,10717437.911929669,0.0,10717437.911929669,958159.6194883324,0.0,0.0,False,False,0.0,1.1920928955078125e-07,passed
unhedged,2023-08-10,1277689.9445277182,10466768.844581902,51015.71883257266,10415753.12574933,10466768.844581902,0.0,11744458.789109621,0.0,0.0,70.00657194270752,0.0,0,0,0,0,63750.0,0.0,14982.813869840465,0.0,1042.869342122179,0.0,0.0,0.0,1277689.9445277182,0.0,0.0,False,False,0.0,1.1920928955078125e-07,passed
duration,2023-08-10,7616181.047044638,4192902.9170642807,25935.76257060756,4166967.1544936732,10466768.844581902,6273865.927517622,11809083.964108918,0.0,0.0,417.3021230082959,0.0,0,0,0,0,9917.381478397001,0.0,92694.08340656571,0.0,1734.6966441846707,6399343.246067975,0.0,6399343.246067975,1216837.800976663,0.0,0.0,False,False,0.0,5.960464477539063e-08,passed
unweighted,2023-08-10,11246420.158945674,529843.0970469982,20734.76082765675,509108.33621934144,10551997.64782015,10022154.550773151,11776263.255992671,0.0,0.0,616.2084356434643,0.0,0,0,0,0,-5694.19584657007,0.0,135021.0397214759,0.0,2148.4243093252817,10222597.641788615,0.0,10222597.641788615,1023822.5171570592,0.0,0.0,False,False,0.0,1.1920928955078125e-07,passed
constrained,2023-08-10,11676237.290186845,91317.34968029258,20496.184297790816,70821.16538250176,10556149.59911854,10464832.249438247,11767554.639867138,0.0,0.0,639.7587688434869,0.0,0,0,0,0,-6779.554702527748,0.0,140825.38909239136,0.0,2172.0174893282365,10674128.894427013,0.0,10674128.894427013,1002108.3957598321,0.0,0.0,False,False,0.0,1.1920928955078125e-07,passed
unhedged,2023-08-11,1277759.9549356375,10427949.88757532,51365.56419649291,10376584.323378827,10427949.88757532,0.0,11705709.84251096,0.0,0.0,70.010407919297,0.0,0,0,0,0,63750.0,0.0,15052.824277759762,0.0,1042.869342122179,0.0,0.0,0.0,1277759.9549356375,0.0,0.0,False,False,0.0,1.1920928955078125e-07,passed
duration,2023-08-11,7616598.372033518,4192160.5561844893,25997.33257519488,4166163.2236092943,10427949.88757532,6235789.331390832,11808758.928218007,0.0,0.0,417.3249888801947,0.0,0,0,0,0,9917.381478397001,0.0,93111.4083954459,0.0,1734.6966441846707,6360505.118018649,0.0,6360505.118018649,1256093.2540148692,0.0,0.0,False,False,0.0,5.960464477539063e-08,passed
unweighted,2023-08-11,11247036.401146166,530280.4482685882,20707.459518632255,509572.9887499559,10512630.520618154,9982350.072349565,11777316.849414755,0.0,0.0,616.2422004919499,0.0,0,0,0,0,-5694.19584657007,0.0,135637.28192196786,0.0,2148.4243093252817,10181997.073796557,0.0,10181997.073796557,1065039.3273496088,0.0,0.0,False,False,0.0,1.1920928955078125e-07,passed
constrained,2023-08-11,11676877.084010966,91295.28614745049,20464.608076289882,70830.67807116061,10516755.767611563,10425460.481464114,11768172.370158417,0.0,0.0,639.793824121356,0.0,0,0,0,0,-6779.554702527748,0.0,141465.1829165127,0.0,2172.0174893282365,10633969.691093396,0.0,10633969.691093396,1042907.3929175697,0.0,0.0,False,False,0.0,1.1920928955078125e-07,passed
unhedged,2023-08-14,1277970.009177357,10420214.303728553,52415.10028825366,10367799.2034403,10420214.303728553,0.0,11698184.31290591,0.0,0.0,210.05424171942286,0.0,0,0,0,0,63750.0,0.0,15262.878519479185,0.0,1042.869342122179,0.0,0.0,0.0,1277970.009177357,0.0,0.0,False,False,0.0,1.1920928955078125e-07,passed
duration,2023-08-14,7617850.484207905,4186688.994509724,26182.04258895684,4160506.9519207673,10420214.303728553,6233525.309218829,11804539.478717629,0.0,0.0,1252.11217438709,0.0,0,0,0,0,9917.381478397001,0.0,94363.520569833,0.0,1734.6966441846707,6358195.815403205,0.0,6358195.815403205,1259654.6688046996,0.0,0.0,False,False,0.0,5.960464477539063e-08,passed
unweighted,2023-08-14,11248885.330355216,529909.3678520096,20625.555591558776,509283.8122604508,10504762.19079155,9974852.82293954,11778794.698207226,0.0,0.0,1848.929209049791,0.0,0,0,0,0,-5694.19584657007,0.0,137486.21113101766,0.0,2148.4243093252817,10174349.879398331,0.0,10174349.879398331,1074535.4509568848,0.0,0.0,False,False,0.0,1.1920928955078125e-07,passed
constrained,2023-08-14,11678796.675834186,90731.75039793049,20369.879411787068,70361.87098614342,10508880.971017595,10418149.220619665,11769528.426232116,0.0,0.0,1919.591823220253,0.0,0,0,0,0,-6779.554702527748,0.0,143384.77473973297,0.0,2172.0174893282365,10626512.205032058,0.0,10626512.205032058,1052284.4708021283,0.0,0.0,False,False,0.0,1.1920928955078125e-07,passed
unhedged,2023-08-15,1315540.0349312846,10374188.44677133,15264.945652173912,10358923.501119155,10374188.44677133,0.0,11689728.481702615,37500.0,0.0,70.02575392764993,0.0,0,0,0,0,101250.0,0.0,15332.904273406835,0.0,1042.869342122179,0.0,0.0,0.0,1315540.0349312846,0.0,0.0,False,False,0.0,1.1920928955078125e-07,passed
duration,2023-08-15,7655767.900672794,4155683.1997778146,-11256.387406455848,4166939.5871842704,10374188.44677133,6218505.246993514,11811451.100450609,37500.0,0.0,417.41646488942206,0.0,0,0,0,0,47417.381478397,0.0,94780.93703472242,0.0,1734.6966441846707,6342875.351933384,0.0,6342875.351933384,1312892.54873941,0.0,0.0,False,False,0.0,5.960464477539063e-08,passed
unweighted,2023-08-15,11287001.707633592,493089.0370078428,-16901.745717465725,509990.7827253085,10458333.120449712,9965244.083441868,11780090.744641434,37500.0,0.0,616.3772783763707,0.0,0,0,0,0,31805.80415342993,0.0,138102.58840939403,0.0,2148.4243093252817,10164548.965110706,0.0,10164548.965110706,1122452.742522886,0.0,0.0,False,False,0.0,1.1920928955078125e-07,passed
constrained,2023-08-15,11716936.609898617,53592.26352975741,-17161.696809713878,70753.96033947129,10462432.257993095,10408839.994463338,11770528.873428375,37500.0,0.0,639.934064431116,0.0,0,0,0,0,30720.44529747225,0.0,144024.70880416408,0.0,2172.0174893282365,10617016.794352604,0.0,10617016.794352604,1099919.8155460134,0.0,0.0,False,False,0.0,1.1920928955078125e-07,passed
unhedged,2023-08-16,1315612.1193167605,10348722.700190134,15611.41304347826,10333111.287146656,10348722.700190134,0.0,11664334.819506895,0.0,0.0,72.08438547584228,0.0,0,0,0,0,101250.0,0.0,15404.988658882678,0.0,1042.869342122179,0.0,0.0,0.0,1315612.1193167605,0.0,0.0,False,False,0.0,1.1920928955078125e-07,passed
duration,2023-08-16,7656187.394804339,4156890.988845065,-11198.195374484436,4168089.1842195494,10348722.700190134,6191831.71134507,11813078.383649403,0.0,0.0,419.4941315446049,0.0,0,0,0,0,47417.381478397,0.0,95200.43116626702,0.0,1734.6966441846707,6315668.3455719715,0.0,6315668.3455719715,1340519.0492323674,0.0,0.0,False,False,0.0,5.960464477539063e-08,passed
unweighted,2023-08-16,11287620.173480587,493333.92487855814,-16932.424999106122,510266.34987766424,10432159.794045595,9938825.869167037,11780954.098359145,0.0,0.0,618.4658469948918,0.0,0,0,0,0,31805.80415342993,0.0,138721.05425638892,0.0,2148.4243093252817,10137602.386550378,0.0,10137602.386550378,1150017.786930209,0.0,0.0,False,False,0.0,1.1920928955078125e-07,passed
constrained,2023-08-16,11717578.633822449,53439.43969494494,-17196.65100383072,70636.09069877566,10436224.461587608,10382785.021892663,11771018.073517393,0.0,0.0,642.0239238310605,0.0,0,0,0,0,30720.44529747225,0.0,144666.73272799514,0.0,2172.0174893282365,10590440.722330516,0.0,10590440.722330516,1127137.9114919323,0.0,0.0,False,False,0.0,1.1920928955078125e-07,passed
unhedged,2023-08-17,1315684.2076520654,10341668.919994794,15957.880434782608,10325711.03956001,10341668.919994794,0.0,11657353.12764686,0.0,0.0,72.08833530498669,0.0,0,0,0,0,101250.0,0.0,15477.076994187664,0.0,1042.869342122179,0.0,0.0,0.0,1315684.2076520654,0.0,0.0,False,False,0.0,1.1920928955078125e-07,passed
duration,2023-08-17,7656606.9119218625,4163779.7612219914,-11140.00334251302,4174919.7645645044,10341668.919994794,6177889.158772803,11820386.673143854,0.0,0.0,419.51711752358824,0.0,0,0,0,0,47417.381478397,0.0,95619.94828379061,0.0,1734.6966441846707,6301446.941948259,0.0,6301446.941948259,1355159.9699736033,0.0,0.0,False,False,0.0,5.960464477539063e-08,passed
unweighted,2023-08-17,11288238.67321612,494014.5085559375,-16963.104280746524,510977.61283668404,10424796.489173772,9930781.980617834,11782253.181772057,0.0,0.0,618.4997355323285,0.0,0,0,0,0,31805.80415342993,0.0,139339.55399192125,0.0,2148.4243093252817,10129397.62023019,0.0,10129397.62023019,1158841.052985929,0.0,0.0,False,False,0.0,1.1920928955078125e-07,passed
constrained,2023-08-17,11718220.692925671,53795.88554759039,-17231.605197947563,71027.49074553796,10428846.078111678,10375050.192564087,11772016.57847326,0.0,0.0,642.0591032225639,0.0,0,0,0,0,30720.44529747225,0.0,145308.7918312177,0.0,2172.0174893282365,10582551.196415368,0.0,10582551.196415368,1135669.4965103026,0.0,0.0,False,False,0.0,1.1920928955078125e-07,passed
unhedged,2023-08-18,1315756.2999374163,10363125.061522579,16304.347826086956,10346820.713696491,10363125.061522579,0.0,11678881.361459995,0.0,0.0,72.09228535089642,0.0,0,0,0,0,101250.0,0.0,15549.16927953856,0.0,1042.869342122179,0.0,0.0,0.0,1315756.2999374163,0.0,0.0,False,False,0.0,1.1920928955078125e-07,passed
duration,2023-08-18,7657026.452026626,4162158.120898839,-11081.811310541601,4173239.932209381,10363125.061522579,6200966.94062374,11819184.572925465,0.0,0.0,419.54010476358235,0.0,0,0,0,0,47417.381478397,0.0,96039.4883885542,0.0,1734.6966441846707,6324986.279436215,0.0,6324986.279436215,1332040.1725904113,0.0,0.0,False,False,0.0,5.960464477539063e-08,passed
unweighted,2023-08-18,11288857.206842052,493619.4193810833,-16993.783562386918,510613.2029434702,10446536.965595288,9952917.546214206,11782476.626223136,0.0,0.0,618.5336259324104,0.0,0,0,0,0,31805.80415342993,0.0,139958.08761785366,0.0,2148.4243093252817,10151975.897138491,0.0,10151975.897138491,1136881.3097035605,0.0,0.0,False,False,0.0,1.1920928955078125e-07,passed
constrained,2023-08-18,11718862.787210217,53557.291230123934,-17266.559392064402,70823.85062218833,10450600.406008122,10397043.114777999,11772420.07844034,0.0,0.0,642.0942845456302,0.0,0,0,0,0,30720.44529747225,0.0,145950.88611576334,0.0,2172.0174893282365,10604983.97707356,0.0,10604983.97707356,1113878.8101366572,0.0,0.0,False,False,0.0,1.1920928955078125e-07,passed
unhedged,2023-08-21,1315972.6004959082,10330052.736095257,17343.75,10312708.986095257,10330052.736095257,0.0,11646025.336591166,0.0,0.0,216.30055849184282,0.0,0,0,0,0,101250.0,0.0,15765.469838030403,0.0,1042.869342122179,0.0,0.0,0.0,1315972.6004959082,0.0,0.0,False,False,0.0,1.1920928955078125e-07,passed
duration,2023-08-21,7658285.210276948,4165670.546566533,-10907.235214627355,4176577.7817811603,10330052.736095257,6164382.189528723,11823955.756843481,0.0,0.0,1258.758250322193,0.0,0,0,0,0,47417.381478397,0.0,97298.24663887639,0.0,1734.6966441846707,6287669.833319298,0.0,6287669.833319298,1370615.3769576503,0.0,0.0,False,False,0.0,5.960464477539063e-08,passed
unweighted,2023-08-21,11290713.011080792,494232.27261097217,-17085.82140730811,511318.0940182803,10412444.17776667,9918211.905155698,11784945.283691764,0.0,0.0,1855.8042387403548,0.0,0,0,0,0,31805.80415342993,0.0,141813.891856594,0.0,2148.4243093252817,10116576.143258812,0.0,10116576.143258812,1174136.8678219803,0.0,0.0,False,False,0.0,1.1920928955078125e-07,passed
constrained,2023-08-21,11720789.281171054,53535.73131664725,-17371.42197441493,70907.15329106219,10416457.90599265,10362922.174676001,11774325.0124877,0.0,0.0,1926.4939608369023,0.0,0,0,0,0,30720.44529747225,0.0,147877.38007660024,0.0,2172.0174893282365,10570180.618169522,0.0,10570180.618169522,1150608.6630015317,0.0,0.0,False,False,0.0,1.1920928955078125e-07,passed
unhedged,2023-08-22,1316044.7085836069,10309043.634388097,17690.217391304348,10291353.416996792,10309043.634388097,0.0,11625088.342971703,0.0,0.0,72.10808769869618,0.0,0,0,0,0,101250.0,0.0,15837.5779257291,0.0,1042.869342122179,0.0,0.0,0.0,1316044.7085836069,0.0,0.0,False,False,0.0,1.1920928955078125e-07,passed
duration,2023-08-22,7658704.842343266,4174750.8969353903,-10849.04318265594,4185599.9401180465,10309043.634388097,6134292.737452705,11833455.739278655,0.0,0.0,419.63206631783396,0.0,0,0,0,0,47417.381478397,0.0,97717.87870519422,0.0,1734.6966441846707,6256978.59220176,0.0,6256978.59220176,1401726.250141506,0.0,0.0,False,False,0.0,5.960464477539063e-08,passed
unweighted,2023-08-22,11291331.68028688,495995.5851899553,-17116.50068894851,513112.0858789038,10392329.9245886,9896334.339398645,11787327.265476836,0.0,0.0,618.6692060884088,0.0,0,0,0,0,31805.80415342993,0.0,142432.56106268242,0.0,2148.4243093252817,10094261.026186617,0.0,10094261.026186617,1197070.6541002635,0.0,0.0,False,False,0.0,1.1920928955078125e-07,passed
constrained,2023-08-22,11721431.51620016,54464.47025895739,-17406.376168531773,71870.84642748916,10396387.245677216,10341922.775418257,11775895.986459117,0.0,0.0,642.2350291069597,0.0,0,0,0,0,30720.44529747225,0.0,148519.6151057072,0.0,2172.0174893282365,10548761.230926624,0.0,10548761.230926624,1172670.285273537,0.0,0.0,False,False,0.0,1.1920928955078125e-07,passed
unhedged,2023-08-23,1316116.8206224334,10386584.289693017,18036.684782608696,10368547.604910407,10386584.289693017,0.0,11702701.11031545,0.0,0.0,72.11203882656991,0.0,0,0,0,0,101250.0,0.0,15909.68996455567,0.0,1042.869342122179,0.0,0.0,0.0,1316116.8206224334,0.0,0.0,False,False,0.0,1.1920928955078125e-07,passed
duration,2023-08-23,7659124.497403121,4157431.5331232827,-10790.851150684524,4168222.3842739672,10386584.289693017,6229152.756569734,11816556.030526403,0.0,0.0,419.6550598545,0.0,0,0,0,0,47417.381478397,0.0,98137.53376504872,0.0,1734.6966441846707,6353735.811701128,0.0,6353735.811701128,1305388.6857019924,0.0,0.0,False,False,0.0,5.960464477539063e-08,passed
unweighted,2023-08-23,11291950.38339265,493516.7313160918,-17147.17997058891,510663.91128668067,10471117.235110877,9977600.503794786,11785467.114708742,0.0,0.0,618.7031057700515,0.0,0,0,0,0,31805.80415342993,0.0,143051.26416845247,0.0,2148.4243093252817,10177152.51387068,0.0,10177152.51387068,1114797.86952197,0.0,0.0,False,False,0.0,1.1920928955078125e-07,passed
constrained,2023-08-23,11722073.786420228,53576.0312105198,-17441.330362648616,71017.36157316843,10475235.287449395,10421659.256238876,11775649.817630747,0.0,0.0,642.270220067352,0.0,0,0,0,0,30720.44529747225,0.0,149161.88532577455,0.0,2172.0174893282365,10630092.441363653,0.0,10630092.441363653,1091981.3450565748,0.0,0.0,False,False,0.0,1.1920928955078125e-07,passed
unhedged,2023-08-24,1316188.9366126044,10371879.587394426,18383.152173913044,10353496.435220513,10371879.587394426,0.0,11688068.52400703,0.0,0.0,72.11599017097615,0.0,0,0,0,0,101250.0,0.0,15981.805954726646,0.0,1042.869342122179,0.0,0.0,0.0,1316188.9366126044,0.0,0.0,False,False,0.0,1.1920928955078125e-07,passed
duration,2023-08-24,7659544.175457773,4157301.614798305,-10732.659118713105,4168034.273917018,10371879.587394426,6214577.972596121,11816845.790256077,0.0,0.0,419.6780546521768,0.0,0,0,0,0,47417.381478397,0.0,98557.2118197009,0.0,1734.6966441846707,6338869.532048044,0.0,6338869.532048044,1320674.643409729,0.0,0.0,False,False,0.0,5.960464477539063e-08,passed
unweighted,2023-08-24,11292569.12039996,493680.40743998316,-17177.859252229304,510858.26669221243,10455989.11414199,9962308.706702007,11786249.527839942,0.0,0.0,618.7370073087513,0.0,0,0,0,0,31805.80415342993,0.0,143670.00117576122,0.0,2148.4243093252817,10161554.880836047,0.0,10161554.880836047,1131014.2395639122,0.0,0.0,False,False,0.0,1.1920928955078125e-07,passed
constrained,2023-08-24,11722716.091833182,53557.208760783236,-17476.284556765455,71033.4933175487,10460086.539490204,10406529.330729421,11776273.300593965,0.0,0.0,642.3054129537195,0.0,0,0,0,0,30720.44529747225,0.0,149804.19073872827,0.0,2172.0174893282365,10614659.91734401,0.0,10614659.91734401,1108056.1744891722,0.0,0.0,False,False,0.0,1.1920928955078125e-07,passed
unhedged,2023-08-25,1316261.0565543368,10358702.708191503,18729.619565217392,10339973.088626286,10358702.708191503,0.0,11674963.764745839,0.0,0.0,72.11994173238054,0.0,0,0,0,0,101250.0,0.0,16053.925896459026,0.0,1042.869342122179,0.0,0.0,0.0,1316261.0565543368,0.0,0.0,False,False,0.0,1.1920928955078125e-07,passed
duration,2023-08-25,7659963.876508484,4155340.070847404,-10674.46708674169,4166014.537934146,10358702.708191503,6203362.6373441,11815303.947355889,0.0,0.0,419.70105071086437,0.0,0,0,0,0,47417.381478397,0.0,98976.91287041176,0.0,1734.6966441846707,6327429.8900909815,0.0,6327429.8900909815,1332533.9864175022,0.0,0.0,False,False,0.0,5.960464477539063e-08,passed
unweighted,2023-08-25,11293187.891310668,493820.33916644554,-17208.5385338697,511028.87770031526,10442851.3912058,9949031.052039355,11787008.230477113,0.0,0.0,618.7709107082337,0.0,0,0,0,0,31805.80415342993,0.0,144288.77208646946,0.0,2148.4243093252817,10148011.673080143,0.0,10148011.673080143,1145176.218230525,0.0,0.0,False,False,0.0,1.1920928955078125e-07,passed
constrained,2023-08-25,11723358.432440955,53586.282182957715,-17511.238750882298,71097.52093384002,10446950.7240654,10393364.441882443,11776944.714623913,0.0,0.0,642.3406077735126,0.0,0,0,0,0,30720.44529747225,0.0,150446.53134650178,0.0,2172.0174893282365,10601231.730720092,0.0,10601231.730720092,1122126.7017208636,0.0,0.0,False,False,0.0,1.1920928955078125e-07,passed
unhedged,2023-08-28,1316477.4400910656,10382926.823108967,19769.021739130436,10363157.801369837,10382926.823108967,0.0,11699404.263200033,0.0,0.0,216.38353672879748,0.0,0,0,0,0,101250.0,0.0,16270.309433187824,0.0,1042.869342122179,0.0,0.0,0.0,1316477.4400910656,0.0,0.0,False,False,0.0,1.1920928955078125e-07,passed
duration,2023-08-28,7661223.117649563,4156341.8867477328,-10499.890990827444,4166841.77773856,10382926.823108967,6226584.936361234,11817565.004397295,0.0,0.0,1259.2411410789937,0.0,0,0,0,0,47417.381478397,0.0,100236.15401149075,0.0,1734.6966441846707,6351116.635088459,0.0,6351116.635088459,1310106.482561104,0.0,0.0,False,False,0.0,5.960464477539063e-08,passed
unweighted,2023-08-28,11295044.407481754,493752.9706962346,-17300.576378790898,511053.5470750255,10467300.254527707,9973547.283831472,11788797.37817799,0.0,0.0,1856.5161710865796,0.0,0,0,0,0,31805.80415342993,0.0,146145.28825755604,0.0,2148.4243093252817,10173018.229508102,0.0,10173018.229508102,1122026.1779736523,0.0,0.0,False,False,0.0,1.1920928955078125e-07,passed
constrained,2023-08-28,11725285.66545246,53540.047275992016,-17616.101333232826,71156.14860922484,10471410.53608533,10417870.488809338,11778825.712728452,0.0,0.0,1927.2330115046352,0.0,0,0,0,0,30720.44529747225,0.0,152373.76435800642,0.0,2172.0174893282365,10626227.898585524,0.0,10626227.898585524,1099057.7668669354,0.0,0.0,False,False,0.0,1.1920928955078125e-07,passed
unhedged,2023-08-29,1316549.5758412078,10430367.224181158,20115.489130434784,10410251.735050723,10430367.224181158,0.0,11746916.800022366,0.0,0.0,72.13575014215894,0.0,0,0,0,0,101250.0,0.0,16342.445183329983,0.0,1042.869342122179,0.0,0.0,0.0,1316549.5758412078,0.0,0.0,False,False,0.0,1.1920928955078125e-07,passed
duration,2023-08-29,7661642.910697106,4160993.1180961067,-10441.698958856032,4171434.8170549627,10430367.224181158,6269374.106085052,11822636.028793212,0.0,0.0,419.7930475436151,0.0,0,0,0,0,47417.381478397,0.0,100655.94705903437,0.0,1734.6966441846707,6394761.588206753,0.0,6394761.588206753,1266881.3224903531,0.0,0.0,False,False,0.0,5.960464477539063e-08,passed
unweighted,2023-08-29,11295663.314024631,493822.2797881272,-17331.2556604313,511153.5354485585,10515636.759508444,10021814.479720317,11789485.593812758,0.0,0.0,618.9065428767353,0.0,0,0,0,0,31805.80415342993,0.0,146764.19480043277,0.0,2148.4243093252817,10222250.769314723,0.0,10222250.769314723,1073412.5447099078,0.0,0.0,False,False,0.0,1.1920928955078125e-07,passed
constrained,2023-08-29,11725928.146858787,53912.69215069315,-17651.05552734967,71563.74767804281,10519790.69508496,10465878.002934266,11779840.83900948,0.0,0.0,642.481406327337,0.0,0,0,0,0,30720.44529747225,0.0,153016.24576433375,0.0,2172.0174893282365,10675195.56299295,0.0,10675195.56299295,1050732.5838658363,0.0,0.0,False,False,0.0,1.1920928955078125e-07,passed
unhedged,2023-08-30,1316621.7155439935,10424978.748151846,20461.956521739132,10404516.791630108,10424978.748151846,0.0,11741600.463695839,0.0,0.0,72.13970278576016,0.0,0,0,0,0,101250.0,0.0,16414.584886115743,0.0,1042.869342122179,0.0,0.0,0.0,1316621.7155439935,0.0,0.0,False,False,0.0,1.1920928955078125e-07,passed
duration,2023-08-30,7662062.726747008,4163135.5039892155,-10383.50692688461,4173519.0109161,10424978.748151846,6261843.244162631,11825198.230736224,0.0,0.0,419.81604990176857,0.0,0,0,0,0,47417.381478397,0.0,101075.76310893614,0.0,1734.6966441846707,6387080.109045884,0.0,6387080.109045884,1274982.6177011244,0.0,0.0,False,False,0.0,5.960464477539063e-08,passed
unweighted,2023-08-30,11296282.254480194,494188.1241046417,-17361.93494207169,511550.0590467134,10510245.099690648,10016056.975586005,11790470.378584836,0.0,0.0,618.9404555633664,0.0,0,0,0,0,31805.80415342993,0.0,147383.13525599614,0.0,2148.4243093252817,10216378.115097724,0.0,10216378.115097724,1079904.1393824704,0.0,0.0,False,False,0.0,1.1920928955078125e-07,passed
constrained,2023-08-30,11726570.663469575,54138.0346264805,-17686.009721466507,71824.044347947,10514398.88016778,10460260.845541298,11780708.698096056,0.0,0.0,642.5166107881814,0.0,0,0,0,0,30720.44529747225,0.0,153658.76237512194,0.0,2172.0174893282365,10669466.062452124,0.0,10669466.062452124,1057104.601017451,0.0,0.0,False,False,0.0,1.1920928955078125e-07,passed
unhedged,2023-08-31,1316693.8591996399,10440878.37152878,20808.42391304348,10420069.947615737,10440878.37152878,0.0,11757572.23072842,0.0,0.0,72.14365564635955,0.0,0,0,0,0,101250.0,0.0,16486.728541762102,0.0,1042.869342122179,0.0,0.0,0.0,1316693.8591996399,0.0,0.0,False,False,0.0,1.1920928955078125e-07,passed
duration,2023-08-31,7662482.565800529,4164781.1332900734,-10325.314894913197,4175106.4481849866,10440878.37152878,6276097.238238707,11827263.699090602,0.0,0.0,419.8390535209328,0.0,0,0,0,0,47417.381478397,0.0,101495.60216245707,0.0,1734.6966441846707,6401619.1830034815,0.0,6401619.1830034815,1260863.3827970475,0.0,0.0,False,False,0.0,5.960464477539063e-08,passed
unweighted,2023-08-31,11296901.228850303,494303.5019554429,-17392.61422371209,511696.11617915495,10526643.286589187,10032339.784633745,11791204.730805745,0.0,0.0,618.9743701089174,0.0,0,0,0,0,31805.80415342993,0.0,148002.10962610506,0.0,2148.4243093252817,10232986.58032642,0.0,10232986.58032642,1063914.648523884,0.0,0.0,False,False,0.0,1.1920928955078125e-07,passed
constrained,2023-08-31,11727213.215286752,54364.71440542486,-17720.96391558335,72085.6783210082,10530821.354764637,10476456.640359212,11781577.929692177,0.0,0.0,642.5518171768636,0.0,0,0,0,0,30720.44529747225,0.0,154301.3141922988,0.0,2172.0174893282365,10685985.773166396,0.0,10685985.773166396,1041227.4421203565,0.0,0.0,False,False,0.0,1.1920928955078125e-07,passed
unhedged,2023-09-01,1316766.0068083631,10409021.908207964,21154.891304347828,10387867.016903616,10409021.908207964,0.0,11725787.915016327,0.0,0.0,72.1476087232586,0.0,0.0,-0.0,0.0,0,101250.0,0.0,16558.87615048536,0.0,1042.869342122179,0.0,0.0,0.0,1316766.0068083631,0.0,0.0,False,False,0.0,1.1920928955078125e-07,passed
duration,2023-09-01,7631163.13710339,4203951.197852265,-10107.23131104842,4214058.4291633135,10409021.908207964,6205070.7103557,11835114.334955655,0.0,0.0,419.86205840017647,0.0,3.1736117143825058,-31736.117143825057,31736.117143825057,0,47417.381478397,0.0,101915.46422085725,0.0,1737.8702558990533,6329172.124562814,0.0,6329172.124562814,1301991.012540576,0.0,0.0,False,False,2.380065033946721e-10,5.960464477539063e-08,passed
unweighted,2023-09-01,11157269.880316876,635246.715200339,-17349.42772251725,652596.1429228563,10504189.322558185,9868942.607357847,11792516.595517214,0.0,0.0,619.0082865133882,0.0,23.697019034716906,-140226.65980090594,236970.19034716906,0,31805.80415342993,0.0,148621.11791261844,0.0,2172.1213283599986,10066321.459505003,0.0,10066321.459505003,1090948.420811873,0.0,0.0,False,False,-7.599609830322152e-11,1.1920928955078125e-07,passed
constrained,2023-09-01,11707542.65058436,74744.25557896782,-17709.844617058265,92454.10019602608,10503882.9963587,10429138.740779731,11782286.90616333,0.0,0.0,642.587025495246,0.0,6.107815801807192,-20307.043912085683,61078.15801807191,0,30720.44529747225,0.0,154943.90121779405,0.0,2178.1253051300437,10637721.515595326,0.0,10637721.515595326,1069821.1349890344,0.0,0.0,False,False,6.193658919073641e-10,1.1920928955078125e-07,passed
unhedged,2023-09-05,1317054.6367783593,10380558.352559939,22540.76086956522,10358017.591690375,10380558.352559939,0.0,11697612.989338297,0.0,0.0,288.62996999616735,0.0,0,0,0,0,101250.0,0.0,16847.50612048153,0.0,1042.869342122179,0.0,0.0,0.0,1317054.6367783593,0.0,0.0,False,False,0.0,1.1920928955078125e-07,passed
duration,2023-09-05,7632835.85828233,4203178.274307769,-9868.595603276757,4213046.869911046,10380558.352559939,6177380.07825217,11836014.1325901,0.0,0.0,1672.7211789404973,0.0,0,0,0,0,47417.381478397,0.0,103588.18539979775,0.0,1737.8702558990533,6300927.679817214,0.0,6300927.679817214,1331908.1784651168,0.0,0.0,False,False,0.0,5.960464477539063e-08,passed
unweighted,2023-09-05,11159715.510333251,635701.4165480405,-17468.082727574027,653169.4992756145,10474582.2941994,9838880.87765136,11795416.926881291,0.0,0.0,2445.630016375333,0.0,0,0,0,0,31805.80415342993,0.0,151066.74792899378,0.0,2172.1213283599986,10035658.495204387,0.0,10035658.495204387,1124057.015128864,0.0,0.0,False,False,0.0,1.1920928955078125e-07,passed
constrained,2023-09-05,11710108.898244532,74346.24143275073,-17847.413500753537,92193.65493350427,10474275.723206753,10399929.481774002,11784455.139677282,0.0,0.0,2566.2476601712406,0.0,0,0,0,0,30720.44529747225,0.0,157510.1488779653,0.0,2178.1253051300437,10607928.071409483,0.0,10607928.071409483,1102180.8268350493,0.0,0.0,False,False,0.0,1.1920928955078125e-07,passed
unhedged,2023-09-06,1317126.804155717,10344325.355557816,22887.228260869564,10321438.127296947,10344325.355557816,0.0,11661452.159713533,0.0,0.0,72.16737735760398,0.0,0,0,0,0,101250.0,0.0,16919.673497839132,0.0,1042.869342122179,0.0,0.0,0.0,1317126.804155717,0.0,0.0,False,False,0.0,1.1920928955078125e-07,passed
duration,2023-09-06,7633254.095863607,4213141.331184529,-9808.936676333848,4222950.267860862,10344325.355557816,6131184.024373288,11846395.427048136,0.0,0.0,418.2375812763348,0.0,0,0,0,0,47417.381478397,0.0,104006.42298107408,0.0,1737.8702558990533,6253807.704860754,0.0,6253807.704860754,1379446.3910028525,0.0,0.0,False,False,0.0,5.960464477539063e-08,passed
unweighted,2023-09-06,11160327.001594093,638021.9228395455,-17497.746478838224,655519.6693183838,10439021.793724695,9800999.87088515,11798348.924433637,0.0,0.0,611.4912608414888,0.0,0,0,0,0,31805.80415342993,0.0,151678.23918983527,0.0,2172.1213283599986,9997019.868302854,0.0,9997019.868302854,1163307.133291239,0.0,0.0,False,False,0.0,1.1920928955078125e-07,passed
constrained,2023-09-06,11710750.548047177,74908.58037065025,-17881.80572167736,92790.38609232761,10438643.326169794,10363734.745799143,11785659.128417827,0.0,0.0,641.6498026456684,0.0,0,0,0,0,30720.44529747225,0.0,158151.79868061095,0.0,2178.1253051300437,10571009.440715127,0.0,10571009.440715127,1139741.1073320508,0.0,0.0,False,False,0.0,1.1920928955078125e-07,passed
unhedged,2023-09-07,1317198.9754874518,10381935.573690651,23233.695652173912,10358701.878038477,10381935.573690651,0.0,11699134.549178103,0.0,0.0,72.17133173486218,0.0,0,0,0,0,101250.0,0.0,16991.844829573995,0.0,1042.869342122179,0.0,0.0,0.0,1317198.9754874518,0.0,0.0,False,False,0.0,1.1920928955078125e-07,passed
duration,2023-09-07,7633672.35636201,4203357.297267536,-9749.27774939093,4213106.575016927,10381935.573690651,6178578.276423115,11837029.653629545,0.0,0.0,418.26049840357155,0.0,0,0,0,0,47417.381478397,0.0,104424.68347947765,0.0,1737.8702558990533,6302149.841951578,0.0,6302149.841951578,1331522.5144104324,0.0,0.0,False,False,0.0,5.960464477539063e-08,passed
unweighted,2023-09-07,11160938.526361303,635920.3026929137,-17527.41023010242,653447.712923016,10476191.587827573,9840271.28513466,11796858.829054218,0.0,0.0,611.5247672107071,0.0,0,0,0,0,31805.80415342993,0.0,152289.76395704597,0.0,2172.1213283599986,10037076.710837353,0.0,10037076.710837353,1123861.8155239504,0.0,0.0,False,False,0.0,1.1920928955078125e-07,passed
constrained,2023-09-07,11711392.233008714,74392.76531541048,-17916.19794260118,92308.96325801166,10475887.605424399,10401494.840108989,11785784.998324124,0.0,0.0,641.6849615368992,0.0,0,0,0,0,30720.44529747225,0.0,158793.48364214785,0.0,2178.1253051300437,10609524.736911168,0.0,10609524.736911168,1101867.496097546,0.0,0.0,False,False,0.0,1.1920928955078125e-07,passed
unhedged,2023-09-08,1317271.15077378,10382708.538936432,23580.16304347826,10359128.375892954,10382708.538936432,0.0,11699979.689710213,0.0,0.0,72.17528632818721,0.0,0,0,0,0,101250.0,0.0,17064.02011590218,0.0,1042.869342122179,0.0,0.0,0.0,1317271.15077378,0.0,0.0,False,False,0.0,1.1920928955078125e-07,passed
duration,2023-09-08,7634090.639778798,4200708.272543287,-9689.618822448017,4210397.891365735,10382708.538936432,6182000.266393145,11834798.912322085,0.0,0.0,418.28341678809375,0.0,0,0,0,0,47417.381478397,0.0,104842.96689626575,0.0,1737.8702558990533,6305640.271721007,0.0,6305640.271721007,1328450.3680577911,0.0,0.0,False,False,0.0,5.960464477539063e-08,passed
unweighted,2023-09-08,11161550.084636722,635866.0902334636,-17557.07398136662,653423.1642148301,10477333.987379648,9841467.897146184,11797416.174870186,0.0,0.0,611.5582754183561,0.0,0,0,0,0,31805.80415342993,0.0,152901.32223246433,0.0,2172.1213283599986,10038297.255089108,0.0,10038297.255089108,1123252.8295476139,0.0,0.0,False,False,0.0,1.1920928955078125e-07,passed
constrained,2023-09-08,11712033.953131072,74330.33622024547,-17950.590163524997,92280.92638377048,10477032.442019563,10402702.105799317,11786364.289351318,0.0,0.0,641.7201223578304,0.0,0,0,0,0,30720.44529747225,0.0,159435.20376450568,0.0,2178.1253051300437,10610756.147915304,0.0,10610756.147915304,1101277.8052157685,0.0,0.0,False,False,0.0,1.1920928955078125e-07,passed
unhedged,2023-09-11,1317487.7003624926,10378186.100866001,24619.565217391304,10353566.53564861,10378186.100866001,0.0,11695673.801228493,0.0,0.0,216.5495887126308,0.0,0,0,0,0,101250.0,0.0,17280.569704614813,0.0,1042.869342122179,0.0,0.0,0.0,1317487.7003624926,0.0,0.0,False,False,0.0,1.1920928955078125e-07,passed
duration,2023-09-11,7635345.627552019,4205140.127146415,-9510.642041619269,4214650.769188034,10378186.100866001,6173045.973719585,11840485.754698435,0.0,0.0,1254.9877732209861,0.0,0,0,0,0,47417.381478397,0.0,106097.95466948673,0.0,1737.8702558990533,6296506.893193977,0.0,6296506.893193977,1338838.7343580425,0.0,0.0,False,False,0.0,5.960464477539063e-08,passed
unweighted,2023-09-11,11163384.960530575,636466.0299170014,-17646.0652351592,654112.0951521606,10472438.296659205,9835972.266742203,11799850.990447577,0.0,0.0,1834.8758938536048,0.0,0,0,0,0,31805.80415342993,0.0,154736.19812631793,0.0,2172.1213283599986,10032691.712077048,0.0,10032691.712077048,1130693.2484535277,0.0,0.0,False,False,0.0,1.1920928955078125e-07,passed
constrained,2023-09-11,11713959.32448233,74437.09856157895,-18053.76682629645,92490.86538787541,10472121.508922238,10397684.410360659,11788396.423043909,0.0,0.0,1925.3713512569666,0.0,0,0,0,0,30720.44529747225,0.0,161360.57511576265,0.0,2178.1253051300437,10605638.098567871,0.0,10605638.098567871,1108321.2259144578,0.0,0.0,False,False,0.0,1.1920928955078125e-07,passed
unhedged,2023-09-12,1317559.8914693617,10383663.835073369,24966.032608695652,10358697.802464673,10383663.835073369,0.0,11701223.72654273,0.0,0.0,72.19110686914064,0.0,0,0,0,0,101250.0,0.0,17352.760811483953,0.0,1042.869342122179,0.0,0.0,0.0,1317559.8914693617,0.0,0.0,False,False,0.0,1.1920928955078125e-07,passed
duration,2023-09-12,7635764.002654899,4201052.82935616,-9450.983114676357,4210503.812470837,10383663.835073369,6182611.005717208,11836816.832011059,0.0,0.0,418.3751028794795,0.0,0,0,0,0,47417.381478397,0.0,106516.32977236621,0.0,1737.8702558990533,6306263.2258315515,0.0,6306263.2258315515,1329500.7768233474,0.0,0.0,False,False,0.0,5.960464477539063e-08,passed
unweighted,2023-09-12,11163996.652857179,636053.6343548133,-17675.728986423397,653729.3633412366,10478115.61695092,9842061.982596107,11800050.287211992,0.0,0.0,611.6923266034573,0.0,0,0,0,0,31805.80415342993,0.0,155347.8904529214,0.0,2172.1213283599986,10038903.222248029,0.0,10038903.222248029,1125093.4306091499,0.0,0.0,False,False,0.0,1.1920928955078125e-07,passed
constrained,2023-09-12,11714601.185267232,74122.29992637847,-18088.15904722027,92210.45897359874,10477813.349080846,10403691.049154468,11788723.48519361,0.0,0.0,641.8607849031687,0.0,0,0,0,0,30720.44529747225,0.0,162002.43590066582,0.0,2178.1253051300437,10611764.870137557,0.0,10611764.870137557,1102836.315129675,0.0,0.0,False,False,0.0,1.1920928955078125e-07,passed
unhedged,2023-09-13,1317632.086531908,10393472.76198723,25312.5,10368160.26198723,10393472.76198723,0.0,11711104.848519137,0.0,0.0,72.19506254629232,0.0,0,0,0,0,101250.0,0.0,17424.955874030245,0.0,1042.869342122179,0.0,0.0,0.0,1317632.086531908,0.0,0.0,False,False,0.0,1.1920928955078125e-07,passed
duration,2023-09-13,7636182.400682442,4202843.756301436,-9391.324187733444,4212235.080489169,10393472.76198723,6190629.005685794,11839026.156983878,0.0,0.0,418.3980275429785,0.0,0,0,0,0,47417.381478397,0.0,106934.72779990919,0.0,1737.8702558990533,6314441.585799511,0.0,6314441.585799511,1321740.8148829313,0.0,0.0,False,False,0.0,5.960464477539063e-08,passed
unweighted,2023-09-13,11164608.378701173,636218.5820994574,-17705.392737687594,653923.974837145,10488201.28303946,9851982.700940002,11800826.960800631,0.0,0.0,611.7258439939469,0.0,0,0,0,0,31805.80415342993,0.0,155959.61629691534,0.0,2172.1213283599986,10049022.354958802,0.0,10049022.354958802,1115586.0237423703,0.0,0.0,False,False,0.0,1.1920928955078125e-07,passed
constrained,2023-09-13,11715243.08122259,74294.99796855202,-18122.551268144092,92417.54923669611,10487890.124478264,10413595.126509713,11789538.079191143,0.0,0.0,641.8959553577006,0.0,0,0,0,0,30720.44529747225,0.0,162644.33185602352,0.0,2178.1253051300437,10621867.029039908,0.0,10621867.029039908,1093376.0521826819,0.0,0.0,False,False,0.0,1.1920928955078125e-07,passed
unhedged,2023-09-14,1317704.2855503485,10380539.247421907,25658.967391304348,10354880.280030603,10380539.247421907,0.0,11698243.532972256,0.0,0.0,72.19901844044216,0.0,0,0,0,0,101250.0,0.0,17497.154892470688,0.0,1042.869342122179,0.0,0.0,0.0,1317704.2855503485,0.0,0.0,False,False,0.0,1.1920928955078125e-07,passed
duration,2023-09-14,7636600.821635906,4202807.875286437,-9331.66526079053,4212139.5405472275,10380539.247421907,6177731.372135471,11839408.696922343,0.0,0.0,418.420953463763,0.0,0,0,0,0,47417.381478397,0.0,107353.14875337295,0.0,1737.8702558990533,6301285.99957818,0.0,6301285.99957818,1335314.8220577259,0.0,0.0,False,False,0.0,5.960464477539063e-08,passed
unweighted,2023-09-14,11165220.13806439,636156.9983615212,-17735.05648895179,653892.054850473,10474530.770092087,9838373.771730566,11801377.13642591,0.0,0.0,611.7593632172793,0.0,0,0,0,0,31805.80415342993,0.0,156571.37566013262,0.0,2172.1213283599986,10035141.247165177,0.0,10035141.247165177,1130078.890899213,0.0,0.0,False,False,0.0,1.1920928955078125e-07,passed
constrained,2023-09-14,11715885.01235033,73864.06478342158,-18156.94348906791,92021.00827248949,10474217.121716404,10400353.056932984,11789749.077133752,0.0,0.0,641.9311277400702,0.0,0,0,0,0,30720.44529747225,0.0,163286.2629837636,0.0,2178.1253051300437,10608360.118071644,0.0,10608360.118071644,1107524.8942786865,0.0,0.0,False,False,0.0,1.1920928955078125e-07,passed
unhedged,2023-09-15,1317776.4885248991,10348498.543297006,26005.434782608696,10322493.108514396,10348498.543297006,0.0,11666275.031821905,0.0,0.0,72.20297455065884,0.0,0,0,0,0,101250.0,0.0,17569.357867021346,0.0,1042.869342122179,0.0,0.0,0.0,1317776.4885248991,0.0,0.0,False,False,0.0,1.1920928955078125e-07,passed
duration,2023-09-15,7637019.265516545,4218886.6781476885,-9272.006333847617,4228158.684481536,10348498.543297006,6129611.865149316,11855905.943664234,0.0,0.0,418.443880639039,0.0,0,0,0,0,47417.381478397,0.0,107771.59263401199,0.0,1737.8702558990533,6252204.102452302,0.0,6252204.102452302,1384815.1630642423,0.0,0.0,False,False,0.0,5.960464477539063e-08,passed
unweighted,2023-09-15,11165831.93094867,638781.3696076846,-17764.720240215986,656546.0898479006,10442780.100005481,9803998.730397796,11804613.300556354,0.0,0.0,611.7928842790425,0.0,0,0,0,0,31805.80415342993,0.0,157183.16854441166,0.0,2172.1213283599986,10000078.705005752,0.0,10000078.705005752,1165753.2259429172,0.0,0.0,False,False,0.0,1.1920928955078125e-07,passed
constrained,2023-09-15,11716526.978652379,74690.37795233929,-18191.335709991727,92881.71366233102,10442384.562593149,10367694.18464081,11791217.356604718,0.0,0.0,641.966302048415,0.0,0,0,0,0,30720.44529747225,0.0,163928.229285812,0.0,2178.1253051300437,10575048.068333626,0.0,10575048.068333626,1141478.9103187528,0.0,0.0,False,False,0.0,1.1920928955078125e-07,passed
unhedged,2023-09-18,1317993.121187383,10351531.402743153,27044.836956521736,10324486.565786632,10351531.402743153,0.0,11669524.523930537,0.0,0.0,216.63266248395666,0.0,0,0,0,0,101250.0,0.0,17785.990529505303,0.0,1042.869342122179,0.0,0.0,0.0,1317993.121187383,0.0,0.0,False,False,0.0,1.1920928955078125e-07,passed
duration,2023-09-18,7638274.734734074,4217363.710979118,-9093.029553018872,4226456.7405321365,10351531.402743153,6134167.691764034,11855638.445713192,0.0,0.0,1255.4692175295204,0.0,0,0,0,0,47417.381478397,0.0,109027.06185154151,0.0,1737.8702558990533,6256851.045599315,0.0,6256851.045599315,1381423.689134759,0.0,0.0,False,False,0.0,5.960464477539063e-08,passed
unweighted,2023-09-18,11167667.510746237,638948.0107414249,-17853.71149400857,656801.7222354334,10446076.903917857,9807128.893176433,11806615.521487663,0.0,0.0,1835.5797975677997,0.0,0,0,0,0,31805.80415342993,0.0,159018.74834197946,0.0,2172.1213283599986,10003271.471039962,0.0,10003271.471039962,1164396.0397062749,0.0,0.0,False,False,0.0,1.1920928955078125e-07,passed
constrained,2023-09-18,11718453.088623643,74740.139265771,-18294.51237276318,93034.65163853418,10445687.967716044,10370947.828450274,11793193.227889413,0.0,0.0,1926.1099712643772,0.0,0,0,0,0,30720.44529747225,0.0,165854.33925707638,0.0,2178.1253051300437,10578366.785019279,0.0,10578366.785019279,1140086.3036043644,0.0,0.0,False,False,0.0,1.1920928955078125e-07,passed
unhedged,2023-09-19,1318065.339988544,10333932.007838346,27391.304347826088,10306540.70349052,10333932.007838346,0.0,11651997.34782689,0.0,0.0,72.21880116080865,0.0,0,0,0,0,101250.0,0.0,17858.20933066611,0.0,1042.869342122179,0.0,0.0,0.0,1318065.339988544,0.0,0.0,False,False,0.0,1.1920928955078125e-07,passed
duration,2023-09-19,7638693.270335979,4215401.0864649555,-9033.370626075959,4224434.457091032,10333932.007838346,6118530.921373391,11854094.356800934,0.0,0.0,418.53560190461576,0.0,0,0,0,0,47417.381478397,0.0,109445.59745344613,0.0,1737.8702558990533,6240901.539800858,0.0,6240901.539800858,1397791.7305351207,0.0,0.0,False,False,0.0,5.960464477539063e-08,passed
unweighted,2023-09-19,11168279.437733129,639133.6841973976,-17883.375245272768,657017.0594426703,10428041.089649683,9788907.405452287,11807413.121930527,0.0,0.0,611.9269868917763,0.0,0,0,0,0,31805.80415342993,0.0,159630.67532887124,0.0,2172.1213283599986,9984685.553561334,0.0,9984685.553561334,1183593.884171795,0.0,0.0,False,False,0.0,1.1920928955078125e-07,passed
constrained,2023-09-19,11719095.195642201,74311.17494236617,-18328.904593687002,92640.07953605318,10427626.96101077,10353315.786068404,11793406.370584568,0.0,0.0,642.1070185583085,0.0,0,0,0,0,30720.44529747225,0.0,166496.4462756347,0.0,2178.1253051300437,10560382.101789773,0.0,10560382.101789773,1158713.0938524287,0.0,0.0,False,False,0.0,1.1920928955078125e-07,passed
unhedged,2023-09-20,1318137.5627468997,10337255.744097121,27737.771739130432,10309517.97235799,10337255.744097121,0.0,11655393.30684402,0.0,0.0,72.2227583557833,0.0,0,0,0,0,101250.0,0.0,17930.432089021895,0.0,1042.869342122179,0.0,0.0,0.0,1318137.5627468997,0.0,0.0,False,False,0.0,1.1920928955078125e-07,passed
duration,2023-09-20,7639111.8288713405,4211793.429732266,-8973.711699133046,4220767.141431399,10337255.744097121,6125462.314364856,11850905.258603606,0.0,0.0,418.5585353616625,0.0,0,0,0,0,47417.381478397,0.0,109864.15598880779,0.0,1737.8702558990533,6247971.560652154,0.0,6247971.560652154,1391140.268219187,0.0,0.0,False,False,0.0,5.960464477539063e-08,passed
unweighted,2023-09-20,11168891.398250267,638993.8574150067,-17913.03899653696,656906.8964115437,10431792.813099325,9792798.95568432,11807885.255665274,0.0,0.0,611.9605171382427,0.0,0,0,0,0,31805.80415342993,0.0,160242.63584600948,0.0,2172.1213283599986,9988654.934798006,0.0,9988654.934798006,1180236.463452261,0.0,0.0,False,False,0.0,1.1920928955078125e-07,passed
constrained,2023-09-20,11719737.337844703,74482.4632837601,-18363.29681461082,92845.76009837091,10431385.9881609,10356903.52487714,11794219.801128464,0.0,0.0,642.1422025021166,0.0,0,0,0,0,30720.44529747225,0.0,167138.5884781368,0.0,2178.1253051300437,10564041.595374683,0.0,10564041.595374683,1155695.7424700204,0.0,0.0,False,False,0.0,1.1920928955078125e-07,passed
unhedged,2023-09-21,1318209.7894626665,10284508.511391494,28084.23913043478,10256424.272261059,10284508.511391494,0.0,11602718.300854161,0.0,0.0,72.22671576682478,0.0,0,0,0,0,101250.0,0.0,18002.65880478872,0.0,1042.869342122179,0.0,0.0,0.0,1318209.7894626665,0.0,0.0,False,False,0.0,1.1920928955078125e-07,passed
duration,2023-09-21,7639530.410341415,4226143.328809581,-8914.052772190133,4235057.381581771,10284508.511391494,6058365.182581913,11865673.739150995,0.0,0.0,418.5814700741321,0.0,0,0,0,0,47417.381478397,0.0,110282.73745888192,0.0,1737.8702558990533,6179532.486233551,0.0,6179532.486233551,1459997.9241078636,0.0,0.0,False,False,0.0,5.960464477539063e-08,passed
unweighted,2023-09-21,11169503.392299484,640478.5442343857,-17942.70274780116,658421.2469821869,10376721.463114373,9736242.918879988,11809981.93653387,0.0,0.0,611.994049217552,0.0,0,0,0,0,31805.80415342993,0.0,160854.62989522703,0.0,2172.1213283599986,9930967.777257588,0.0,9930967.777257588,1238535.6150418967,0.0,0.0,False,False,0.0,1.1920928955078125e-07,passed
constrained,2023-09-21,11720379.515233077,74675.9034240733,-18397.68903553464,93073.59245960794,10376314.404454764,10301638.501030691,11795055.41865715,0.0,0.0,642.1773883737624,0.0,0,0,0,0,30720.44529747225,0.0,167780.76586651057,0.0,2178.1253051300437,10507671.271051304,0.0,10507671.271051304,1212708.2441817727,0.0,0.0,False,False,0.0,1.1920928955078125e-07,passed
unhedged,2023-09-22,1318282.020136062,10305186.194407573,28430.70652173913,10276755.487885835,10305186.194407573,0.0,11623468.214543635,0.0,0.0,72.23067339556292,0.0,0,0,0,0,101250.0,0.0,18074.889478184283,0.0,1042.869342122179,0.0,0.0,0.0,1318282.020136062,0.0,0.0,False,False,0.0,1.1920928955078125e-07,passed
duration,2023-09-22,7639949.014747462,4225403.065327788,-8854.393845247214,4234257.459173035,10305186.194407573,6079783.129079785,11865352.08007525,0.0,0.0,418.60440604761243,0.0,0,0,0,0,47417.381478397,0.0,110701.34186492953,0.0,1737.8702558990533,6201378.791661381,0.0,6201378.791661381,1438570.2230860814,0.0,0.0,False,False,0.0,5.960464477539063e-08,passed
unweighted,2023-09-22,11170115.419882625,640206.8631190037,-17972.366499065352,658179.229618069,10397982.878536234,9757776.01541723,11810322.28300163,0.0,0.0,612.0275831408799,0.0,0,0,0,0,31805.80415342993,0.0,161466.6574783679,0.0,2172.1213283599986,9952931.535725575,0.0,9952931.535725575,1217183.8841570504,0.0,0.0,False,False,0.0,1.1920928955078125e-07,passed
constrained,2023-09-22,11721021.727809256,74649.59159403692,-18432.08125645846,93081.67285049538,10397574.925570657,10322925.333976619,11795671.319403293,0.0,0.0,642.2125761788338,0.0,0,0,0,0,30720.44529747225,0.0,168422.9784426894,0.0,2178.1253051300437,10529383.840656152,0.0,10529383.840656152,1191637.887153104,0.0,0.0,False,False,0.0,1.1920928955078125e-07,passed
unhedged,2023-09-25,1318498.735904186,10274492.659428356,29470.108695652172,10245022.550732704,10274492.659428356,0.0,11592991.395332541,0.0,0.0,216.7157681239769,0.0,0,0,0,0,101250.0,0.0,18291.60524630826,0.0,1042.869342122179,0.0,0.0,0.0,1318498.735904186,0.0,0.0,False,False,0.0,1.1920928955078125e-07,passed
duration,2023-09-25,7641204.965593996,4236560.769015109,-8675.417064418474,4245236.186079527,10274492.659428356,6037931.890413247,11877765.734609105,0.0,0.0,1255.9508465342224,0.0,0,0,0,0,47417.381478397,0.0,111957.29271146376,0.0,1737.8702558990533,6158690.528221512,0.0,6158690.528221512,1482514.4373724842,0.0,0.0,False,False,0.0,5.960464477539063e-08,passed
unweighted,2023-09-25,11171951.703853946,641254.5634142639,-18061.35775285794,659315.9211671219,10365393.34214729,9724138.778733026,11813206.26726821,0.0,0.0,1836.2839713208377,0.0,0,0,0,0,31805.80415342993,0.0,163302.94144968875,0.0,2172.1213283599986,9918621.554307686,0.0,9918621.554307686,1253330.14954626,0.0,0.0,False,False,0.0,1.1920928955078125e-07,passed
constrained,2023-09-25,11722948.576683884,74604.29219203368,-18535.25791922992,93139.5501112636,10364970.772826646,10290366.480634611,11797552.868875919,0.0,0.0,1926.8488746285439,0.0,0,0,0,0,30720.44529747225,0.0,170349.82731731795,0.0,2178.1253051300437,10496173.810247304,0.0,10496173.810247304,1226774.7664365806,0.0,0.0,False,False,0.0,1.1920928955078125e-07,passed
unhedged,2023-09-26,1318570.982410263,10270978.68659075,29816.57608695652,10241162.110503793,10270978.68659075,0.0,11589549.669001013,0.0,0.0,72.2465060770046,0.0,0,0,0,0,101250.0,0.0,18363.851752385264,0.0,1042.869342122179,0.0,0.0,0.0,1318570.982410263,0.0,0.0,False,False,0.0,1.1920928955078125e-07,passed
duration,2023-09-26,7641623.661756495,4237914.666377727,-8615.758137475554,4246530.424515203,10270978.68659075,6033064.020213023,11879538.328134222,0.0,0.0,418.6961624985561,0.0,0,0,0,0,47417.381478397,0.0,112375.98887396231,0.0,1737.8702558990533,6153725.300617283,0.0,6153725.300617283,1487898.3611392118,0.0,0.0,False,False,0.0,5.960464477539063e-08,passed
unweighted,2023-09-26,11172563.865591144,641380.2328330808,-18091.021504122135,659471.254337203,10361485.519160345,9720105.286327265,11813944.098424224,0.0,0.0,612.1617371980101,0.0,0,0,0,0,31805.80415342993,0.0,163915.10318688676,0.0,2172.1213283599986,9914507.39205381,0.0,9914507.39205381,1258056.4735373333,0.0,0.0,False,False,0.0,1.1920928955078125e-07,passed
constrained,2023-09-26,11723590.930030553,74555.93434857784,-18569.650140153735,93125.58448873158,10361057.399301482,10286501.464952905,11798146.86437913,0.0,0.0,642.3533466681838,0.0,0,0,0,0,30720.44529747225,0.0,170992.18066398613,0.0,2178.1253051300437,10492231.494251963,0.0,10492231.494251963,1231359.43577859,0.0,0.0,False,False,0.0,1.1920928955078125e-07,passed
unhedged,2023-09-27,1318643.2328750526,10244151.124040768,30163.04347826087,10213988.080562506,10244151.124040768,0.0,11562794.35691582,0.0,0.0,72.25046478956938,0.0,0,0,0,0,101250.0,0.0,18436.102217174834,0.0,1042.869342122179,0.0,0.0,0.0,1318643.2328750526,0.0,0.0,False,False,0.0,1.1920928955078125e-07,passed
duration,2023-09-27,7642042.38086125,4239072.273813744,-8556.099210532639,4247628.373024276,10244151.124040768,6005078.8502270235,11881114.654674994,0.0,0.0,418.7191047547385,0.0,0,0,0,0,47417.381478397,0.0,112794.70797871705,0.0,1737.8702558990533,6125180.427231564,0.0,6125180.427231564,1516861.9536296856,0.0,0.0,False,False,0.0,5.960464477539063e-08,passed
unweighted,2023-09-27,11173176.060871452,641986.2744553074,-18120.68525538633,660106.9597106937,10334034.418101145,9692048.143645838,11815162.33532676,0.0,0.0,612.1952803079039,0.0,0,0,0,0,31805.80415342993,0.0,164527.29846719466,0.0,2172.1213283599986,9885889.106518755,0.0,9885889.106518755,1287286.9543526974,0.0,0.0,False,False,0.0,1.1920928955078125e-07,passed
constrained,2023-09-27,11724233.318574665,74620.39786825431,-18604.042361077547,93224.44022933186,10333612.878539385,10258992.48067113,11798853.71644292,0.0,0.0,642.3885441124439,0.0,0,0,0,0,30720.44529747225,0.0,171634.56920809858,0.0,2178.1253051300437,10464172.330284553,0.0,10464172.330284553,1260060.9882901125,0.0,0.0,False,False,0.0,1.1920928955078125e-07,passed
unhedged,2023-09-28,1318715.4872987722,10263283.20376017,30509.51086956522,10232773.692890605,10263283.20376017,0.0,11581998.691058941,0.0,0.0,72.25442371959798,0.0,0,0,0,0,101250.0,0.0,18508.35664089443,0.0,1042.869342122179,0.0,0.0,0.0,1318715.4872987722,0.0,0.0,False,False,0.0,1.1920928955078125e-07,passed
duration,2023-09-28,7642461.122909516,4244179.574899739,-8496.440283589724,4252676.015183329,10263283.20376017,6019103.62886043,11886640.697809255,0.0,0.0,418.7420482663438,0.0,0,0,0,0,47417.381478397,0.0,113213.4500269834,0.0,1737.8702558990533,6139485.701437638,0.0,6139485.701437638,1502975.421471878,0.0,0.0,False,False,0.0,5.960464477539063e-08,passed
unweighted,2023-09-28,11173788.289696706,642022.6591151282,-18150.349006650522,660173.0081217787,10353319.525628772,9711296.866513643,11815810.948811835,0.0,0.0,612.2288252543658,0.0,0,0,0,0,31805.80415342993,0.0,165139.52729244903,0.0,2172.1213283599986,9905522.803843917,0.0,9905522.803843917,1268265.4858527891,0.0,0.0,False,False,0.0,1.1920928955078125e-07,passed
constrained,2023-09-28,11724875.74231815,74853.64018697613,-18638.43458200137,93492.0747689775,10352903.5245392,10278049.884352226,11799729.382505126,0.0,0.0,642.4237434845418,0.0,0,0,0,0,30720.44529747225,0.0,172276.99295158312,0.0,2178.1253051300437,10483610.882039271,0.0,10483610.882039271,1241264.8602788784,0.0,0.0,False,False,0.0,1.1920928955078125e-07,passed
unhedged,2023-09-29,1318787.745681638,10269275.048362171,30855.978260869564,10238419.070101302,10269275.048362171,0.0,11588062.79404381,0.0,0.0,72.25838286569342,0.0,0,0,0,0,101250.0,0.0,18580.615023760125,0.0,1042.869342122179,0.0,0.0,0.0,1318787.745681638,0.0,0.0,False,False,0.0,1.1920928955078125e-07,passed
duration,2023-09-29,7642879.887902552,4247134.0735583315,-8436.781356646812,4255570.854914978,10269275.048362171,6022140.97480384,11890013.961460885,0.0,0.0,418.76499303616583,0.0,0,0,0,0,47417.381478397,0.0,113632.21502001956,0.0,1737.8702558990533,6142583.794299916,0.0,6142583.794299916,1500296.093602636,0.0,0.0,False,False,0.0,5.960464477539063e-08,passed
unweighted,2023-09-29,11174400.552068744,642127.1980805987,-18180.012757914723,660307.2108385134,10359055.823766047,9716928.625685448,11816527.750149343,0.0,0.0,612.2623720373958,0.0,0,0,0,0,31805.80415342993,0.0,165751.78966448642,0.0,2172.1213283599986,9911267.198199157,0.0,9911267.198199157,1263133.3538695872,0.0,0.0,False,False,0.0,1.1920928955078125e-07,passed
constrained,2023-09-29,11725518.201262934,74907.23274166034,-18672.826802925192,93580.05954458553,10358641.971791476,10283734.739049815,11800425.434004594,0.0,0.0,642.4589447844774,0.0,0,0,0,0,30720.44529747225,0.0,172919.4518963676,0.0,2178.1253051300437,10489409.43383081,0.0,10489409.43383081,1236108.7674321234,0.0,0.0,False,False,0.0,1.1920928955078125e-07,passed
unhedged,2023-10-02,1319004.5445872839,10229121.103704415,31895.380434782608,10197225.723269632,10229121.103704415,0.0,11548125.6482917,0.0,0.0,216.7989056459628,0.0,0.0,-0.0,0.0,0,101250.0,0.0,18797.413929406088,0.0,1042.869342122179,0.0,0.0,0.0,1319004.5445872839,0.0,0.0,False,False,0.0,1.1920928955078125e-07,passed
duration,2023-10-02,7655308.288778969,4239525.381584237,-8332.846940247951,4247858.228524486,10229121.103704415,5989595.722120178,11894833.670363206,0.0,0.0,1256.4326603021473,0.0,1.1173085524667457,11173.085524667456,11173.085524667456,0,47417.381478397,0.0,114888.64768032171,0.0,1738.98756445152,6109387.636562581,0.0,6109387.636562581,1545920.652216388,0.0,0.0,False,False,-3.121769509562e-10,5.960464477539063e-08,passed
unweighted,2023-10-02,10863719.391340239,955656.3747651438,-17862.968578522854,973519.3433436668,10330130.494178537,9374474.119413393,11819375.766105384,0.0,0.0,1836.9884152095765,0.0,40.984855318751286,-312477.1642883967,409848.55318751285,0,31805.80415342993,0.0,167588.778079696,0.0,2213.10618367875,9561963.60180166,0.0,9561963.60180166,1301755.789538579,0.0,0.0,False,False,1.0077911838379805e-09,1.1920928955078125e-07,passed
constrained,2023-10-02,11830092.379615953,-27709.658564562156,-18901.540532593466,-8808.11803196869,10329133.10707903,10356842.765643591,11802382.721051391,0.0,0.0,1927.588061451912,0.0,16.294085335709052,102662.884376903,162940.85335709053,0,30720.44529747225,0.0,174847.0399578195,0.0,2194.4193904657527,10563979.620956464,0.0,10563979.620956464,1266112.7586594895,0.0,0.0,False,False,-1.5051071500238322e-10,1.1920928955078125e-07,passed
unhedged,2023-10-03,1319076.818808905,10184681.526882663,32241.84782608696,10152439.679056576,10184681.526882663,0.0,11503758.34569157,0.0,0.0,72.27422162122093,0.0,0,0,0,0,101250.0,0.0,18869.68815102731,0.0,1042.869342122179,0.0,0.0,0.0,1319076.818808905,0.0,0.0,False,False,0.0,1.1920928955078125e-07,passed
duration,2023-10-03,7655727.7577263,4245211.982361484,-8273.724030193822,4253485.706391678,10184681.526882663,5939469.54452118,11900939.740087785,0.0,0.0,419.46894733048975,0.0,0,0,0,0,47417.381478397,0.0,115308.1166276522,0.0,1738.98756445152,6058258.935411604,0.0,6058258.935411604,1597468.8223146955,0.0,0.0,False,False,0.0,5.960464477539063e-08,passed
unweighted,2023-10-03,10864314.663635656,956740.3335254283,-17889.19662479861,974629.5301502269,10283725.193260131,9326984.859734703,11821054.997161085,0.0,0.0,595.2722954172641,0.0,0,0,0,0,31805.80415342993,0.0,168184.05037511326,0.0,2213.10618367875,9513524.556929396,0.0,9513524.556929396,1350790.1067062598,0.0,0.0,False,False,0.0,1.1920928955078125e-07,passed
constrained,2023-10-03,11830740.603855932,-27832.248521461348,-18936.91722916969,-8895.33129229166,10282687.884339716,10310520.132861178,11802908.35533447,0.0,0.0,648.2242399789393,0.0,0,0,0,0,30720.44529747225,0.0,175495.26419779845,0.0,2194.4193904657527,10516730.535518402,0.0,10516730.535518402,1314010.06833753,0.0,0.0,False,False,0.0,1.1920928955078125e-07,passed
unhedged,2023-10-04,1319149.0969907576,10224056.30206376,32588.315217391304,10191467.986846369,10224056.30206376,0.0,11543205.399054516,0.0,0.0,72.27818185254,0.0,0,0,0,0,101250.0,0.0,18941.96633287985,0.0,1042.869342122179,0.0,0.0,0.0,1319149.0969907576,0.0,0.0,False,False,0.0,1.1920928955078125e-07,passed
duration,2023-10-04,7656147.24965823,4248502.665073976,-8214.601120139696,4256717.266194115,10224056.30206376,5975553.636989784,11904649.914732207,0.0,0.0,419.49193193018436,0.0,0,0,0,0,47417.381478397,0.0,115727.60855958238,0.0,1738.98756445152,6095064.70972958,0.0,6095064.70972958,1561082.5399286496,0.0,0.0,False,False,0.0,5.960464477539063e-08,passed
unweighted,2023-10-04,10864909.968548732,956305.0577891095,-17915.424671074372,974220.4824601839,10324234.44424201,9367929.386452902,11821215.026337842,0.0,0.0,595.3049130756408,0.0,0,0,0,0,31805.80415342993,0.0,168779.3552881889,0.0,2213.10618367875,9555287.97418196,0.0,9555287.97418196,1309621.9943667725,0.0,0.0,False,False,0.0,1.1920928955078125e-07,passed
constrained,2023-10-04,11831388.863615049,-27714.03905083257,-18972.29392574592,-8741.74512508665,10323206.976005895,10350921.015056727,11803674.824564217,0.0,0.0,648.2597591169178,0.0,0,0,0,0,30720.44529747225,0.0,176143.52395691536,0.0,2194.4193904657527,10557939.435357863,0.0,10557939.435357863,1273449.428257186,0.0,0.0,False,False,0.0,1.1920928955078125e-07,passed
unhedged,2023-10-05,1319221.3791330587,10235039.522113778,32934.782608695656,10202104.739505082,10235039.522113778,0.0,11554260.901246836,0.0,0.0,72.28214230109006,0.0,0,0,0,0,101250.0,0.0,19014.24847518094,0.0,1042.869342122179,0.0,0.0,0.0,1319221.3791330587,0.0,0.0,False,False,0.0,1.1920928955078125e-07,passed
duration,2023-10-05,7656566.764576021,4249612.635731081,-8155.478210085561,4257768.113941167,10235039.522113778,5985426.886382696,11906179.4003071,0.0,0.0,419.51491779088974,0.0,0,0,0,0,47417.381478397,0.0,116147.12347737327,0.0,1738.98756445152,6105135.42411035,0.0,6105135.42411035,1551431.3404656705,0.0,0.0,False,False,0.0,5.960464477539063e-08,passed
unweighted,2023-10-05,10865505.306081256,956129.5722128906,-17941.652717350127,974071.2249302408,10334998.854509244,9378869.282296354,11821634.878294146,0.0,0.0,595.3375325240195,0.0,0,0,0,0,31805.80415342993,0.0,169374.69282071292,0.0,2213.10618367875,9566446.667942282,0.0,9566446.667942282,1299058.638138974,0.0,0.0,False,False,0.0,1.1920928955078125e-07,passed
constrained,2023-10-05,11832037.158895249,-27708.53248638526,-19007.67062232214,-8700.861864063118,10333970.56590153,10361679.098387918,11804328.626408864,0.0,0.0,648.2952801994979,0.0,0,0,0,0,30720.44529747225,0.0,176791.81923711486,0.0,2194.4193904657527,10568912.680355676,0.0,10568912.680355676,1263124.478539573,0.0,0.0,False,False,0.0,1.1920928955078125e-07,passed
unhedged,2023-10-06,1319293.665236025,10218603.671536697,33281.25,10185322.421536697,10218603.671536697,0.0,11537897.336772721,0.0,0.0,72.28610296617262,0.0,0,0,0,0,101250.0,0.0,19086.53457814711,0.0,1042.869342122179,0.0,0.0,0.0,1319293.665236025,0.0,0.0,False,False,0.0,1.1920928955078125e-07,passed
duration,2023-10-06,7656986.30248093,4244255.9475841,-8096.355300031428,4252352.302884132,10218603.671536697,5974347.723952597,11901242.25006503,0.0,0.0,419.5379049098119,0.0,0,0,0,0,47417.381478397,0.0,116566.66138228308,0.0,1738.98756445152,6093834.678431649,0.0,6093834.678431649,1563151.6240492817,0.0,0.0,False,False,0.0,5.960464477539063e-08,passed
unweighted,2023-10-06,10866100.676235016,955809.8779698317,-17967.880763625875,973777.7587334575,10317186.991081644,9361377.113111813,11821910.554204848,0.0,0.0,595.3701537605375,0.0,0,0,0,0,31805.80415342993,0.0,169970.06297447346,0.0,2213.10618367875,9548604.655374048,0.0,9548604.655374048,1317496.0208609682,0.0,0.0,False,False,0.0,1.1920928955078125e-07,passed
constrained,2023-10-06,11832685.489698477,-27578.80913808031,-19043.04731889836,-8535.76181918195,10316300.540933434,10343879.350071514,11805106.680560397,0.0,0.0,648.3308032285422,0.0,0,0,0,0,30720.44529747225,0.0,177440.1500403434,0.0,2194.4193904657527,10550756.937072944,0.0,10550756.937072944,1281928.5526255332,0.0,0.0,False,False,0.0,1.1920928955078125e-07,passed
unhedged,2023-10-10,1319582.849258884,10275317.368218329,34667.11956521739,10240650.248653112,10275317.368218329,0.0,11594900.217477214,0.0,0.0,289.18402285920456,0.0,0,0,0,0,101250.0,0.0,19375.718601006316,0.0,1042.869342122179,0.0,0.0,0.0,1319582.849258884,0.0,0.0,False,False,0.0,1.1920928955078125e-07,passed
duration,2023-10-10,7658664.683996946,4248047.126196053,-7859.86365981491,4255906.989855868,10275317.368218329,6027270.242022276,11906711.810192998,0.0,0.0,1678.381516015157,0.0,0,0,0,0,47417.381478397,0.0,118245.04289829824,0.0,1738.98756445152,6147815.646862722,0.0,6147815.646862722,1510849.0371342236,0.0,0.0,False,False,0.0,5.960464477539063e-08,passed
unweighted,2023-10-10,10868482.483098147,955684.0964628571,-18072.792948728915,973756.889411586,10375501.07988098,9419816.983418124,11824166.579561004,0.0,0.0,2381.8068631310016,0.0,0,0,0,0,31805.80415342993,0.0,172351.86983760446,0.0,2213.10618367875,9608213.323086487,0.0,9608213.323086487,1260269.1600116603,0.0,0.0,False,False,0.0,1.1920928955078125e-07,passed
constrained,2023-10-10,11835279.168180611,-27278.238714326733,-19184.554105203264,-8093.684609123469,10374606.48494583,10401884.723660156,11808000.929466285,0.0,0.0,2593.678482133895,0.0,0,0,0,0,30720.44529747225,0.0,180033.8285224773,0.0,2194.4193904657527,10609922.41813336,0.0,10609922.41813336,1225356.7500472516,0.0,0.0,False,False,0.0,1.1920928955078125e-07,passed
unhedged,2023-10-11,1319655.1551684327,10302391.977712013,35013.58695652174,10267378.390755491,10302391.977712013,0.0,11622047.132880446,0.0,0.0,72.30590954865329,0.0,0,0,0,0,101250.0,0.0,19448.02451055497,0.0,1042.869342122179,0.0,0.0,0.0,1319655.1551684327,0.0,0.0,False,False,0.0,1.1920928955078125e-07,passed
duration,2023-10-11,7659084.336856342,4238313.730261591,-7800.740749760778,4246114.471011352,10302391.977712013,6064078.247450421,11897398.067117933,0.0,0.0,419.6528593963012,0.0,0,0,0,0,47417.381478397,0.0,118664.69575769454,0.0,1738.98756445152,6185359.812399429,0.0,6185359.812399429,1473724.5244569127,0.0,0.0,False,False,0.0,5.960464477539063e-08,passed
unweighted,2023-10-11,10869078.016384892,954791.3880899289,-18099.020995004666,972890.4090849336,10404197.611482315,9449406.223392386,11823869.404474821,0.0,0.0,595.5332867447287,0.0,0,0,0,0,31805.80415342993,0.0,172947.4031243492,0.0,2213.10618367875,9638394.347860234,0.0,9638394.347860234,1230683.6685246583,0.0,0.0,False,False,0.0,1.1920928955078125e-07,passed
constrained,2023-10-11,11835927.676628182,-27492.77378987382,-19219.930801779487,-8272.842988094333,10403351.219505178,10430843.993295051,11808434.902838308,0.0,0.0,648.5084475707263,0.0,0,0,0,0,30720.44529747225,0.0,180682.33697004803,0.0,2194.4193904657527,10639460.873160953,0.0,10639460.873160953,1196466.803467229,0.0,0.0,False,False,0.0,1.1920928955078125e-07,passed
unhedged,2023-10-12,1319727.4650399487,10244925.224889765,35360.05434782609,10209565.170541938,10244925.224889765,0.0,11564652.689929713,0.0,0.0,72.30987151595764,0.0,0,0,0,0,101250.0,0.0,19520.334382070927,0.0,1042.869342122179,0.0,0.0,0.0,1319727.4650399487,0.0,0.0,False,False,0.0,1.1920928955078125e-07,passed
duration,2023-10-12,7659504.012710418,4249323.570402505,-7741.617839706658,4257065.188242212,10244925.224889765,5995601.654487259,11908827.583112922,0.0,0.0,419.67585407570004,0.0,0,0,0,0,47417.381478397,0.0,119084.37161177024,0.0,1738.98756445152,6115513.687577004,0.0,6115513.687577004,1543990.325133414,0.0,0.0,False,False,0.0,5.960464477539063e-08,passed
unweighted,2023-10-12,10869673.5823036,956970.2362436627,-18125.249041280433,975095.4852849431,10345234.766521376,9388264.530277712,11826643.818547264,0.0,0.0,595.5659187082201,0.0,0,0,0,0,31805.80415342993,0.0,173542.9690430574,0.0,2213.10618367875,9576029.820883267,0.0,9576029.820883267,1293643.7614203338,0.0,0.0,False,False,0.0,1.1920928955078125e-07,passed
constrained,2023-10-12,11836576.220610464,-27529.43807407638,-19255.30749835572,-8274.130575720661,10344231.37482703,10371760.812901106,11809046.782536387,0.0,0.0,648.5439822822809,0.0,0,0,0,0,30720.44529747225,0.0,181330.8809523303,0.0,2194.4193904657527,10579196.029159129,0.0,10579196.029159129,1257380.1914513353,0.0,0.0,False,False,0.0,1.1920928955078125e-07,passed
unhedged,2023-10-13,1319799.7788736497,10273121.025377162,35706.52173913043,10237414.503638031,10273121.025377162,0.0,11592920.804250812,0.0,0.0,72.31383370095864,0.0,0,0,0,0,101250.0,0.0,19592.648215771886,0.0,1042.869342122179,0.0,0.0,0.0,1319799.7788736497,0.0,0.0,False,False,0.0,1.1920928955078125e-07,passed
duration,2023-10-13,7659923.711560429,4244938.167520311,-7682.494929652529,4252620.662449963,10273121.025377162,6028182.85785685,11904861.879080739,0.0,0.0,419.69885001145303,0.0,0,0,0,0,47417.381478397,0.0,119504.0704617817,0.0,1738.98756445152,6148746.515013987,0.0,6148746.515013987,1511177.1965464419,0.0,0.0,False,False,0.0,5.960464477539063e-08,passed
unweighted,2023-10-13,10870269.180856055,956418.8195884097,-18151.47708755619,974570.2966759659,10374600.46999304,9418181.65040463,11826688.000444464,0.0,0.0,595.598552454263,0.0,0,0,0,0,31805.80415342993,0.0,174138.56759551167,0.0,2213.10618367875,9606545.283412723,0.0,9606545.283412723,1263723.8974433318,0.0,0.0,False,False,0.0,1.1920928955078125e-07,passed
constrained,2023-10-13,11837224.8001294,-27530.202502756696,-19290.684194931942,-8239.518307824754,10373618.468448484,10401148.670951242,11809694.597626643,0.0,0.0,648.5795189365745,0.0,0,0,0,0,30720.44529747225,0.0,181979.46047126688,0.0,2194.4193904657527,10609171.644370267,0.0,10609171.644370267,1228053.1557591334,0.0,0.0,False,False,0.0,1.1920928955078125e-07,passed
unhedged,2023-10-16,1320016.744150032,10243947.845494375,36745.92391304348,10207201.921581332,10243947.845494375,0.0,11563964.589644406,0.0,0.0,216.96527638239786,0.0,0,0,0,0,101250.0,0.0,19809.613492154283,0.0,1042.869342122179,0.0,0.0,0.0,1320016.744150032,0.0,0.0,False,False,0.0,1.1920928955078125e-07,passed
duration,2023-10-16,7661182.946098691,4249690.090511715,-7505.126199490136,4257195.216711205,10243947.845494375,5994257.75498266,11910873.036610406,0.0,0.0,1259.2345382617787,0.0,0,0,0,0,47417.381478397,0.0,120763.30500004347,0.0,1738.98756445152,6114142.910082313,0.0,6114142.910082313,1547040.0360163776,0.0,0.0,False,False,0.0,5.960464477539063e-08,passed
unweighted,2023-10-16,10872056.1723338,957614.4153670544,-18230.161226383458,975844.5765934378,10343997.010360349,9386382.594993293,11829670.587700853,0.0,0.0,1786.9914777446538,0.0,0,0,0,0,31805.80415342993,0.0,175925.55907325633,0.0,2213.10618367875,9574110.24689316,0.0,9574110.24689316,1297945.9254406393,0.0,0.0,False,False,0.0,1.1920928955078125e-07,passed
constrained,2023-10-16,11839170.75192563,-27450.137369846103,-19396.814284660624,-8053.323085185479,10343020.864930294,10370471.00230014,11811720.614555784,0.0,0.0,1945.9517962299287,0.0,0,0,0,0,30720.44529747225,0.0,183925.4122674968,0.0,2194.4193904657527,10577880.422346143,0.0,10577880.422346143,1261290.3295794874,0.0,0.0,False,False,0.0,1.1920928955078125e-07,passed
unhedged,2023-10-17,1320089.073834643,10187371.140780527,37092.391304347824,10150278.74947618,10187371.140780527,0.0,11507460.21461517,0.0,0.0,72.32968461094424,0.0,0,0,0,0,101250.0,0.0,19881.943176765228,0.0,1042.869342122179,0.0,0.0,0.0,1320089.073834643,0.0,0.0,False,False,0.0,1.1920928955078125e-07,passed
duration,2023-10-17,7661602.736945053,4248601.615423072,-7446.003289436012,4256047.618712508,10187371.140780527,5938769.525357456,11910204.352368124,0.0,0.0,419.7908463617787,0.0,0,0,0,0,47417.381478397,0.0,121183.09584640525,0.0,1738.98756445152,6057544.915864605,0.0,6057544.915864605,1604057.8210804472,0.0,0.0,False,False,0.0,5.960464477539063e-08,passed
unweighted,2023-10-17,10872651.901439134,958977.9967083842,-18256.38927265922,977234.3859810435,10286385.720224006,9327407.72351562,11831629.898147518,0.0,0.0,595.729105334729,0.0,0,0,0,0,31805.80415342993,0.0,176521.28817859106,0.0,2213.10618367875,9513955.877985934,0.0,9513955.877985934,1358696.0234532002,0.0,0.0,False,False,0.0,1.1920928955078125e-07,passed
constrained,2023-10-17,11839819.473610668,-27331.815625907868,-19432.19098123685,-7899.624644671017,10285419.96425496,10312751.779880868,11812487.65798476,0.0,0.0,648.7216850370169,0.0,0,0,0,0,30720.44529747225,0.0,184574.13395253383,0.0,2194.4193904657527,10519006.815478485,0.0,10519006.815478485,1320812.6581321824,0.0,0.0,False,False,0.0,1.1920928955078125e-07,passed
unhedged,2023-10-18,1320161.4074825244,10168091.433258511,37438.858695652176,10130652.574562859,10168091.433258511,0.0,11488252.840741035,0.0,0.0,72.3336478814017,0.0,0,0,0,0,101250.0,0.0,19954.27682464663,0.0,1042.869342122179,0.0,0.0,0.0,1320161.4074825244,0.0,0.0,False,False,0.0,1.1920928955078125e-07,passed
duration,2023-10-18,7662022.550793652,4249314.4556100415,-7386.880379381874,4256701.335989423,10168091.433258511,5918776.977648469,11911337.006403694,0.0,0.0,419.8138485997915,0.0,0,0,0,0,47417.381478397,0.0,121602.90969500504,0.0,1738.98756445152,6037152.517201439,0.0,6037152.517201439,1624870.0335922139,0.0,0.0,False,False,0.0,5.960464477539063e-08,passed
unweighted,2023-10-18,10873247.663187157,958954.4650915824,-18282.61731893497,977237.0824105174,10265836.70699779,9306882.241906207,11832202.12827874,0.0,0.0,595.7617480233312,0.0,0,0,0,0,31805.80415342993,0.0,177117.0499266144,0.0,2213.10618367875,9493019.886744332,0.0,9493019.886744332,1380227.7764428258,0.0,0.0,False,False,0.0,1.1920928955078125e-07,passed
constrained,2023-10-18,11840468.230842099,-27679.535772321495,-19467.567677813066,-8211.96809450843,10264940.113171142,10292619.648943461,11812788.695069777,0.0,0.0,648.7572314310819,0.0,0,0,0,0,30720.44529747225,0.0,185222.8911839649,0.0,2194.4193904657527,10498472.04192233,0.0,10498472.04192233,1341996.1889197677,0.0,0.0,False,False,0.0,1.1920928955078125e-07,passed
unhedged,2023-10-19,1320233.7450938935,10146133.002850283,37785.32608695652,10108347.676763326,10146133.002850283,0.0,11466366.747944176,0.0,0.0,72.33761136909015,0.0,0,0,0,0,101250.0,0.0,20026.61443601572,0.0,1042.869342122179,0.0,0.0,0.0,1320233.7450938935,0.0,0.0,False,False,0.0,1.1920928955078125e-07,passed
duration,2023-10-19,7662442.387645751,4261938.03933938,-7327.757469327749,4269265.796808708,10146133.002850283,5884194.963510903,11924380.426985132,0.0,0.0,419.83685209881514,0.0,0,0,0,0,47417.381478397,0.0,122022.74654710386,0.0,1738.98756445152,6001878.86278112,0.0,6001878.86278112,1660563.5248646308,0.0,0.0,False,False,0.0,5.960464477539063e-08,passed
unweighted,2023-10-19,10873843.457579661,960282.6760813954,-18308.84536521073,978591.5214466061,10242393.849412354,9282111.173330959,11834126.133661056,0.0,0.0,595.794392503798,0.0,0,0,0,0,31805.80415342993,0.0,177712.8443191182,0.0,2213.10618367875,9467753.396797579,0.0,9467753.396797579,1406090.0607820824,0.0,0.0,False,False,0.0,1.1920928955078125e-07,passed
constrained,2023-10-19,11841117.023621872,-27347.22921129125,-19502.9443743893,-7844.284836901952,10241476.386681277,10268823.615892569,11813769.79441058,0.0,0.0,648.7927797734737,0.0,0,0,0,0,30720.44529747225,0.0,185871.68396373838,0.0,2194.4193904657527,10474200.08821042,0.0,10474200.08821042,1366916.9354114514,0.0,0.0,False,False,0.0,1.1920928955078125e-07,passed
unhedged,2023-10-20,1320306.0866689673,10176636.109756174,38131.79347826087,10138504.316277912,10176636.109756174,0.0,11496942.19642514,0.0,0.0,72.34157507377677,0.0,0,0,0,0,101250.0,0.0,20098.956011089496,0.0,1042.869342122179,0.0,0.0,0.0,1320306.0866689673,0.0,0.0,False,False,0.0,1.1920928955078125e-07,passed
duration,2023-10-20,7662862.24750261,4266393.09122459,-7268.6345592736125,4273661.725783864,10176636.109756174,5910243.018531584,11929255.3387272,0.0,0.0,419.8598568588495,0.0,0,0,0,0,47417.381478397,0.0,122442.60640396271,0.0,1738.98756445152,6028447.8789022155,0.0,6028447.8789022155,1634414.3686003946,0.0,0.0,False,False,0.0,5.960464477539063e-08,passed
unweighted,2023-10-20,10874439.284618435,960118.1172044342,-18335.073411486486,978453.1906159207,10273444.28763573,9313326.170431297,11834557.401822869,0.0,0.0,595.8270387742668,0.0,0,0,0,0,31805.80415342993,0.0,178308.67135789245,0.0,2213.10618367875,9499592.693839923,0.0,9499592.693839923,1374846.5907785129,0.0,0.0,False,False,0.0,1.1920928955078125e-07,passed
constrained,2023-10-20,11841765.851951936,-27209.752364212345,-19538.321070965518,-7671.431293246827,10272468.98652656,10299678.73889077,11814556.099587724,0.0,0.0,648.8283300641924,0.0,0,0,0,0,30720.44529747225,0.0,186520.51229380257,0.0,2194.4193904657527,10505672.313668586,0.0,10505672.313668586,1336093.53828335,0.0,0.0,False,False,0.0,1.1920928955078125e-07,passed
unhedged,2023-10-23,1320523.1351785888,10208750.055798521,39171.19565217391,10169578.860146347,10208750.055798521,0.0,11529273.19097711,0.0,0.0,217.04850962152705,0.0,0,0,0,0,101250.0,0.0,20316.004520711023,0.0,1042.869342122179,0.0,0.0,0.0,1320523.1351785888,0.0,0.0,False,False,0.0,1.1920928955078125e-07,passed
duration,2023-10-23,7664121.965114342,4264455.258118683,-7091.265829111233,4271546.523947794,10208750.055798521,5944294.79767984,11928577.223233026,0.0,0.0,1259.7176117319614,0.0,0,0,0,0,47417.381478397,0.0,123702.32401569467,0.0,1738.98756445152,6063180.693633436,0.0,6063180.693633436,1600941.2714809058,0.0,0.0,False,False,0.0,5.960464477539063e-08,passed
unweighted,2023-10-23,10876226.961630248,959969.2723547466,-18413.75755031377,978383.0299050603,10306914.48581353,9346945.213458784,11836196.233984994,0.0,0.0,1787.6770118121058,0.0,0,0,0,0,31805.80415342993,0.0,180096.34836970456,0.0,2213.10618367875,9533884.11772796,0.0,9533884.11772796,1342342.843902288,0.0,0.0,False,False,0.0,1.1920928955078125e-07,passed
constrained,2023-10-23,11843712.550263338,-27094.25856990085,-19644.451160694207,-7449.807409206642,10305927.465319756,10333021.723889658,11816618.291693438,0.0,0.0,1946.698311401531,0.0,0,0,0,0,30720.44529747225,0.0,188467.2106052041,0.0,2194.4193904657527,10539682.158367451,0.0,10539682.158367451,1304030.3918958865,0.0,0.0,False,False,0.0,1.1920928955078125e-07,passed
unhedged,2023-10-24,1320595.4926106536,10211690.792555416,39517.663043478264,10172173.129511937,10211690.792555416,0.0,11532286.28516607,0.0,0.0,72.35743206483312,0.0,0,0,0,0,101250.0,0.0,20388.361952775856,0.0,1042.869342122179,0.0,0.0,0.0,1320595.4926106536,0.0,0.0,False,False,0.0,1.1920928955078125e-07,passed
duration,2023-10-24,7664541.917002842,4260860.068357595,-7032.142919057101,4267892.211276652,10211690.792555416,5950830.72419782,11925401.985360436,0.0,0.0,419.9518884997815,0.0,0,0,0,0,47417.381478397,0.0,124122.27590419445,0.0,1738.98756445152,6069847.338681776,0.0,6069847.338681776,1594694.5783210658,0.0,0.0,False,False,0.0,5.960464477539063e-08,passed
unweighted,2023-10-24,10876822.919271981,960008.6030002253,-18439.985596589522,978448.5885968148,10310394.682164535,9350386.07916431,11836831.522272207,0.0,0.0,595.9576417338103,0.0,0,0,0,0,31805.80415342993,0.0,180692.30601143837,0.0,2213.10618367875,9537393.800747596,0.0,9537393.800747596,1339429.1185243856,0.0,0.0,False,False,0.0,1.1920928955078125e-07,passed
constrained,2023-10-24,11844361.520814037,-26970.944059308764,-19679.82785727042,-7291.116202038345,10309464.71278244,10336435.65684175,11817390.576754728,0.0,0.0,648.9705506991595,0.0,0,0,0,0,30720.44529747225,0.0,189116.18115590326,0.0,2194.4193904657527,10543164.369978584,0.0,10543164.369978584,1301197.1508354526,0.0,0.0,False,False,0.0,1.1920928955078125e-07,passed
unhedged,2023-10-25,1320667.854007509,10167333.633509055,39864.13043478261,10127469.503074272,10167333.633509055,0.0,11488001.487516563,0.0,0.0,72.36139685544185,0.0,0,0,0,0,101250.0,0.0,20460.7233496313,0.0,1042.869342122179,0.0,0.0,0.0,1320667.854007509,0.0,0.0,False,False,0.0,1.1920928955078125e-07,passed
duration,2023-10-25,7664961.891902406,4266259.314148154,-6973.020009002974,4273232.334157157,10167333.633509055,5901074.3193609,11931221.20605056,0.0,0.0,419.9748995639384,0.0,0,0,0,0,47417.381478397,0.0,124542.25080375839,0.0,1738.98756445152,6019095.805748118,0.0,6019095.805748118,1645866.0861542877,0.0,0.0,False,False,0.0,5.960464477539063e-08,passed
unweighted,2023-10-25,10877418.90956893,961177.7591636132,-18466.213642865285,979643.9728064785,10264267.899004072,9303090.13984046,11838596.668732543,0.0,0.0,595.9902969487011,0.0,0,0,0,0,31805.80415342993,0.0,181288.29630838707,0.0,2213.10618367875,9489151.942637268,0.0,9489151.942637268,1388266.9669316616,0.0,0.0,False,False,0.0,1.1920928955078125e-07,passed
constrained,2023-10-25,11845010.526924768,-27109.42902947539,-19715.204553846645,-7394.224475628744,10263306.839950714,10290416.26898019,11817901.097895293,0.0,0.0,649.0061107315123,0.0,0,0,0,0,30720.44529747225,0.0,189765.18726663478,0.0,2194.4193904657527,10496224.594359795,0.0,10496224.594359795,1348785.9325649738,0.0,0.0,False,False,0.0,1.1920928955078125e-07,passed
unhedged,2023-10-26,1320740.2193693724,10208984.76723324,40210.59782608696,10168774.169407152,10208984.76723324,0.0,11529724.986602612,0.0,0.0,72.36536186328158,0.0,0,0,0,0,101250.0,0.0,20533.08871149458,0.0,1042.869342122179,0.0,0.0,0.0,1320740.2193693724,0.0,0.0,False,False,0.0,1.1920928955078125e-07,passed
duration,2023-10-26,7665381.889814291,4267056.945977068,-6913.897098948838,4273970.843076017,10208984.76723324,5941927.821256171,11932438.835791359,0.0,0.0,419.99791188538074,0.0,0,0,0,0,47417.381478397,0.0,124962.24871564377,0.0,1738.98756445152,6060766.377681294,0.0,6060766.377681294,1604615.5121329967,0.0,0.0,False,False,0.0,5.960464477539063e-08,passed
unweighted,2023-10-26,10878014.93252288,960655.2282159042,-18492.441689141044,979147.6699050453,10307168.945520738,9346513.717304835,11838670.160738785,0.0,0.0,596.0229539498687,0.0,0,0,0,0,31805.80415342993,0.0,181884.31926233694,0.0,2213.10618367875,9533443.991650932,0.0,9533443.991650932,1344570.9408719484,0.0,0.0,False,False,0.0,1.1920928955078125e-07,passed
constrained,2023-10-26,11845659.568597477,-26913.670088640425,-19750.58125042287,-7163.088838217554,10306203.13847661,10333116.808565252,11818745.898508836,0.0,0.0,649.0416727084666,0.0,0,0,0,0,30720.44529747225,0.0,190414.22893934324,0.0,2194.4193904657527,10539779.144736556,0.0,10539779.144736556,1305880.4238609206,0.0,0.0,False,False,0.0,1.1920928955078125e-07,passed
unhedged,2023-10-27,1320812.5886964614,10223963.960959796,40557.065217391304,10183406.895742405,10223963.960959796,0.0,11544776.549656257,0.0,0.0,72.36932708905078,0.0,0,0,0,0,101250.0,0.0,20605.45803858363,0.0,1042.869342122179,0.0,0.0,0.0,1320812.5886964614,0.0,0.0,False,False,0.0,1.1920928955078125e-07,passed
duration,2023-10-27,7665801.910739761,4270590.89192931,-6854.774188894711,4277445.666118205,10223963.960959796,5953373.069030485,11936392.80266907,0.0,0.0,420.0209254696965,0.0,0,0,0,0,47417.381478397,0.0,125382.26964111347,0.0,1738.98756445152,6072440.530411095,0.0,6072440.530411095,1593361.3803286655,0.0,0.0,False,False,0.0,5.960464477539063e-08,passed
unweighted,2023-10-27,10878610.988135621,960595.1837024067,-18518.669735416803,979113.8534378235,10322044.30630611,9361449.122603703,11839206.171838028,0.0,0.0,596.0556127410382,0.0,0,0,0,0,31805.80415342993,0.0,182480.37487507798,0.0,2213.10618367875,9548678.105055777,0.0,9548678.105055777,1329932.8830798436,0.0,0.0,False,False,0.0,1.1920928955078125e-07,passed
constrained,2023-10-27,11846308.645834114,-26953.74802212516,-19785.9579469991,-7167.79007512606,10321052.348038066,10348006.096060192,11819354.897811988,0.0,0.0,649.0772366374731,0.0,0,0,0,0,30720.44529747225,0.0,191063.30617598072,0.0,2194.4193904657527,10554966.217981396,0.0,10554966.217981396,1291342.4278527182,0.0,0.0,False,False,0.0,1.1920928955078125e-07,passed
unhedged,2023-10-30,1321029.7204712525,10212965.322922193,41596.467391304344,10171368.855530888,10212965.322922193,0.0,11533995.043393444,0.0,0.0,217.1317747910507,0.0,0,0,0,0,101250.0,0.0,20822.58981337468,0.0,1042.869342122179,0.0,0.0,0.0,1321029.7204712525,0.0,0.0,False,False,0.0,1.1920928955078125e-07,passed
duration,2023-10-30,7667062.111610285,4272583.209551913,-6677.405458732326,4279260.615010645,10212965.322922193,5940382.113370281,11939645.321162198,0.0,0.0,1260.2008705241606,0.0,0,0,0,0,47417.381478397,0.0,126642.47051163763,0.0,1738.98756445152,6059189.755637687,0.0,6059189.755637687,1607872.3559725983,0.0,0.0,False,False,0.0,5.960464477539063e-08,passed
unweighted,2023-10-30,10880399.350944493,961456.0959590756,-18597.35387424407,980053.4498333196,10310830.683125347,9349374.58716627,11841855.446903568,0.0,0.0,1788.3628088720143,0.0,0,0,0,0,31805.80415342993,0.0,184268.73768395,0.0,2213.10618367875,9536362.078909596,0.0,9536362.078909596,1344037.2720348965,0.0,0.0,False,False,0.0,1.1920928955078125e-07,passed
constrained,2023-10-30,11848256.090947073,-26850.10960819929,-19892.08803672778,-6958.021571471512,10309857.08243783,10336707.19204603,11821405.981338874,0.0,0.0,1947.4451129585505,0.0,0,0,0,0,30720.44529747225,0.0,193010.75128893927,0.0,2194.4193904657527,10543441.33588695,0.0,10543441.33588695,1304814.7550601233,0.0,0.0,False,False,0.0,1.1920928955078125e-07,passed
unhedged,2023-10-31,3347352.1056614155,8185016.589472121,15692.934782608696,8169323.654689512,8185016.589472121,0.0,11532368.695133537,26250.0,2000000.0,72.38519016304053,0.0,0,0,0,0,127500.0,2000000.0,20894.975003537722,0.0,1042.869342122179,0.0,0.0,0.0,3347352.1056614155,0.0,0.0,False,False,0.0,5.960464477539063e-08,passed
duration,2023-10-31,9693732.224602703,2244307.016541959,-32868.28254867819,2277175.299090637,8185016.589472121,5940709.572930162,11938039.24114466,26250.0,2000000.0,420.1129924179986,0.0,0,0,0,0,73667.381478397,2000000.0,127062.58350405563,0.0,1738.98756445152,6059523.764388765,0.0,6059523.764388765,3634208.460213938,0.0,0.0,False,False,0.0,1.1920928955078125e-07,passed
unweighted,2023-10-31,12907245.537210299,-1064701.3781639794,-44873.58192051983,-1019827.7962434596,8282961.472690496,9347662.850854475,11842544.159046318,26250.0,2000000.0,596.1862658057362,0.0,0,0,0,0,58055.80415342993,2000000.0,184864.92394975573,0.0,2213.10618367875,9534616.107871564,0.0,9534616.107871564,3372629.4293387346,0.0,0.0,False,False,0.0,1.1920928955078125e-07,passed
constrained,2023-10-31,13875155.310458906,-2053148.7425663625,-46177.464733304,-2006971.2778330585,8281997.485734161,10335146.228300523,11822006.567892544,26250.0,2000000.0,649.2195118330419,0.0,0,0,0,0,56970.44529747225,2000000.0,193659.9708007723,0.0,2194.4193904657527,10541849.152866533,0.0,10541849.152866533,3333306.157592373,0.0,0.0,False,False,0.0,1.1920928955078125e-07,passed
unhedged,2023-11-01,3347535.5222151508,8243555.740216134,16020.365504061156,8227535.374712073,8243555.740216134,0.0,11591091.262431284,0.0,0.0,183.41655373526737,0.0,0.0,-0.0,0.0,0,127500.0,2000000.0,21078.39155727299,0.0,1042.869342122179,0.0,0.0,0.0,3347535.5222151508,0.0,0.0,False,False,0.0,5.960464477539063e-08,passed
duration,2023-11-01,9677362.288003352,2263179.479247316,-32690.54849593925,2295870.0277432553,8243555.740216134,5980376.260968818,11940541.767250668,0.0,0.0,531.1634095683694,0.0,1.6899410067911629,-16899.410067911627,16899.410067911627,0,73667.381478397,2000000.0,127593.746913624,0.0,1740.677505458311,6099983.7861881945,0.0,6099983.7861881945,3577378.501815157,0.0,0.0,False,False,-1.416661898900884e-09,1.1920928955078125e-07,passed
unweighted,2023-11-01,11956495.176868206,-114614.84899173542,-43030.91352568861,-71583.93546604681,8375325.387415457,8489940.236407192,11841880.327876471,0.0,0.0,707.2463308069855,0.0,102.99084445013986,-951354.6158284491,1029908.4445013986,0,58055.80415342993,2000000.0,185572.1702805627,0.0,2316.0970281288896,8659739.041135337,0.0,8659739.041135337,3296756.1357328687,0.0,0.0,False,False,-5.183267148822779e-10,1.1920928955078125e-07,passed
constrained,2023-11-01,14067187.832200157,-2244748.144569571,-46580.69532191443,-2198167.449247657,8349843.271813635,10594591.416383207,11822439.687630586,0.0,0.0,760.282482765615,0.0,25.075529904198646,191297.31478839004,250755.29904198644,0,56970.44529747225,2000000.0,194420.25328353792,0.0,2219.494920369951,10806483.244710872,0.0,10806483.244710872,3260704.5874892846,0.0,0.0,False,False,-9.247571597370552e-10,1.1920928955078125e-07,passed
unhedged,2023-11-02,3347718.9488191074,8272559.421305262,16347.796225513617,8256211.625079748,8272559.421305262,0.0,11620278.37012437,0.0,0.0,183.4266039566137,0.0,0,0,0,0,127500.0,2000000.0,21261.818161229603,0.0,1042.869342122179,0.0,0.0,0.0,3347718.9488191074,0.0,0.0,False,False,0.0,5.960464477539063e-08,passed
duration,2023-11-02,9677892.554430092,2250141.9117780374,-32649.65256272208,2282791.5643407595,8272559.421305262,6022417.509527224,11928034.46620813,0.0,0.0,530.2664267402142,0.0,0,0,0,0,73667.381478397,2000000.0,128124.01334036421,0.0,1740.677505458311,6142865.859717769,0.0,6142865.859717769,3535026.694712323,0.0,0.0,False,False,0.0,1.1920928955078125e-07,passed
unweighted,2023-11-02,11957150.327288857,-115845.28225480282,-43063.8142217373,-72781.46803306552,8406448.751377875,8522294.033632677,11841305.045034055,0.0,0.0,655.1504206508398,0.0,0,0,0,0,58055.80415342993,2000000.0,186227.32070121355,0.0,2316.0970281288896,8692739.914305331,0.0,8692739.914305331,3264410.4129835255,0.0,0.0,False,False,0.0,1.1920928955078125e-07,passed
constrained,2023-11-02,14067958.63701288,-2245341.633487658,-46637.33992984635,-2198704.2935578115,8381009.830979456,10626351.464467116,11822617.003525222,0.0,0.0,770.8048127237707,0.0,0,0,0,0,56970.44529747225,2000000.0,195191.0580962617,0.0,2219.494920369951,10838878.493756458,0.0,10838878.493756458,3229080.143256422,0.0,0.0,False,False,0.0,1.1920928955078125e-07,passed
unhedged,2023-11-03,3347902.385473838,8331976.792586727,16675.22694696608,8315301.565639761,8331976.792586727,0.0,11679879.178060565,0.0,0.0,183.43665473069996,0.0,0,0,0,0,127500.0,2000000.0,21445.254815960303,0.0,1042.869342122179,0.0,0.0,0.0,3347902.385473838,0.0,0.0,False,False,0.0,5.960464477539063e-08,passed
duration,2023-11-03,9678422.849912526,2256221.2272642865,-32608.756629504915,2288829.983893791,8331976.792586727,6075755.565322441,11934644.077176813,0.0,0.0,530.2954824343324,0.0,0,0,0,0,73667.381478397,2000000.0,128654.30882279854,0.0,1740.677505458311,6197270.6766288895,0.0,6197270.6766288895,3481152.1732836366,0.0,0.0,False,False,0.0,1.1920928955078125e-07,passed
unweighted,2023-11-03,11957805.513608161,-117037.93918603651,-43096.71491778599,-73941.22426825052,8466955.336022804,8583993.275208838,11840767.574422125,0.0,0.0,655.1863193046302,0.0,0,0,0,0,58055.80415342993,2000000.0,186882.50702051818,0.0,2316.0970281288896,8755673.140713016,0.0,8755673.140713016,3202132.372895146,0.0,0.0,False,False,0.0,1.1920928955078125e-07,passed
constrained,2023-11-03,14068729.484061485,-2245607.036703979,-46693.98453777828,-2198913.0521662007,8441459.319122562,10687066.355826542,11823122.447357506,0.0,0.0,770.8470486048609,0.0,0,0,0,0,56970.44529747225,2000000.0,195961.90514486656,0.0,2219.494920369951,10900807.682943072,0.0,10900807.682943072,3167921.801118413,0.0,0.0,False,False,0.0,1.1920928955078125e-07,passed
unhedged,2023-11-06,3348452.7557481723,8290381.039485859,17657.51911132346,8272723.520374536,8290381.039485859,0.0,11638833.795234032,0.0,0.0,550.3702743342146,0.0,0,0,0,0,127500.0,2000000.0,21995.625090294518,0.0,1042.869342122179,0.0,0.0,0.0,3348452.7557481723,0.0,0.0,False,False,0.0,5.960464477539063e-08,passed
duration,2023-11-06,9680013.910709923,2254503.7311231312,-32486.06882985343,2286989.799952985,8290381.039485859,6035877.308362727,11934517.641833054,0.0,0.0,1591.0607973970473,0.0,0,0,0,0,73667.381478397,2000000.0,130245.36962019559,0.0,1740.677505458311,6156594.8545299815,0.0,6156594.8545299815,3523419.0561799416,0.0,0.0,False,False,0.0,1.1920928955078125e-07,passed
unweighted,2023-11-06,11959771.287977666,-116231.05627584862,-43195.41700593207,-73035.63926991654,8424125.247776886,8540356.304052735,11843540.231701817,0.0,0.0,1965.7743695043027,0.0,0,0,0,0,58055.80415342993,2000000.0,188848.2813900225,0.0,2316.0970281288896,8711163.43013379,0.0,8711163.43013379,3248607.857843876,0.0,0.0,False,False,0.0,1.1920928955078125e-07,passed
constrained,2023-11-06,14071042.278645724,-2246943.569993022,-46863.91836157405,-2200079.651631448,8398652.26517335,10645595.83516637,11824098.708652701,0.0,0.0,2312.7945842389017,0.0,0,0,0,0,56970.44529747225,2000000.0,198274.69972910546,0.0,2219.494920369951,10858507.751869699,0.0,10858507.751869699,3212534.526776025,0.0,0.0,False,False,0.0,1.1920928955078125e-07,passed
unhedged,2023-11-07,3348636.2326115016,8324537.834209761,17984.94983277592,8306552.884376985,8324537.834209761,0.0,11673174.066821262,0.0,0.0,183.4768633292988,0.0,0,0,0,0,127500.0,2000000.0,22179.101953623816,0.0,1042.869342122179,0.0,0.0,0.0,3348636.2326115016,0.0,0.0,False,False,0.0,5.960464477539063e-08,passed
duration,2023-11-07,9680544.322431058,2249910.188738657,-32445.172896636264,2282355.3616352933,8324537.834209761,6074627.6454711035,11930454.511169715,0.0,0.0,530.4117211345583,0.0,0,0,0,0,73667.381478397,2000000.0,130775.78134133015,0.0,1740.677505458311,6196120.198380525,0.0,6196120.198380525,3484424.1240505325,0.0,0.0,False,False,0.0,1.1920928955078125e-07,passed
unweighted,2023-11-07,11960426.617911253,-117170.37805335119,-43228.31770198076,-73942.06035137043,8459936.174872078,8577106.552925428,11843256.239857903,0.0,0.0,655.3299335874617,0.0,0,0,0,0,58055.80415342993,2000000.0,189503.61132360995,0.0,2316.0970281288896,8748648.683983937,0.0,8748648.683983937,3211777.933927316,0.0,0.0,False,False,0.0,1.1920928955078125e-07,passed
constrained,2023-11-07,14071813.294660993,-2247236.27300243,-46920.56296950598,-2200315.710032924,8434428.9603314,10681665.23333383,11824577.021658562,0.0,0.0,771.0160152688622,0.0,0,0,0,0,56970.44529747225,2000000.0,199045.71574437432,0.0,2219.494920369951,10895298.538000507,0.0,10895298.538000507,3176514.7566604856,0.0,0.0,False,False,0.0,1.1920928955078125e-07,passed
unhedged,2023-11-08,3348819.719528357,8337995.850639613,18312.38055422838,8319683.470085385,8337995.850639613,0.0,11686815.57016797,0.0,0.0,183.48691685544327,0.0,0,0,0,0,127500.0,2000000.0,22362.58887047926,0.0,1042.869342122179,0.0,0.0,0.0,3348819.719528357,0.0,0.0,False,False,0.0,5.960464477539063e-08,passed
duration,2023-11-08,9681074.76321585,2247720.296922347,-32404.2769634191,2280124.5738857663,8337995.850639613,6090275.553717266,11928795.060138196,0.0,0.0,530.4407847914845,0.0,0,0,0,0,73667.381478397,2000000.0,131306.22212612163,0.0,1740.677505458311,6212081.064791611,0.0,6212081.064791611,3468993.698424238,0.0,0.0,False,False,0.0,1.1920928955078125e-07,passed
unweighted,2023-11-08,11961081.983753333,-117185.1757751969,-43261.21839802945,-73923.95737716745,8475236.872495519,8592422.048270717,11843896.807978136,0.0,0.0,655.3658420797437,0.0,0,0,0,0,58055.80415342993,2000000.0,190158.9771656897,0.0,2316.0970281288896,8764270.489236131,0.0,8764270.489236131,3196811.4945172016,0.0,0.0,False,False,0.0,1.1920928955078125e-07,passed
constrained,2023-11-08,14072584.352923715,-2247975.434539673,-46977.2075774379,-2200998.226962235,8449613.603808977,10697589.03834865,11824608.918384042,0.0,0.0,771.0582627225667,0.0,0,0,0,0,56970.44529747225,2000000.0,199816.7740070969,0.0,2219.494920369951,10911540.819115624,0.0,10911540.819115624,3161043.5338080917,0.0,0.0,False,False,0.0,1.1920928955078125e-07,passed
unhedged,2023-11-09,3349003.21649929,8277633.467559036,18639.81127568084,8258993.656283355,8277633.467559036,0.0,11626636.684058325,0.0,0.0,183.4969709329307,0.0,0,0,0,0,127500.0,2000000.0,22546.08584141219,0.0,1042.869342122179,0.0,0.0,0.0,3349003.21649929,0.0,0.0,False,False,0.0,5.960464477539063e-08,passed
duration,2023-11-09,9681605.23306589,2251847.5458859657,-32363.38103020194,2284210.9269161676,8277633.467559036,6025785.921673071,11933452.778951855,0.0,0.0,530.4698500409722,0.0,0,0,0,0,73667.381478397,2000000.0,131836.6919761626,0.0,1740.677505458311,6146301.640106532,0.0,6146301.640106532,3535303.5929593584,0.0,0.0,False,False,0.0,1.1920928955078125e-07,passed
unweighted,2023-11-09,11961737.385505868,-115651.44413318223,-43294.119094078145,-72357.3250391041,8412513.078457944,8528164.522591127,11846085.941372685,0.0,0.0,655.4017525352538,0.0,0,0,0,0,58055.80415342993,2000000.0,190814.37891822495,0.0,2316.0970281288896,8698727.81304295,0.0,8698727.81304295,3263009.5724629182,0.0,0.0,False,False,0.0,1.1920928955078125e-07,passed
constrained,2023-11-09,14073355.453436205,-2248588.0346022206,-47033.85218536983,-2201554.1824168507,8386903.872035252,10635491.906637473,11824767.418833984,0.0,0.0,771.1005124896765,0.0,0,0,0,0,56970.44529747225,2000000.0,200587.87451958656,0.0,2219.494920369951,10848201.744770223,0.0,10848201.744770223,3225153.708665982,0.0,0.0,False,False,0.0,1.1920928955078125e-07,passed
unhedged,2023-11-10,3349186.723524852,8279548.512401955,18967.241997133304,8260581.270404822,8279548.512401955,0.0,11628735.235926807,0.0,0.0,183.50702556222677,0.0,0,0,0,0,127500.0,2000000.0,22729.592866974417,0.0,1042.869342122179,0.0,0.0,0.0,3349186.723524852,0.0,0.0,False,False,0.0,5.960464477539063e-08,passed
duration,2023-11-10,9682135.73198277,2248116.850346132,-32322.485096984765,2280439.3354431167,8279548.512401955,6031431.662055823,11930252.5823289,0.0,0.0,530.4989168792963,0.0,0,0,0,0,73667.381478397,2000000.0,132367.1908930419,0.0,1740.677505458311,6152060.29529694,0.0,6152060.29529694,3530075.4366858294,0.0,0.0,False,False,0.0,1.1920928955078125e-07,passed
unweighted,2023-11-10,11962392.823170826,-115769.62204982343,-43327.01979012683,-72442.6022596966,8414955.565543279,8530725.187593102,11846623.201121002,0.0,0.0,655.4376649577171,0.0,0,0,0,0,58055.80415342993,2000000.0,191469.81658318266,0.0,2316.0970281288896,8701339.691344965,0.0,8701339.691344965,3261053.1318258606,0.0,0.0,False,False,0.0,1.1920928955078125e-07,passed
constrained,2023-11-10,14074126.596200777,-2248762.0488693286,-47090.49679330175,-2201671.552076027,8389353.89251081,10638115.94138014,11825364.547331449,0.0,0.0,771.1427645720541,0.0,0,0,0,0,56970.44529747225,2000000.0,201359.01728415862,0.0,2219.494920369951,10850878.260207742,0.0,10850878.260207742,3223248.3359930348,0.0,0.0,False,False,0.0,1.1920928955078125e-07,passed
unhedged,2023-11-13,3349737.3049348183,8278772.480220443,19949.534161490683,8258822.946058952,8278772.480220443,0.0,11628509.785155261,0.0,0.0,550.5814099661075,0.0,0,0,0,0,127500.0,2000000.0,23280.174276940525,0.0,1042.869342122179,0.0,0.0,0.0,3349737.3049348183,0.0,0.0,False,False,0.0,5.960464477539063e-08,passed
duration,2023-11-13,9683727.403150387,2251752.417271976,-32199.797297333276,2283952.2145693093,8278772.480220443,6027020.062948466,11935479.820422363,0.0,0.0,1591.6711676176637,0.0,0,0,0,0,73667.381478397,2000000.0,133958.86206065957,0.0,1740.677505458311,6147560.464207436,0.0,6147560.464207436,3536166.938942951,0.0,0.0,False,False,0.0,1.1920928955078125e-07,passed
unweighted,2023-11-13,11964359.351659933,-115627.73422700417,-43425.72187827291,-72202.01234873125,8413992.063847108,8529619.798074111,11848731.61743293,0.0,0.0,1966.528489107266,0.0,0,0,0,0,58055.80415342993,2000000.0,193436.34507228993,0.0,2316.0970281288896,8700212.194035593,0.0,8700212.194035593,3264147.1576243397,0.0,0.0,False,False,0.0,1.1920928955078125e-07,passed
constrained,2023-11-13,14076440.278030144,-2249804.1740704384,-47260.43061709752,-2202543.743453341,8388358.50455721,10638162.678627647,11826636.103959706,0.0,0.0,2313.681829366833,0.0,0,0,0,0,56970.44529747225,2000000.0,203672.69911352545,0.0,2219.494920369951,10850925.9322002,0.0,10850925.9322002,3225514.345829943,0.0,0.0,False,False,0.0,1.1920928955078125e-07,passed
unhedged,2023-11-14,3349920.8521844046,8384951.159199087,20276.964882943146,8364674.194316144,8384951.159199087,0.0,11734872.011383492,0.0,0.0,183.5472495863214,0.0,0,0,0,0,127500.0,2000000.0,23463.721526526846,0.0,1042.869342122179,0.0,0.0,0.0,3349920.8521844046,0.0,0.0,False,False,0.0,5.960464477539063e-08,passed
duration,2023-11-14,9684258.01835056,2250665.049989168,-32158.901364116115,2282823.951353284,8384951.159199087,6134286.109209918,11934923.068339728,0.0,0.0,530.6152001731098,0.0,0,0,0,0,73667.381478397,2000000.0,134489.47726083267,0.0,1740.677505458311,6256971.831394117,0.0,6256971.831394117,3427286.186956443,0.0,0.0,False,False,0.0,1.1920928955078125e-07,passed
unweighted,2023-11-14,11965014.932994273,-118505.0798709016,-43458.622574321605,-75046.45729657999,8522328.620676061,8640833.700546963,11846509.85312337,0.0,0.0,655.5813343394548,0.0,0,0,0,0,58055.80415342993,2000000.0,194091.92640662938,0.0,2316.0970281288896,8813650.374557903,0.0,8813650.374557903,3151364.5584363695,0.0,0.0,False,False,0.0,1.1920928955078125e-07,passed
constrained,2023-11-14,14077211.589826204,-2249562.6636287854,-47317.07522502944,-2202245.588403756,8496782.304736093,10746344.968364878,11827648.926197419,0.0,0.0,771.311796059832,0.0,0,0,0,0,56970.44529747225,2000000.0,204444.01090958528,0.0,2219.494920369951,10961271.867732175,0.0,10961271.867732175,3115939.722094029,0.0,0.0,False,False,0.0,1.1920928955078125e-07,passed
unhedged,2023-11-15,3350104.4094913737,8345772.465452205,20604.395604395606,8325168.06984781,8345772.465452205,0.0,11695876.874943579,0.0,0.0,183.55730696907267,0.0,0,0,0,0,127500.0,2000000.0,23647.27883349592,0.0,1042.869342122179,0.0,0.0,0.0,3350104.4094913737,0.0,0.0,False,False,0.0,5.960464477539063e-08,passed
duration,2023-11-15,9632066.261590246,2300560.2523062252,20604.395604395606,2279955.8567018295,8345772.465452205,6045212.213145981,11932626.51389647,-52722.401035294555,0.0,530.6442749798298,0.0,0,0,0,0,20944.980443102446,2000000.0,135020.1215358125,0.0,1740.677505458311,6166116.4574089,0.0,6166116.4574089,3465949.8041813457,0.0,0.0,False,False,6.184563972055912e-10,1.1920928955078125e-07,passed
unweighted,2023-11-15,11924727.781803295,-76962.86839372005,-2548.7548227888597,-74414.1135709312,8480146.361529179,8557109.2299229,11847764.913409576,-40942.76844758143,0.0,655.617256604135,0.0,0,0,0,0,17113.035705848495,2000000.0,194747.54366323352,0.0,2316.0970281288896,8728251.414521359,0.0,8728251.414521359,3196476.367281936,0.0,0.0,False,False,-2.473825588822365e-10,1.1920928955078125e-07,passed
constrained,2023-11-15,14038268.152726948,-2210484.391769388,-7658.928673987615,-2202825.4630954005,8454727.351603227,10665211.743372615,11827783.76095756,-39714.79115897375,0.0,771.3540597185493,0.0,0,0,0,0,17255.654138498503,2000000.0,205215.36496930383,0.0,2219.494920369951,10878515.978240067,0.0,10878515.978240067,3159752.174486881,0.0,0.0,False,False,-4.220055416226387e-10,1.1920928955078125e-07,passed
unhedged,2023-11-16,3350287.9768562773,8383043.451440554,20931.826325848062,8362111.625114706,8383043.451440554,0.0,11733331.42829683,0.0,0.0,183.56736490363255,0.0,0,0,0,0,127500.0,2000000.0,23830.84619839955,0.0,1042.869342122179,0.0,0.0,0.0,3350287.9768562773,0.0,0.0,False,False,0.0,5.960464477539063e-08,passed
duration,2023-11-16,9632594.046042936,2302065.709144224,20642.142803676114,2281423.566340548,8383043.451440554,6080977.74229633,11934659.75518716,0.0,0.0,527.7844526898116,0.0,0,0,0,0,20944.980443102446,2000000.0,135547.90598850232,0.0,1740.677505458311,6202597.297142256,0.0,6202597.297142256,3429996.74890068,0.0,0.0,False,False,0.0,1.1920928955078125e-07,passed
unweighted,2023-11-16,11925381.191544764,-77761.39906965106,-2584.1007391222865,-75177.29833052878,8518335.756230254,8596097.155299904,11847619.792475112,0.0,0.0,653.4097414687276,0.0,0,0,0,0,17113.035705848495,2000000.0,195400.95340470225,0.0,2316.0970281288896,8768019.098405901,0.0,8768019.098405901,3157362.0931388624,0.0,0.0,False,False,0.0,1.1920928955078125e-07,passed
constrained,2023-11-16,14039037.372899702,-2210770.8811872797,-7717.94516385689,-2203052.936023423,8492880.02001174,10703650.90119902,11828266.491712421,0.0,0.0,769.2201727535576,0.0,0,0,0,0,17255.654138498503,2000000.0,205984.5851420574,0.0,2219.494920369951,10917723.919223001,0.0,10917723.919223001,3121313.4536767006,0.0,0.0,False,False,0.0,1.1920928955078125e-07,passed
unhedged,2023-11-17,3350471.554279667,8384845.862450829,21259.25704730053,8363586.605403529,8384845.862450829,0.0,11735317.416730495,0.0,0.0,183.5774233895354,0.0,0,0,0,0,127500.0,2000000.0,24014.423621789087,0.0,1042.869342122179,0.0,0.0,0.0,3350471.554279667,0.0,0.0,False,False,0.0,5.960464477539063e-08,passed
duration,2023-11-17,9633121.859415323,2294842.2868257416,20679.890002956632,2274162.396822785,8384845.862450829,6090003.575625087,11927964.146241065,0.0,0.0,527.8133723866194,0.0,0,0,0,0,20944.980443102446,2000000.0,136075.71936088894,0.0,1740.677505458311,6211803.647137589,0.0,6211803.647137589,3421318.2122777337,0.0,0.0,False,False,0.0,1.1920928955078125e-07,passed
unweighted,2023-11-17,11926034.637089508,-78388.4890150421,-2619.4466554557093,-75769.04235958638,8520527.977717917,8598916.466732958,11847646.148074465,0.0,0.0,653.4455447439104,0.0,0,0,0,0,17113.035705848495,2000000.0,196054.39894944616,0.0,2316.0970281288896,8770894.796067618,0.0,8770894.796067618,3155139.84102189,0.0,0.0,False,False,0.0,1.1920928955078125e-07,passed
constrained,2023-11-17,14039806.635221504,-2211489.3975328063,-7776.961653726161,-2203712.43587908,8495131.310441688,10706620.707974494,11828317.237688698,0.0,0.0,769.2623218018562,0.0,0,0,0,0,17255.654138498503,2000000.0,206753.84746385925,0.0,2219.494920369951,10920753.122133983,0.0,10920753.122133983,3119053.5130875204,0.0,0.0,False,False,0.0,1.1920928955078125e-07,passed
unhedged,2023-11-20,3351022.3469062615,8395003.530789386,22241.549211657904,8372761.981577729,8395003.530789386,0.0,11746025.877695648,0.0,0.0,550.7926265946589,0.0,0,0,0,0,127500.0,2000000.0,24565.216248383746,0.0,1042.869342122179,0.0,0.0,0.0,3351022.3469062615,0.0,0.0,False,False,0.0,1.1920928955078125e-07,passed
duration,2023-11-20,9634705.473066507,2293612.25225084,20793.131600798166,2272819.120650042,8395003.530789386,6101391.278538546,11928317.725317348,0.0,0.0,1583.6136511843652,0.0,0,0,0,0,20944.980443102446,2000000.0,137659.3330120733,0.0,1740.677505458311,6223419.104109317,0.0,6223419.104109317,3411286.36895719,0.0,0.0,False,False,0.0,1.1920928955078125e-07,passed
unweighted,2023-11-20,11927995.188562997,-78636.48309850572,-2725.484404455989,-75910.99869404973,8531216.909894738,8609853.392993243,11849358.705464492,0.0,0.0,1960.5514734890312,0.0,0,0,0,0,17113.035705848495,2000000.0,198014.9504229352,0.0,2316.0970281288896,8782050.46085311,0.0,8782050.46085311,3145944.7277098875,0.0,0.0,False,False,0.0,1.1920928955078125e-07,passed
constrained,2023-11-20,14042114.675104316,-2212483.84136405,-7954.011123333985,-2204529.8302407158,8505813.379469866,10718297.220833916,11829630.833740266,0.0,0.0,2308.039882812649,0.0,0,0,0,0,17255.654138498503,2000000.0,209061.8873466719,0.0,2219.494920369951,10932663.165250596,0.0,10932663.165250596,3109451.5098537207,0.0,0.0,False,False,0.0,1.1920928955078125e-07,passed
unhedged,2023-11-21,3351205.964569106,8402964.645642603,22568.97993311037,8380395.665709493,8402964.645642603,0.0,11754170.61021171,0.0,0.0,183.61766284471378,0.0,0,0,0,0,127500.0,2000000.0,24748.83391122846,0.0,1042.869342122179,0.0,0.0,0.0,3351205.964569106,0.0,0.0,False,False,0.0,1.1920928955078125e-07,passed
duration,2023-11-21,9635233.402133524,2296195.8590634293,20830.87880007868,2275364.9802633505,8402964.645642603,6106768.786579174,11931429.261196954,0.0,0.0,527.9290670175105,0.0,0,0,0,0,20944.980443102446,2000000.0,138187.2620790908,0.0,1740.677505458311,6228904.162310758,0.0,6228904.162310758,3406329.2398227667,0.0,0.0,False,False,0.0,1.1920928955078125e-07,passed
unweighted,2023-11-21,11928648.777340453,-78717.01085059068,-2760.830320789412,-75956.18052980128,8539062.842809116,8617779.853659708,11849931.766489862,0.0,0.0,653.5887774564326,0.0,0,0,0,0,17113.035705848495,2000000.0,198668.53920039162,0.0,2316.0970281288896,8790135.450732902,0.0,8790135.450732902,3138513.3266075514,0.0,0.0,False,False,0.0,1.1920928955078125e-07,passed
constrained,2023-11-21,14042884.10604542,-2212780.8335729665,-8013.027613203255,-2204767.8059597635,8513664.81853091,10726445.652103875,11830103.272472452,0.0,0.0,769.4309411030263,0.0,0,0,0,0,17255.654138498503,2000000.0,209831.31828777492,0.0,2219.494920369951,10940974.565145953,0.0,10940974.565145953,3101909.5408994667,0.0,0.0,False,False,0.0,1.1920928955078125e-07,passed
unhedged,2023-11-22,3351389.5922931926,8395453.688776953,22896.410654562827,8372557.278122391,8395453.688776953,0.0,11746843.281070147,0.0,0.0,183.62772408640012,0.0,0,0,0,0,127500.0,2000000.0,24932.46163531486,0.0,1042.869342122179,0.0,0.0,0.0,3351389.5922931926,0.0,0.0,False,False,0.0,1.1920928955078125e-07,passed
duration,2023-11-22,9635761.360128162,2295634.1867241864,20868.625999359192,2274765.560724827,8395453.688776953,6099819.502052767,11931395.546852348,0.0,0.0,527.9579946380109,0.0,0,0,0,0,20944.980443102446,2000000.0,138715.22007372882,0.0,1740.677505458311,6221815.892093822,0.0,6221815.892093822,3413945.46803434,0.0,0.0,False,False,0.0,1.1920928955078125e-07,passed
unweighted,2023-11-22,11929302.401930993,-78324.57649138462,-2796.1762371228388,-75528.40025426178,8531829.035378013,8610153.611869397,11850977.82543961,0.0,0.0,653.6245905403048,0.0,0,0,0,0,17113.035705848495,2000000.0,199322.16379093193,0.0,2316.0970281288896,8782356.684106784,0.0,8782356.684106784,3146945.7178242095,0.0,0.0,False,False,0.0,1.1920928955078125e-07,passed
constrained,2023-11-22,14043653.579147121,-2212829.031897414,-8072.044103072526,-2204756.9877943415,8506443.369926786,10719272.4018242,11830824.547249706,0.0,0.0,769.4731017015874,0.0,0,0,0,0,17255.654138498503,2000000.0,210600.7913894765,0.0,2219.494920369951,10933657.849860685,0.0,10933657.849860685,3109995.729286436,0.0,0.0,False,False,0.0,1.1920928955078125e-07,passed
unhedged,2023-11-24,3351756.877927296,8363365.803741019,23551.272097467747,8339814.531643552,8363365.803741019,0.0,11715122.681668315,0.0,0.0,367.28563410323113,0.0,0,0,0,0,127500.0,2000000.0,25299.74726941809,0.0,1042.869342122179,0.0,0.0,0.0,3351756.877927296,0.0,0.0,False,False,0.0,5.960464477539063e-08,passed
duration,2023-11-24,9636817.362906639,2302150.0483507565,20944.120397920215,2281205.9279528363,8363365.803741019,6061215.755390263,11938967.411257396,0.0,0.0,1056.0027784761041,0.0,0,0,0,0,20944.980443102446,2000000.0,139771.22285220493,0.0,1740.677505458311,6182440.070498069,0.0,6182440.070498069,3454377.2924085697,0.0,0.0,False,False,0.0,1.1920928955078125e-07,passed
unweighted,2023-11-24,11930609.758559173,-76714.1487445659,-2866.8680697896916,-73847.28067477621,8499108.692881733,8575822.8416263,11853895.609814607,0.0,0.0,1307.3566281795502,0.0,0,0,0,0,17113.035705848495,2000000.0,200629.52041911148,0.0,2316.0970281288896,8747339.298458826,0.0,8747339.298458826,3183270.460100347,0.0,0.0,False,False,0.0,1.1920928955078125e-07,passed
constrained,2023-11-24,14045192.651841562,-2213227.975747865,-8190.077082811079,-2205037.8986650542,8473573.061051369,10686801.036799235,11831964.676093698,0.0,0.0,1539.0726944413036,0.0,0,0,0,0,17255.654138498503,2000000.0,212139.8640839178,0.0,2219.494920369951,10900537.05753522,0.0,10900537.05753522,3144655.5943063423,0.0,0.0,False,False,0.0,1.1920928955078125e-07,passed
unhedged,2023-11-27,3352307.8818515474,8412695.344207812,24533.564261825133,8388161.779945987,8412695.344207812,0.0,11765003.226059359,0.0,0.0,551.003924251534,0.0,0,0,0,0,127500.0,2000000.0,25850.751193669625,0.0,1042.869342122179,0.0,0.0,0.0,3352307.8818515474,0.0,0.0,False,False,0.0,1.1920928955078125e-07,passed
duration,2023-11-27,9638401.584071135,2296621.4500920014,21057.361995761756,2275564.0880962396,8412695.344207812,6116073.894115811,11935023.034163136,0.0,0.0,1584.2211644966155,0.0,0,0,0,0,20944.980443102446,2000000.0,141355.44401670154,0.0,1740.677505458311,6238395.371998128,0.0,6238395.371998128,3400006.2120730076,0.0,0.0,False,False,0.0,1.1920928955078125e-07,passed
unweighted,2023-11-27,11932571.062148634,-78723.4261421518,-2972.9058187899677,-75750.52032336184,8549428.173643943,8628151.599786095,11853847.636006482,0.0,0.0,1961.3035894613713,0.0,0,0,0,0,17113.035705848495,2000000.0,202590.82400857285,0.0,2316.0970281288896,8800714.631781816,0.0,8800714.631781816,3131856.430366818,0.0,0.0,False,False,0.0,1.1920928955078125e-07,passed
constrained,2023-11-27,14047501.577145483,-2214585.0548874927,-8367.126552418897,-2206217.928335074,8524050.33162469,10738635.386512183,11832916.522257991,0.0,0.0,2308.9253039211035,0.0,0,0,0,0,17255.654138498503,2000000.0,214448.78938783891,0.0,2219.494920369951,10953408.094242426,0.0,10953408.094242426,3094093.4829030577,0.0,0.0,False,False,0.0,1.1920928955078125e-07,passed
unhedged,2023-11-28,3352491.5699546626,8444141.31528163,24860.99498327759,8419280.320298351,8444141.31528163,0.0,11796632.885236293,0.0,0.0,183.6881031151861,0.0,0,0,0,0,127500.0,2000000.0,26034.43929678481,0.0,1042.869342122179,0.0,0.0,0.0,3352491.5699546626,0.0,0.0,False,False,0.0,1.1920928955078125e-07,passed
duration,2023-11-28,9638929.715664783,2304375.522005272,21095.109195042263,2283280.4128102297,8444141.31528163,6139765.793276357,11943305.237670057,0.0,0.0,528.1315936483443,0.0,0,0,0,0,20944.980443102446,2000000.0,141883.5756103499,0.0,1740.677505458311,6262561.109141884,0.0,6262561.109141884,3376368.606522899,0.0,0.0,False,False,0.0,1.1920928955078125e-07,passed
unweighted,2023-11-28,11933224.90165889,-78948.11386554076,-3008.251735123394,-75939.86213041736,8581228.366873614,8660176.480739156,11854276.78779335,0.0,0.0,653.8395102564245,0.0,0,0,0,0,17113.035705848495,2000000.0,203244.66351882927,0.0,2316.0970281288896,8833380.01035394,0.0,8833380.01035394,3099844.891304951,0.0,0.0,False,False,0.0,1.1920928955078125e-07,passed
constrained,2023-11-28,14048271.303259302,-2214655.8405426675,-8426.143042288175,-2206229.6975003793,8555786.69107837,10770442.531621039,11833615.462716635,0.0,0.0,769.7261138185859,0.0,0,0,0,0,17255.654138498503,2000000.0,215218.5155016575,0.0,2219.494920369951,10985851.38225346,0.0,10985851.38225346,3062419.9210058413,0.0,0.0,False,False,0.0,1.1920928955078125e-07,passed
unhedged,2023-11-29,3352675.2681228793,8476086.741263421,25188.425704730056,8450898.31555869,8476086.741263421,0.0,11828762.009386301,0.0,0.0,183.69816821673885,0.0,0,0,0,0,127500.0,2000000.0,26218.13746500155,0.0,1042.869342122179,0.0,0.0,0.0,3352675.2681228793,0.0,0.0,False,False,0.0,1.1920928955078125e-07,passed
duration,2023-11-29,9639457.87619715,2307140.6944039436,21132.856394322782,2286007.838009621,8476086.741263421,6168946.046859478,11946598.570601095,0.0,0.0,528.1605323664844,0.0,0,0,0,0,20944.980443102446,2000000.0,142411.73614271637,0.0,1740.677505458311,6292324.9677966675,0.0,6292324.9677966675,3347132.9084004825,0.0,0.0,False,False,0.0,1.1920928955078125e-07,passed
unweighted,2023-11-29,11933878.77699597,-79220.70649381049,-3043.5976514568138,-76177.10884235367,8614766.013021305,8693986.719515115,11854658.07050216,0.0,0.0,653.8753370791674,0.0,0,0,0,0,17113.035705848495,2000000.0,203898.53885590844,0.0,2316.0970281288896,8867866.453905417,0.0,8867866.453905417,3066012.3230905533,0.0,0.0,False,False,0.0,1.1920928955078125e-07,passed
constrained,2023-11-29,14049041.071549892,-2214520.411546943,-8485.159532157439,-2206035.2520147855,8589281.180230672,10803801.591777613,11834520.66000295,0.0,0.0,769.7682905904949,0.0,0,0,0,0,17255.654138498503,2000000.0,215988.283792248,0.0,2219.494920369951,11019877.623613166,0.0,11019877.623613166,3029163.4479367267,0.0,0.0,False,False,0.0,1.1920928955078125e-07,passed
unhedged,2023-11-30,3352858.97635675,8438232.87476037,25515.856426182512,8412717.018334188,8438232.87476037,0.0,11791091.851117121,0.0,0.0,183.7082338705659,0.0,0,0,0,0,127500.0,2000000.0,26401.845698872115,0.0,1042.869342122179,0.0,0.0,0.0,3352858.97635675,0.0,0.0,False,False,0.0,1.1920928955078125e-07,passed
duration,2023-11-30,9639986.06566982,2308250.112907209,21170.603593603293,2287079.5093136057,8438232.87476037,6129982.761853161,11948236.178577028,0.0,0.0,528.1894726697356,0.0,0,0,0,0,20944.980443102446,2000000.0,142939.9256153861,0.0,1740.677505458311,6252582.417090225,0.0,6252582.417090225,3387403.6485795947,0.0,0.0,False,False,0.0,1.1920928955078125e-07,passed
unweighted,2023-11-30,11930997.105298156,-74946.63960257215,22141.45243324998,-97088.09203582213,8553458.863133943,8628405.502736516,11856050.465695584,-25220.396001040222,21684.813137363326,653.9111658632755,0.0,0,0,0,0,-8107.360295191727,2021684.8131373634,204552.4500217717,0.0,2316.0970281288896,8800973.612791248,0.0,8800973.612791248,3130023.4925069083,0.0,0.0,False,False,-3.965396899729967e-10,1.1920928955078125e-07,passed
constrained,2023-11-30,11753638.18257042,81024.67376586431,22242.65935264072,58782.01441322359,8549738.6609929,8468713.987227036,11834662.856336284,-30786.835374667437,-2265385.864074479,769.8104696758091,0.0,0,0,0,0,-13531.181236168934,-265385.86407447886,216758.0942619238,0.0,2219.494920369951,8638088.266971577,0.0,8638088.266971577,3115549.9155988432,0.0,0.0,False,False,-1.862645149230957e-09,1.1920928955078125e-07,passed
unhedged,2023-12-01,3353042.694656824,8509531.005482176,25843.287147634976,8483687.71833454,8509531.005482176,0.0,11862573.700139001,0.0,0.0,183.7183000743389,0.0,0.0,-0.0,0.0,0,127500.0,2000000.0,26585.563998946454,0.0,1042.869342122179,0.0,0.0,0.0,3353042.694656824,0.0,0.0,False,False,0.0,1.1920928955078125e-07,passed
duration,2023-12-01,9566247.345091848,2384921.055377207,21263.875129817687,2363657.1802473897,8509531.005482176,6124609.95010497,11951168.400469055,0.0,0.0,528.2184145580977,0.0,7.425951304122527,-74259.51304122526,74259.51304122526,0,20944.980443102446,2000000.0,143468.1440299442,0.0,1748.1034567624336,6247102.149107069,0.0,6247102.149107069,3319145.195984779,0.0,0.0,False,False,-7.229852272416792e-10,1.1920928955078125e-07,passed
unweighted,2023-12-01,11548468.417723732,306832.26305269176,22099.453533023116,284732.80951966863,8627381.490104191,8320549.2270515,11855300.680776425,0.0,0.0,653.753266043961,0.0,43.57174681633375,-383138.8690936511,435717.4681633375,0,-8107.360295191727,2021684.8131373634,205206.20328781568,0.0,2359.6687749452235,8486960.21159253,0.0,8486960.21159253,3061508.2061312012,0.0,0.0,False,False,-3.502762524476566e-10,1.1920928955078125e-07,passed
constrained,2023-12-01,11714930.262935394,120693.06732976134,22167.444295250792,98525.62303451054,8613945.722618142,8493252.65528838,11835623.330265155,0.0,0.0,644.0349689088762,0.0,16.38190270705899,-39335.57270122767,163819.02707058992,0,-13531.181236168934,-265385.86407447886,217402.12923083268,0.0,2235.87682307701,8663117.708394147,0.0,8663117.708394147,3051812.554541247,0.0,0.0,False,False,6.775024985472555e-11,1.1920928955078125e-07,passed
unhedged,2023-12-04,3353593.9099597917,8479249.881484618,26825.579311992355,8452424.302172625,8479249.881484618,0.0,11832843.79144441,0.0,0.0,551.2153029674664,0.0,0,0,0,0,127500.0,2000000.0,27136.77930191392,0.0,1042.869342122179,0.0,0.0,0.0,3353593.9099597917,0.0,0.0,False,False,0.0,1.1920928955078125e-07,passed
duration,2023-12-04,9567819.965069812,2382504.2242295914,21387.52754083433,2361116.6966887573,8479249.881484618,6096745.6572550265,11950324.189299403,0.0,0.0,1572.6199779640883,0.0,0,0,0,0,20944.980443102446,2000000.0,145040.7640079083,0.0,1748.1034567624336,6218680.570400127,0.0,6218680.570400127,3349139.3946696846,0.0,0.0,False,False,0.0,1.1920928955078125e-07,passed
unweighted,2023-12-04,11550366.900116405,306658.64461945306,22034.33877131675,284624.3058481363,8596475.58513332,8289816.940513866,11857025.544735858,0.0,0.0,1898.4823926724494,0.0,0,0,0,0,-8107.360295191727,2021684.8131373634,207104.68568048812,0.0,2359.6687749452235,8455613.279324144,0.0,8455613.279324144,3094753.6207922604,0.0,0.0,False,False,0.0,1.1920928955078125e-07,passed
constrained,2023-12-04,11716856.110418463,120786.96689553847,22084.9899644012,98701.97693113727,8583132.359288245,8462345.392392706,11837643.077314002,0.0,0.0,1925.8474830687046,0.0,0,0,0,0,-13531.181236168934,-265385.86407447886,219327.9767139014,0.0,2235.87682307701,8631592.30024056,0.0,8631592.30024056,3085263.8101779036,0.0,0.0,False,False,0.0,1.1920928955078125e-07,passed
unhedged,2023-12-05,3353777.6685302006,8522622.138342334,27153.010033444818,8495469.128308889,8522622.138342334,0.0,11876399.806872535,0.0,0.0,183.75857040891424,0.0,0,0,0,0,127500.0,2000000.0,27320.537872322835,0.0,1042.869342122179,0.0,0.0,0.0,3353777.6685302006,0.0,0.0,False,False,0.0,1.1920928955078125e-07,passed
duration,2023-12-05,9568344.229177488,2379808.448827313,21428.74501117321,2358379.7038161396,8522622.138342334,6142813.689515021,11948152.678004801,0.0,0.0,524.2641076762229,0.0,0,0,0,0,20944.980443102446,2000000.0,145565.02811558452,0.0,1748.1034567624336,6265669.9633053215,0.0,6265669.9633053215,3302674.2658721665,0.0,0.0,False,False,0.0,1.1920928955078125e-07,passed
unweighted,2023-12-05,11550999.79693285,306438.627859687,22012.633850747963,284425.9940089391,8642006.447543029,8335567.819683342,11857438.424792537,0.0,0.0,632.8968164455146,0.0,0,0,0,0,-8107.360295191727,2021684.8131373634,207737.58249693364,0.0,2359.6687749452235,8502279.17607701,0.0,8502279.17607701,3048720.62085584,0.0,0.0,False,False,0.0,1.1920928955078125e-07,passed
constrained,2023-12-05,11717498.129931364,120799.20956528367,22057.505187451334,98741.70437783234,8628499.87014296,8507700.660577677,11838297.339496648,0.0,0.0,642.0195129010826,0.0,0,0,0,0,-13531.181236168934,-265385.86407447886,219969.99622680247,0.0,2235.87682307701,8677854.673789231,0.0,8677854.673789231,3039643.456142133,0.0,0.0,False,False,0.0,1.1920928955078125e-07,passed
unhedged,2023-12-06,3353961.4371695723,8543526.438740883,27480.440754897274,8516045.997985985,8543526.438740883,0.0,11897487.875910455,0.0,0.0,183.7686393717304,0.0,0,0,0,0,127500.0,2000000.0,27504.306511694565,0.0,1042.869342122179,0.0,0.0,0.0,3353961.4371695723,0.0,0.0,False,False,0.0,1.1920928955078125e-07,passed
duration,2023-12-06,9568868.522011964,2372176.0208233884,21469.962481512088,2350706.058341876,8543526.438740883,6171350.417917496,11941044.542835351,0.0,0.0,524.2928344756365,0.0,0,0,0,0,20944.980443102446,2000000.0,146089.32095006015,0.0,1748.1034567624336,6294777.426275846,0.0,6294777.426275846,3274091.095736118,0.0,0.0,False,False,0.0,1.1920928955078125e-07,passed
unweighted,2023-12-06,11551632.728428574,305439.2187682609,21990.928930179172,283448.28983808175,8664313.667063473,8358874.448295212,11857071.947196836,0.0,0.0,632.9314957242459,0.0,0,0,0,0,-8107.360295191727,2021684.8131373634,208370.51399265788,0.0,2359.6687749452235,8526051.937261118,0.0,8526051.937261118,3025580.7911674567,0.0,0.0,False,False,0.0,1.1920928955078125e-07,passed
constrained,2023-12-06,11718140.184623415,120450.21516011281,22030.020410501467,98420.19474961134,8650733.313630057,8530283.098469947,11838590.399783527,0.0,0.0,642.0546920504421,0.0,0,0,0,0,-13531.181236168934,-265385.86407447886,220612.0509188529,0.0,2235.87682307701,8700888.760439346,0.0,8700888.760439346,3017251.424184069,0.0,0.0,False,False,0.0,1.1920928955078125e-07,passed
unhedged,2023-12-07,3354145.215878458,8542624.98369998,27807.87147634974,8514817.112223629,8542624.98369998,0.0,11896770.199578438,0.0,0.0,183.7787088858895,0.0,0,0,0,0,127500.0,2000000.0,27688.085220580455,0.0,1042.869342122179,0.0,0.0,0.0,3354145.215878458,0.0,0.0,False,False,0.0,1.1920928955078125e-07,passed
duration,2023-12-07,9569392.843574814,2375488.3871936323,21511.179951850972,2353977.2072417815,8542624.98369998,6167136.596506347,11944881.230768446,0.0,0.0,524.3215628508478,0.0,0,0,0,0,20944.980443102446,2000000.0,146613.642512911,0.0,1748.1034567624336,6290479.328436474,0.0,6290479.328436474,3278913.51513834,0.0,0.0,False,False,0.0,1.1920928955078125e-07,passed
unweighted,2023-12-07,11552265.694605473,305840.48686589923,21969.22400961039,283871.2628562889,8663021.605608894,8357181.118742993,11858106.181471372,0.0,0.0,632.96617689915,0.0,0,0,0,0,-8107.360295191727,2021684.8131373634,209003.48016955703,0.0,2359.6687749452235,8524324.741117854,0.0,8524324.741117854,3027940.9534876198,0.0,0.0,False,False,0.0,1.1920928955078125e-07,passed
constrained,2023-12-07,11718782.274496546,120600.71467057231,22002.535633551608,98598.1790370207,8649472.187390413,8528871.47271984,11839382.989167118,0.0,0.0,642.0898731313646,0.0,0,0,0,0,-13531.181236168934,-265385.86407447886,221254.14079198427,0.0,2235.87682307701,8699448.902174238,0.0,8699448.902174238,3019333.372322308,0.0,0.0,False,False,0.0,1.1920928955078125e-07,passed
unhedged,2023-12-08,3354329.004657411,8496076.722964346,28135.302197802197,8467941.420766544,8496076.722964346,0.0,11850405.727621756,0.0,0.0,183.78877895278856,0.0,0,0,0,0,127500.0,2000000.0,27871.873999533243,0.0,1042.869342122179,0.0,0.0,0.0,3354329.004657411,0.0,0.0,False,False,0.0,1.1920928955078125e-07,passed
duration,2023-12-08,9569917.193867614,2370737.5082889125,21552.39742218985,2349185.1108667227,8496076.722964346,6125339.214675433,11940654.702156527,0.0,0.0,524.3502927999943,0.0,0,0,0,0,20944.980443102446,2000000.0,147137.992805711,0.0,1748.1034567624336,6247845.998968942,0.0,6247845.998968942,3322071.1948986724,0.0,0.0,False,False,0.0,1.1920928955078125e-07,passed
unweighted,2023-12-08,11552898.695465455,305185.17093182064,21947.519089041598,283237.651842779,8615206.337699292,8310021.166767472,11858083.866397275,0.0,0.0,633.0008599814028,0.0,0,0,0,0,-8107.360295191727,2021684.8131373634,209636.48102953844,0.0,2359.6687749452235,8476221.590102822,0.0,8476221.590102822,3076677.1053626332,0.0,0.0,False,False,0.0,1.1920928955078125e-07,passed
constrained,2023-12-08,11719424.399552684,120375.2643622763,21975.05085660174,98400.21350567456,8601801.212662164,8481425.948299889,11839799.66391496,0.0,0.0,642.1250561382622,0.0,0,0,0,0,-13531.181236168934,-265385.86407447886,221896.26584812254,0.0,2235.87682307701,8651054.467265887,0.0,8651054.467265887,3068369.932286797,0.0,0.0,False,False,0.0,1.1920928955078125e-07,passed
unhedged,2023-12-11,3354880.4314201837,8496235.736447478,29117.59436215958,8467118.142085318,8496235.736447478,0.0,11851116.16786766,0.0,0.0,551.426762772724,0.0,0,0,0,0,127500.0,2000000.0,28423.300762305968,0.0,1042.869342122179,0.0,0.0,0.0,3354880.4314201837,0.0,0.0,False,False,0.0,1.1920928955078125e-07,passed
duration,2023-12-11,9571490.417141447,2372153.5103588556,21676.04983320649,2350477.460525649,8496235.736447478,6124082.226088622,11943643.927500302,0.0,0.0,1573.223273832351,0.0,0,0,0,0,20944.980443102446,2000000.0,148711.21607954334,0.0,1748.1034567624336,6246563.8706103945,0.0,6246563.8706103945,3324926.5465310523,0.0,0.0,False,False,0.0,1.1920928955078125e-07,passed
unweighted,2023-12-11,11554797.906162865,305363.36896492797,21882.404327335233,283480.9646375927,8615217.942153469,8309854.57318854,11860161.275127793,0.0,0.0,1899.2106974106282,0.0,0,0,0,0,-8107.360295191727,2021684.8131373634,211535.69172694907,0.0,2359.6687749452235,8476051.66465231,0.0,8476051.66465231,3078746.241510555,0.0,0.0,False,False,0.0,1.1920928955078125e-07,passed
constrained,2023-12-11,11721350.985838415,120403.00670703678,21892.596525752146,98510.41018128463,8601801.875016317,8481398.86830928,11841753.992545452,0.0,0.0,1926.5862857308239,0.0,0,0,0,0,-13531.181236168934,-265385.86407447886,223822.85213385336,0.0,2235.87682307701,8651026.845675467,0.0,8651026.845675467,3070324.1401629485,0.0,0.0,False,False,0.0,1.1920928955078125e-07,passed
unhedged,2023-12-12,3355064.2604849194,8511900.575794403,29445.02508361204,8482455.55071079,8511900.575794403,0.0,11866964.836279321,0.0,0.0,183.8290647356771,0.0,0,0,0,0,127500.0,2000000.0,28607.129827041645,0.0,1042.869342122179,0.0,0.0,0.0,3355064.2604849194,0.0,0.0,False,False,0.0,1.1920928955078125e-07,passed
duration,2023-12-12,9572014.882369783,2368100.2527517835,21717.26730354537,2346382.985448238,8511900.575794403,6143800.323042619,11940115.135121565,0.0,0.0,524.4652283359319,0.0,0,0,0,0,20944.980443102446,2000000.0,149235.68130787928,0.0,1748.1034567624336,6266676.329503472,0.0,6266676.329503472,3305338.552866311,0.0,0.0,False,False,0.0,1.1920928955078125e-07,passed
unweighted,2023-12-12,11555431.045774162,304559.6287318903,21860.699406766445,282698.92932512384,8631334.930907099,8326775.302175208,11859990.674506051,0.0,0.0,633.1396112963557,0.0,0,0,0,0,-8107.360295191727,2021684.8131373634,212168.83133824542,0.0,2359.6687749452235,8493310.808218712,0.0,8493310.808218712,3062120.23755545,0.0,0.0,False,False,0.0,1.1920928955078125e-07,passed
constrained,2023-12-12,11721993.251645857,119932.01945883653,21865.11174880228,98066.90771003425,8617904.517441118,8497972.49798228,11841925.271104693,0.0,0.0,642.2658074423671,0.0,0,0,0,0,-13531.181236168934,-265385.86407447886,224465.11794129573,0.0,2235.87682307701,8667931.947941925,0.0,8667931.947941925,3054061.303703932,0.0,0.0,False,False,0.0,1.1920928955078125e-07,passed
unhedged,2023-12-13,3355248.09962248,8597032.365970025,29772.4558050645,8567259.91016496,8597032.365970025,0.0,11952280.465592505,0.0,0.0,183.83913756068796,0.0,0,0,0,0,127500.0,2000000.0,28790.968964602333,0.0,1042.869342122179,0.0,0.0,0.0,3355248.09962248,0.0,0.0,False,False,0.0,1.1920928955078125e-07,passed
duration,2023-12-13,9572539.376335941,2378492.1804245715,21758.484773884247,2356733.6956506874,8597032.365970025,6218540.185545454,11951031.556760512,0.0,0.0,524.4939661584795,0.0,0,0,0,0,20944.980443102446,2000000.0,149760.17527403776,0.0,1748.1034567624336,6342910.989256363,0.0,6342910.989256363,3229628.387079578,0.0,0.0,False,False,0.0,1.1920928955078125e-07,passed
unweighted,2023-12-13,11556064.22007804,306038.91021995305,21838.994486197655,284199.9157337554,8718816.408150148,8412777.497930195,11862103.130297992,0.0,0.0,633.1743038780987,0.0,0,0,0,0,-8107.360295191727,2021684.8131373634,212802.00564212352,0.0,2359.6687749452235,8581033.047888799,0.0,8581033.047888799,2975031.1721892413,0.0,0.0,False,False,0.0,1.1920928955078125e-07,passed
constrained,2023-12-13,11722635.55264595,120406.03405743557,21837.626971852413,98568.40708558315,8705071.45096062,8584665.416903185,11843041.586703384,0.0,0.0,642.3010000921786,0.0,0,0,0,0,-13531.181236168934,-265385.86407447886,225107.4189413879,0.0,2235.87682307701,8756358.72524125,0.0,8756358.72524125,2966276.8274047,0.0,0.0,False,False,0.0,1.1920928955078125e-07,passed
unhedged,2023-12-14,3355431.9488334195,8647676.657700248,30099.886526516962,8617576.77117373,8647676.657700248,0.0,12003108.606533667,0.0,0.0,183.8492109393701,0.0,0,0,0,0,127500.0,2000000.0,28974.818175541703,0.0,1042.869342122179,0.0,0.0,0.0,3355431.9488334195,0.0,0.0,False,False,0.0,1.1920928955078125e-07,passed
duration,2023-12-14,9573063.899041494,2376289.071945171,21799.702244223132,2354489.369700948,8647676.657700248,6271387.585755077,11949352.970986664,0.0,0.0,524.5227055530995,0.0,0,0,0,0,20944.980443102446,2000000.0,150284.69797959086,0.0,1748.1034567624336,6396815.3374701785,0.0,6396815.3374701785,3176248.561571316,0.0,0.0,False,False,0.0,1.1920928955078125e-07,passed
unweighted,2023-12-14,11556697.429076402,306021.50859393633,21817.28956562887,284204.2190283075,8772266.319349758,8466244.810755823,11862718.937670337,0.0,0.0,633.2089983616024,0.0,0,0,0,0,-8107.360295191727,2021684.8131373634,213435.21464048512,0.0,2359.6687749452235,8635569.70697094,0.0,8635569.70697094,2921127.722105462,0.0,0.0,False,False,0.0,1.1920928955078125e-07,passed
constrained,2023-12-14,11723277.888840618,120538.31124250364,21810.142194902553,98728.16904760108,8758279.72770077,8637741.416458266,11843816.200083122,0.0,0.0,642.3361946679652,0.0,0,0,0,0,-13531.181236168934,-265385.86407447886,225749.75513605587,0.0,2235.87682307701,8810496.244787432,0.0,8810496.244787432,2912781.6440531854,0.0,0.0,False,False,0.0,1.1920928955078125e-07,passed
unhedged,2023-12-15,3355615.8081182865,8648986.15220939,30427.317247969422,8618558.83496142,8648986.15220939,0.0,12004601.960327677,0.0,0.0,183.8592848670669,0.0,0,0,0,0,127500.0,2000000.0,29158.67746040877,0.0,1042.869342122179,0.0,0.0,0.0,3355615.8081182865,0.0,0.0,False,False,0.0,1.1920928955078125e-07,passed
duration,2023-12-15,9573588.45048802,2369741.7301341547,21840.91971456201,2347900.8104195925,8648986.15220939,6279244.422075235,11943330.180622175,0.0,0.0,524.55144652538,0.0,0,0,0,0,20944.980443102446,2000000.0,150809.24942611624,0.0,1748.1034567624336,6404829.31051674,0.0,6404829.31051674,3168759.1399712795,0.0,0.0,False,False,0.0,1.1920928955078125e-07,passed
unweighted,2023-12-15,11557330.672771148,305137.84303513326,21795.58464506008,283342.2583900732,8774000.355734719,8468862.512699585,11862468.515806282,0.0,0.0,633.2436947468668,0.0,0,0,0,0,-8107.360295191727,2021684.8131373634,214068.458335232,0.0,2359.6687749452235,8638239.762953578,0.0,8638239.762953578,2919090.909817571,0.0,0.0,False,False,0.0,1.1920928955078125e-07,passed
constrained,2023-12-15,11723920.260231787,120267.60137298238,21782.657417952687,98484.94395502968,8760041.997532746,8639774.396159764,11844187.861604769,0.0,0.0,642.3713911697268,0.0,0,0,0,0,-13531.181236168934,-265385.86407447886,226392.1265272256,0.0,2235.87682307701,8812569.88408296,0.0,8812569.88408296,2911350.3761488274,0.0,0.0,False,False,0.0,1.1920928955078125e-07,passed
unhedged,2023-12-18,3356167.446421987,8635867.023751568,31409.609412326805,8604457.41433924,8635867.023751568,0.0,11992034.470173554,0.0,0.0,551.6383037003689,0.0,0,0,0,0,127500.0,2000000.0,29710.31576410914,0.0,1042.869342122179,0.0,0.0,0.0,3356167.446421987,0.0,0.0,False,False,0.0,1.1920928955078125e-07,passed
duration,2023-12-18,9575162.277289158,2373000.430747265,21964.572125578652,2351035.858621686,8635867.023751568,6262866.593004304,11948162.708036423,0.0,0.0,1573.8268011379987,0.0,0,0,0,0,20944.980443102446,2000000.0,152383.07622725423,0.0,1748.1034567624336,6388123.92486439,0.0,6388123.92486439,3187038.352424768,0.0,0.0,False,False,0.0,1.1920928955078125e-07,passed
unweighted,2023-12-18,11559230.612052694,305570.9818275767,21730.46988335372,283840.51194422296,8760171.502601463,8454600.520773888,11864801.593880272,0.0,0.0,1899.9392815455794,0.0,0,0,0,0,-8107.360295191727,2021684.8131373634,215968.39761677757,0.0,2359.6687749452235,8623692.531189365,0.0,8623692.531189365,2935538.0808633287,0.0,0.0,False,False,0.0,1.1920928955078125e-07,passed
constrained,2023-12-18,11725847.585603606,120377.58659178605,21700.203087103095,98677.38350468295,8746230.494732158,8625852.908140372,11846225.172195392,0.0,0.0,1927.325371818617,0.0,0,0,0,0,-13531.181236168934,-265385.86407447886,228319.45189904422,0.0,2235.87682307701,8798369.96630318,0.0,8798369.96630318,2927477.619300425,0.0,0.0,False,False,0.0,1.1920928955078125e-07,passed
unhedged,2023-12-19,3356351.3460080926,8640214.14336122,31737.040133779265,8608477.10322744,8640214.14336122,0.0,11996565.489369312,0.0,0.0,183.8995861057192,0.0,0,0,0,0,127500.0,2000000.0,29894.215350214858,0.0,1042.869342122179,0.0,0.0,0.0,3356351.3460080926,0.0,0.0,False,False,0.0,1.1920928955078125e-07,passed
duration,2023-12-19,9575686.943715313,2373842.6240926557,22005.789595917533,2351836.8344967384,8640214.14336122,6266371.519268565,11949529.567807969,0.0,0.0,524.6664261557162,0.0,0,0,0,0,20944.980443102446,2000000.0,152907.74265340995,0.0,1748.1034567624336,6391698.949653937,0.0,6391698.949653937,3183987.994061377,0.0,0.0,False,False,0.0,1.1920928955078125e-07,passed
unweighted,2023-12-19,11559863.994551986,305745.6122631355,21708.764962784928,284036.84730035055,8764790.063700626,8459044.451437492,11865609.606815122,0.0,0.0,633.3824992924929,0.0,0,0,0,0,-8107.360295191727,2021684.8131373634,216601.78011607006,0.0,2359.6687749452235,8628225.340466242,0.0,8628225.340466242,2931638.654085744,0.0,0.0,False,False,0.0,1.1920928955078125e-07,passed
constrained,2023-12-19,11726490.09780008,120469.78505421196,21672.71831015323,98797.06674405873,8750815.832350248,8630346.047296036,11846959.882854292,0.0,0.0,642.5121964737773,0.0,0,0,0,0,-13531.181236168934,-265385.86407447886,228961.964095518,0.0,2235.87682307701,8802952.968241956,0.0,8802952.968241956,2923537.1295581236,0.0,0.0,False,False,0.0,1.1920928955078125e-07,passed
unhedged,2023-12-20,3356535.2556708874,8674428.815513149,32064.470855231724,8642364.344657917,8674428.815513149,0.0,12030964.071184035,0.0,0.0,183.90966279478744,0.0,0,0,0,0,127500.0,2000000.0,30078.125013009645,0.0,1042.869342122179,0.0,0.0,0.0,3356535.2556708874,0.0,0.0,False,False,0.0,1.1920928955078125e-07,passed
duration,2023-12-20,9576211.638890313,2375174.7760896888,22047.007066256414,2353127.7690234324,8674428.815513149,6299254.039423459,11951386.414980002,0.0,0.0,524.6951749995351,0.0,0,0,0,0,20944.980443102446,2000000.0,153432.4378284095,0.0,1748.1034567624336,6425239.120211928,0.0,6425239.120211928,3150972.518678385,0.0,0.0,False,False,0.0,1.1920928955078125e-07,passed
unweighted,2023-12-20,11560497.41175717,305886.31408945203,21687.06004221614,284199.2540472359,8800214.3374465,8494328.023357047,11866383.725846622,0.0,0.0,633.4172051828355,0.0,0,0,0,0,-8107.360295191727,2021684.8131373634,217235.1973212529,0.0,2359.6687749452235,8664214.583824188,0.0,8664214.583824188,2896282.827932982,0.0,0.0,False,False,0.0,1.1920928955078125e-07,passed
constrained,2023-12-20,11727132.6452027,120362.12483280493,21645.23353320336,98716.89129960156,8786066.614074517,8665704.489241712,11847494.770035505,0.0,0.0,642.5474026203156,0.0,0,0,0,0,-13531.181236168934,-265385.86407447886,229604.5114981383,0.0,2235.87682307701,8839018.579026546,0.0,8839018.579026546,2888114.0661761537,0.0,0.0,False,False,0.0,1.1920928955078125e-07,passed
unhedged,2023-12-21,3356719.1754109245,8666585.470551213,32391.901576684184,8634193.568974528,8666585.470551213,0.0,12023304.645962138,0.0,0.0,183.91974003706127,0.0,0,0,0,0,127500.0,2000000.0,30262.044753046706,0.0,1042.869342122179,0.0,0.0,0.0,3356719.1754109245,0.0,0.0,False,False,0.0,1.1920928955078125e-07,passed
duration,2023-12-21,9576736.36281573,2378312.0433092215,22088.22453659529,2356223.818772626,8666585.470551213,6288273.427241991,11955048.406124951,0.0,0.0,524.7239254172891,0.0,0,0,0,0,20944.980443102446,2000000.0,153957.16175382677,0.0,1748.1034567624336,6414038.895786831,0.0,6414038.895786831,3162697.467028899,0.0,0.0,False,False,0.0,1.1920928955078125e-07,passed
unweighted,2023-12-21,11561130.86367014,306252.2507928237,21665.355121647353,284586.8956711763,8791759.216074143,8485506.965281319,11867383.114462964,0.0,0.0,633.4519129712135,0.0,0,0,0,0,-8107.360295191727,2021684.8131373634,217868.6492342241,0.0,2359.6687749452235,8655217.104586946,0.0,8655217.104586946,2905913.7590831947,0.0,0.0,False,False,0.0,1.1920928955078125e-07,passed
constrained,2023-12-21,11727775.227813395,120454.66429487456,21617.748756253495,98836.91553862106,8777642.928727673,8657188.2644328,11848229.892108269,0.0,0.0,642.5826106946915,0.0,0,0,0,0,-13531.181236168934,-265385.86407447886,230247.094108833,0.0,2235.87682307701,8830332.029721456,0.0,8830332.029721456,2897443.198091939,0.0,0.0,False,False,0.0,1.1920928955078125e-07,passed
unhedged,2023-12-22,3356903.105228755,8666863.087328942,32719.33229813665,8634143.755030805,8666863.087328942,0.0,12023766.192557698,0.0,0.0,183.92981783067808,0.0,0,0,0,0,127500.0,2000000.0,30445.974570877384,0.0,1042.869342122179,0.0,0.0,0.0,3356903.105228755,0.0,0.0,False,False,0.0,1.1920928955078125e-07,passed
duration,2023-12-22,9577261.115493145,2381943.386937058,22129.442006934176,2359813.944930124,8666863.087328942,6284919.700391885,11959204.502430202,0.0,0.0,524.7526774145663,0.0,0,0,0,0,20944.980443102446,2000000.0,154481.91443124134,0.0,1748.1034567624336,6410618.094399722,0.0,6410618.094399722,3166643.0210934225,0.0,0.0,False,False,0.0,1.1920928955078125e-07,passed
unweighted,2023-12-22,11561764.35029281,306696.0126003929,21643.650201078566,285052.36239931436,8791795.30465111,8485099.292050717,11868460.362893201,0.0,0.0,633.4866226688027,0.0,0,0,0,0,-8107.360295191727,2021684.8131373634,218502.1358568929,0.0,2359.6687749452235,8654801.277891733,0.0,8654801.277891733,2906963.0724010766,0.0,0.0,False,False,0.0,1.1920928955078125e-07,passed
constrained,2023-12-22,11728417.8456341,120534.27550210261,21590.263979303636,98944.01152279897,8777653.029077407,8657118.753575305,11848952.121136202,0.0,0.0,642.6178207043558,0.0,0,0,0,0,-13531.181236168934,-265385.86407447886,230889.71192953736,0.0,2235.87682307701,8830261.128646811,0.0,8830261.128646811,2898156.7169872876,0.0,0.0,False,False,0.0,1.1920928955078125e-07,passed
unhedged,2023-12-26,3357638.925289064,8669784.988229496,34029.05518394649,8635755.93304555,8669784.988229496,0.0,12027423.913518561,0.0,0.0,735.8200603090227,0.0,0,0,0,0,127500.0,2000000.0,31181.794631186407,0.0,1042.869342122179,0.0,0.0,0.0,3357638.925289064,0.0,0.0,False,False,0.0,1.1920928955078125e-07,passed
duration,2023-12-26,9579360.413754277,2379701.4602152733,22294.311888289696,2357407.1483269837,8669784.988229496,6290083.528014223,11959061.873969551,0.0,0.0,2099.2982611320913,0.0,0,0,0,0,20944.980443102446,2000000.0,156581.21269237343,0.0,1748.1034567624336,6415885.198574508,0.0,6415885.198574508,3163475.2151797693,0.0,0.0,False,False,0.0,1.1920928955078125e-07,passed
unweighted,2023-12-26,11564298.643918458,306419.76708285237,21556.830518803414,284862.936564049,8795001.914140759,8488582.147057908,11870718.411001312,0.0,0.0,2534.293625649065,0.0,0,0,0,0,-8107.360295191727,2021684.8131373634,221036.42948254198,0.0,2359.6687749452235,8658353.789999066,0.0,8658353.789999066,2905944.8539193925,0.0,0.0,False,False,0.0,1.1920928955078125e-07,passed
constrained,2023-12-26,11730988.66905556,120410.86670122412,21480.324871504174,98930.54182971995,8780827.86458666,8660416.997885436,11851399.535756785,0.0,0.0,2570.8234214615077,0.0,0,0,0,0,-13531.181236168934,-265385.86407447886,233460.53535099886,0.0,2235.87682307701,8833625.337843144,0.0,8833625.337843144,2897363.3312124163,0.0,0.0,False,False,0.0,1.1920928955078125e-07,passed
unhedged,2023-12-27,3357822.9055041485,8719255.82452091,34356.48590539895,8684899.33861551,8719255.82452091,0.0,12077078.730025059,0.0,0.0,183.98021508427337,0.0,0,0,0,0,127500.0,2000000.0,31365.77484627068,0.0,1042.869342122179,0.0,0.0,0.0,3357822.9055041485,0.0,0.0,False,False,0.0,1.1920928955078125e-07,passed
duration,2023-12-27,9579885.310215306,2374135.47850076,22335.529358628577,2351799.9491421315,8719255.82452091,6345120.34602015,11954020.788716067,0.0,0.0,524.8964610286057,0.0,0,0,0,0,20944.980443102446,2000000.0,157106.10915340204,0.0,1748.1034567624336,6472022.752940553,0.0,6472022.752940553,3107862.5572747523,0.0,0.0,False,False,0.0,1.1920928955078125e-07,passed
unweighted,2023-12-27,11564932.304118127,305623.1218786491,21535.125598234627,284087.99628041446,8846632.687486442,8541009.565607792,11870555.425996777,0.0,0.0,633.6601996682584,0.0,0,0,0,0,-8107.360295191727,2021684.8131373634,221670.08968221024,0.0,2359.6687749452235,8711829.756919948,0.0,8711829.756919948,2853102.5471981782,0.0,0.0,False,False,0.0,1.1920928955078125e-07,passed
constrained,2023-12-27,11731631.462955236,119763.90848936733,21452.84009455431,98311.06839481302,8832146.393001737,8712382.48451237,11851395.371444603,0.0,0.0,642.7938996758312,0.0,0,0,0,0,-13531.181236168934,-265385.86407447886,234103.3292506747,0.0,2235.87682307701,8886630.134202618,0.0,8886630.134202618,2845001.3287526183,0.0,0.0,False,False,0.0,1.1920928955078125e-07,passed
unhedged,2023-12-28,3358006.89580034,8697953.249495499,34683.91662685141,8663269.332868647,8697953.249495499,0.0,12055960.14529584,0.0,0.0,183.9902961915359,0.0,0,0,0,0,127500.0,2000000.0,31549.765142462216,0.0,1042.869342122179,0.0,0.0,0.0,3358006.89580034,0.0,0.0,False,False,0.0,1.1920928955078125e-07,passed
duration,2023-12-28,9580410.235437784,2375598.323661181,22376.746828967454,2353221.576832214,8697953.249495499,6322354.925834318,11956008.559098966,0.0,0.0,524.925222478807,0.0,0,0,0,0,20944.980443102446,2000000.0,157631.03437588084,0.0,1748.1034567624336,6448802.0243510045,0.0,6448802.0243510045,3131608.21108678,0.0,0.0,False,False,0.0,1.1920928955078125e-07,passed
unweighted,2023-12-28,11565565.999038901,305937.71556745464,21513.42067766584,284424.2948897888,8824750.112291401,8518812.396723947,11871503.714606356,0.0,0.0,633.6949207745492,0.0,0,0,0,0,-8107.360295191727,2021684.8131373634,222303.7846029848,0.0,2359.6687749452235,8689188.644658426,0.0,8689188.644658426,2876377.3543804754,0.0,0.0,False,False,0.0,1.1920928955078125e-07,passed
constrained,2023-12-28,11732274.292076495,119999.51170900532,21425.355317604444,98574.15639140087,8810324.875389794,8690325.363680787,11852273.8037855,0.0,0.0,642.8291212581098,0.0,0,0,0,0,-13531.181236168934,-265385.86407447886,234746.1583719328,0.0,2235.87682307701,8864131.870954404,0.0,8864131.870954404,2868142.421122091,0.0,0.0,False,False,0.0,1.1920928955078125e-07,passed
unhedged,2023-12-29,3358190.896178193,8687401.334503276,35011.34734830387,8652389.987154972,8687401.334503276,0.0,12045592.23068147,0.0,0.0,184.00037785293534,0.0,0,0,0,0,127500.0,2000000.0,31733.76552031515,0.0,1042.869342122179,0.0,0.0,0.0,3358190.896178193,0.0,0.0,False,False,0.0,1.1920928955078125e-07,passed
duration,2023-12-29,9580935.189423287,2383373.8838979597,22417.96429930633,2360955.9195986534,8687401.334503276,6304027.450605317,11964309.073321247,0.0,0.0,524.9539855029434,0.0,0,0,0,0,20944.980443102446,2000000.0,158155.9883613838,0.0,1748.1034567624336,6430107.999617424,0.0,6430107.999617424,3150827.1898058634,0.0,0.0,False,False,0.0,1.1920928955078125e-07,passed
unweighted,2023-12-29,11566199.728682684,306877.4258018141,21491.71575709705,285385.71004471707,8813000.67906682,8506123.253265006,11873077.154484497,0.0,0.0,633.7296437826008,0.0,0,0,0,0,-8107.360295191727,2021684.8131373634,222937.5142467674,0.0,2359.6687749452235,8676245.718330307,0.0,8676245.718330307,2889954.010352377,0.0,0.0,False,False,0.0,1.1920928955078125e-07,passed
constrained,2023-12-29,11732917.156421265,120564.91837173082,21397.870540654578,99167.04783107624,8798781.775820084,8678216.857448354,11853482.074792996,0.0,0.0,642.8643447700888,0.0,0,0,0,0,-13531.181236168934,-265385.86407447886,235389.0227167029,0.0,2235.87682307701,8851781.194597322,0.0,8851781.194597322,2881135.961823942,0.0,0.0,False,False,0.0,1.1920928955078125e-07,passed
