method,date,cash,dirty_pv,accrued_pv,clean_pv,long_dirty_value,short_dirty_value,wealth,coupon_cash,principal_cash,cash_interest,funding_cost,transaction_cost,trade_cash,gross_dirty_turnover,external_cash,cumulative_coupon_cash,cumulative_principal_cash,cumulative_cash_interest,cumulative_funding_cost,cumulative_transaction_cost,short_collateral_reserve,long_haircut_reserve,required_collateral,free_cash,financing_gap,collateral_shortfall,collateral_breach,financing_breach,cash_roll_residual,audit_tolerance,audit_status
unhedged,2022-01-03,1198825.2806832744,11747193.167256752,38018.180999279364,11709174.986257473,11747193.167256752,0.0,12946018.447940025,0,0,0,0,1174.7193167256753,-11747193.167256752,11747193.167256752,12947193.167256752,0.0,0.0,0.0,0.0,1174.7193167256753,0.0,0.0,0.0,1198825.2806832744,0.0,0.0,False,False,-8.751612767810002e-10,1.1920928955078125e-07,passed
duration,2022-01-03,9257627.837403174,3687584.6496850946,22589.22504698601,3664995.424638109,11747193.167256752,8059608.517571657,12945212.487088269,0,0,0,0,1980.6801684828408,-3687584.6496850946,19806801.684828408,12947193.167256752,0.0,0.0,0.0,0.0,1980.6801684828408,8220800.6879230905,0.0,8220800.6879230905,1036827.149480084,0.0,0.0,False,False,-9.981704351957887e-11,1.1920928955078125e-07,passed
unweighted,2022-01-03,11948768.719853008,996174.6262329157,22761.47864902356,973413.1475838921,11747193.167256752,10751018.541023836,12944943.346085925,0,0,0,0,2249.8211708280587,-996174.6262329157,22498211.708280586,12947193.167256752,0.0,0.0,0.0,0.0,2249.8211708280587,10966038.911844313,0.0,10966038.911844313,982729.808008695,0.0,0.0,False,False,-1.3005774235352874e-10,1.1920928955078125e-07,passed
constrained,2022-01-03,13002663.56762699,-57826.75127164162,21614.447150997043,-79441.19842263866,11752841.131377084,11810667.882648727,12944836.81635535,0,0,0,0,2356.3509014025813,57826.75127164162,23563509.01402581,12947193.167256752,0.0,0.0,0.0,0.0,2356.3509014025813,12046881.240301702,0.0,12046881.240301702,955782.3273252882,0.0,0.0,False,False,-6.866684998385608e-10,1.1920928955078125e-07,passed
unhedged,2022-01-04,1198890.9697397503,11732203.361822924,38367.01297141484,11693836.34885151,11732203.361822924,0.0,12931094.331562674,0.0,0.0,65.68905647587962,0.0,0,0,0,0,0.0,0.0,65.68905647587962,0.0,1174.7193167256753,0.0,0.0,0.0,1198890.9697397503,0.0,0.0,False,False,0.0,1.1920928955078125e-07,passed
duration,2022-01-04,9258135.104681937,3697165.503442131,22623.180367033867,3674542.323075097,11732203.361822924,8035037.858380793,12955300.608124068,0.0,0.0,507.26727876253426,0.0,0,0,0,0,0.0,0.0,507.26727876253426,0.0,1980.6801684828408,8195738.615548409,0.0,8195738.615548409,1062396.4891335284,0.0,0.0,False,False,0.0,1.1920928955078125e-07,passed
unweighted,2022-01-04,11949423.446906151,995717.0824986104,22751.708766897216,972965.3737317132,11732203.361822924,10736486.279324314,12945140.529404761,0.0,0.0,654.727053143084,0.0,0,0,0,0,0.0,0.0,654.727053143084,0.0,2249.8211708280587,10951216.0049108,0.0,10951216.0049108,998207.4419953506,0.0,0.0,False,False,0.0,1.1920928955078125e-07,passed
constrained,2022-01-04,13003376.042343026,-57881.387324759686,21574.67035619354,-79456.05768095322,11737774.023982089,11795655.411306849,12945494.655018266,0.0,0.0,712.4747160356492,0.0,0,0,0,0,0.0,0.0,712.4747160356492,0.0,2356.3509014025813,12031568.519532986,0.0,12031568.519532986,971807.52281004,0.0,0.0,False,False,0.0,1.1920928955078125e-07,passed
unhedged,2022-01-05,1198956.6623956263,11700240.287300684,38715.84494355032,11661524.442357134,11700240.287300684,0.0,12899196.94969631,0.0,0.0,65.69265587604605,0.0,0,0,0,0,0.0,0.0,131.38171235192567,0.0,1174.7193167256753,0.0,0.0,0.0,1198956.6623956263,0.0,0.0,False,False,0.0,1.1920928955078125e-07,passed
duration,2022-01-05,9258642.399756165,3690484.8090771046,22657.135687081725,3667827.673390023,11700240.287300684,8009755.478223579,12949127.20883327,0.0,0.0,507.29507422819734,0.0,0,0,0,0,0.0,0.0,1014.5623529907316,0.0,1980.6801684828408,8169950.587788051,0.0,8169950.587788051,1088691.8119681142,0.0,0.0,False,False,0.0,1.1920928955078125e-07,passed
unweighted,2022-01-05,11950078.209834749,993268.842264265,22741.938884770872,970526.9033794942,11700240.287300684,10706971.445036419,12943347.052099014,0.0,0.0,654.7629285976291,0.0,0,0,0,0,0.0,0.0,1309.4899817407131,0.0,2249.8211708280587,10921110.873937147,0.0,10921110.873937147,1028967.3358976021,0.0,0.0,False,False,0.0,1.1920928955078125e-07,passed
constrained,2022-01-05,13004088.55609877,-57834.60781852127,21534.89356139003,-79369.5013799113,11705791.267523369,11763625.87534189,12946253.948280249,0.0,0.0,712.5137557443231,0.0,0,0,0,0,0.0,0.0,1424.9884717799723,0.0,2356.3509014025813,11998898.392848728,0.0,11998898.392848728,1005190.1632500421,0.0,0.0,False,False,0.0,1.1920928955078125e-07,passed
unhedged,2022-01-06,1199022.3586511004,11677548.248688893,39064.676915685806,11638483.571773207,11677548.248688893,0.0,12876570.607339993,0.0,0.0,65.69625547411852,0.0,0,0,0,0,0.0,0.0,197.0779678260442,0.0,1174.7193167256753,0.0,0.0,0.0,1199022.3586511004,0.0,0.0,False,False,0.0,1.1920928955078125e-07,passed
duration,2022-01-06,9259149.722627386,3684166.5514630284,22691.091007129588,3661475.4604558987,11677548.248688893,7993381.697225866,12943316.274090415,0.0,0.0,507.32287122122943,0.0,0,0,0,0,0.0,0.0,1521.885224211961,0.0,1980.6801684828408,8153249.331170383,0.0,8153249.331170383,1105900.3914570035,0.0,0.0,False,False,0.0,1.1920928955078125e-07,passed
unweighted,2022-01-06,11950733.00864077,991359.6576548283,22732.169002644532,968627.4886521838,11677548.248688893,10686188.591034066,12942092.666295597,0.0,0.0,654.79880602099,0.0,0,0,0,0,0.0,0.0,1964.2887877617031,0.0,2249.8211708280587,10899912.362854747,0.0,10899912.362854747,1050820.6457860228,0.0,0.0,False,False,0.0,1.1920928955078125e-07,passed
constrained,2022-01-06,13004801.108896367,-57872.474748187975,21495.116766586525,-79367.5915147745,11683113.788159732,11740986.26290792,12946928.634148179,0.0,0.0,712.5527975969017,0.0,0,0,0,0,0.0,0.0,2137.541269376874,0.0,2356.3509014025813,11975805.988166079,0.0,11975805.988166079,1028995.1207302883,0.0,0.0,False,False,0.0,1.1920928955078125e-07,passed
unhedged,2022-01-07,1199088.0585063691,11647490.2506208,39413.508887821285,11608076.741732977,11647490.2506208,0.0,12846578.309127169,0.0,0.0,65.69985526870005,0.0,0,0,0,0,0.0,0.0,262.77782309474424,0.0,1174.7193167256753,0.0,0.0,0.0,1199088.0585063691,0.0,0.0,False,False,0.0,1.1920928955078125e-07,passed
duration,2022-01-07,9259657.07329712,3690702.2172509646,22725.046327177446,3667977.170923787,11647490.2506208,7956788.033369835,12950359.290548086,0.0,0.0,507.35066973418,0.0,0,0,0,0,0.0,0.0,2029.235893946141,0.0,1980.6801684828408,8115923.794037231,0.0,8115923.794037231,1143733.2792598894,0.0,0.0,False,False,0.0,1.1920928955078125e-07,passed
unweighted,2022-01-07,11951387.843326176,989430.7610276021,22722.399120518185,966708.3619070839,11647490.2506208,10658059.489593197,12940818.604353778,0.0,0.0,654.8346854057163,0.0,0,0,0,0,0.0,0.0,2619.1234731674194,0.0,2249.8211708280587,10871220.67938506,0.0,10871220.67938506,1080167.1639411151,0.0,0.0,False,False,0.0,1.1920928955078125e-07,passed
constrained,2022-01-07,13005513.700737951,-58266.992881500126,21455.339971783014,-79722.33285328314,11653025.384117113,11711292.376998615,12947246.707856452,0.0,0.0,712.5918415840715,0.0,0,0,0,0,0.0,0.0,2850.1331109609455,0.0,2356.3509014025813,11945518.224538587,0.0,11945518.224538587,1059995.4761993643,0.0,0.0,False,False,0.0,1.1920928955078125e-07,passed
unhedged,2022-01-10,1199285.1796729164,11639667.978207933,40460.00480422772,11599207.973403705,11639667.978207933,0.0,12838953.15788085,0.0,0.0,197.1211665472947,0.0,0,0,0,0,0.0,0.0,459.89898964203894,0.0,1174.7193167256753,0.0,0.0,0.0,1199285.1796729164,0.0,0.0,False,False,0.0,1.1920928955078125e-07,passed
duration,2022-01-10,9261179.292112635,3684305.5874757716,22826.912287321025,3661478.6751884506,11639667.978207933,7955362.390732161,12945484.879588407,0.0,0.0,1522.2188155148178,0.0,0,0,0,0,0.0,0.0,3551.454709460959,0.0,1980.6801684828408,8114469.638546804,0.0,8114469.638546804,1146709.6535658315,0.0,0.0,False,False,0.0,1.1920928955078125e-07,passed
unweighted,2022-01-10,11953352.562678374,988616.9824663729,22693.089474139153,965923.8929922337,11639667.978207933,10651050.99574156,12941969.545144748,0.0,0.0,1964.7193521987647,0.0,0,0,0,0,0.0,0.0,4583.842825366184,0.0,2249.8211708280587,10864072.015656391,0.0,10864072.015656391,1089280.5470219832,0.0,0.0,False,False,0.0,1.1920928955078125e-07,passed
constrained,2022-01-10,13007651.710548034,-58192.70686283338,21336.00958737249,-79528.71645020587,11645208.512182446,11703401.21904528,12949459.0036852,0.0,0.0,2138.0098100826144,0.0,0,0,0,0,0.0,0.0,4988.14292104356,0.0,2356.3509014025813,11937469.243426185,0.0,11937469.243426185,1070182.4671218488,0.0,0.0,False,False,0.0,1.1920928955078125e-07,passed
unhedged,2022-01-11,1199350.893929337,11654999.907199819,40808.8367763632,11614191.070423456,11654999.907199819,0.0,12854350.801129155,0.0,0.0,65.71425642049871,0.0,0,0,0,0,0.0,0.0,525.6132460625377,0.0,1174.7193167256753,0.0,0.0,0.0,1199350.893929337,0.0,0.0,False,False,0.0,1.1920928955078125e-07,passed
duration,2022-01-11,9261686.753991656,3683474.0490326555,22860.867607368888,3660613.1814252865,11654999.907199819,7971525.858167162,12945160.80302431,0.0,0.0,507.4618790205568,0.0,0,0,0,0,0.0,0.0,4058.9165884815156,0.0,1980.6801684828408,8130956.375330506,0.0,8130956.375330506,1130730.37866115,0.0,0.0,False,False,0.0,1.1920928955078125e-07,passed
unweighted,2022-01-11,11954007.540900987,989609.3428588916,22683.319592012813,966926.0232668788,11654999.907199819,10665390.564340927,12943616.883759879,0.0,0.0,654.9782226122916,0.0,0,0,0,0,0.0,0.0,5238.821047978476,0.0,2249.8211708280587,10878698.375627745,0.0,10878698.375627745,1075309.1652732417,0.0,0.0,False,False,0.0,1.1920928955078125e-07,passed
constrained,2022-01-11,13008364.458586968,-58133.966486777186,21296.232792568982,-79430.19927934617,11660574.608090227,11718708.574577006,12950230.49210019,0.0,0.0,712.7480389345437,0.0,0,0,0,0,0.0,0.0,5700.890959978104,0.0,2356.3509014025813,11953082.746068547,0.0,11953082.746068547,1055281.712518422,0.0,0.0,False,False,0.0,1.1920928955078125e-07,passed
unhedged,2022-01-12,1199416.6117865385,11663781.31820304,41157.668748498676,11622623.649454542,11663781.31820304,0.0,12863197.929989578,0.0,0.0,65.71785720158368,0.0,0,0,0,0,0.0,0.0,591.3311032641213,0.0,1174.7193167256753,0.0,0.0,0.0,1199416.6117865385,0.0,0.0,False,False,0.0,1.1920928955078125e-07,passed
duration,2022-01-12,9262194.243676806,3681876.974000084,22894.822927416746,3658982.1510726674,11663781.31820304,7981904.344202954,12944071.21767689,0.0,0.0,507.48968514986336,0.0,0,0,0,0,0.0,0.0,4566.406273631379,0.0,1980.6801684828408,8141542.431087013,0.0,8141542.431087013,1120651.8125897925,0.0,0.0,False,False,0.0,1.1920928955078125e-07,passed
unweighted,2022-01-12,11954662.555012817,990368.1494171503,22673.549709886465,967694.5997072639,11663781.31820304,10673413.168785889,12945030.704429967,0.0,0.0,655.0141118299216,0.0,0,0,0,0,0.0,0.0,5893.835159808397,0.0,2249.8211708280587,10886881.432161607,0.0,10886881.432161607,1067781.1228512097,0.0,0.0,False,False,0.0,1.1920928955078125e-07,passed
constrained,2022-01-12,13009077.24568059,-57798.04424033733,21256.455997765475,-79054.5002381028,11669346.521318505,11727144.565558843,12951279.201440252,0.0,0.0,712.7870936207473,0.0,0,0,0,0,0.0,0.0,6413.678053598851,0.0,2356.3509014025813,11961687.456870021,0.0,11961687.456870021,1047389.7888105679,0.0,0.0,False,False,0.0,1.1920928955078125e-07,passed
unhedged,2022-01-13,1199482.3332447188,11689036.87716049,41506.50072063416,11647530.376439855,11689036.87716049,0.0,12888519.210405208,0.0,0.0,65.72145818034187,0.0,0,0,0,0,0.0,0.0,657.0525614444632,0.0,1174.7193167256753,0.0,0.0,0.0,1199482.3332447188,0.0,0.0,False,False,0.0,1.1920928955078125e-07,passed
duration,2022-01-13,9262701.761169612,3681968.655906624,22928.77824746461,3659039.8776591597,11689036.87716049,8007068.2212538645,12944670.417076237,0.0,0.0,507.51749280653894,0.0,0,0,0,0,0.0,0.0,5073.923766437918,0.0,1980.6801684828408,8167209.585678942,0.0,8167209.585678942,1095492.1754906708,0.0,0.0,False,False,0.0,1.1920928955078125e-07,passed
unweighted,2022-01-13,11955317.605015833,992029.3262128423,22663.779827760125,969365.5463850822,11689036.87716049,10697007.550947646,12947346.931228675,0.0,0.0,655.0500030163676,0.0,0,0,0,0,0.0,0.0,6548.885162824765,0.0,2249.8211708280587,10910947.701966599,0.0,10910947.701966599,1044369.9030492343,0.0,0.0,False,False,0.0,1.1920928955078125e-07,passed
constrained,2022-01-13,13009790.071831038,-57781.82602939048,21216.679202961972,-78998.50523235246,11694647.334079508,11752429.160108898,12952008.245801648,0.0,0.0,712.8261504489928,0.0,0,0,0,0,0.0,0.0,7126.504204047844,0.0,2356.3509014025813,11987477.743311075,0.0,11987477.743311075,1022312.3285199627,0.0,0.0,False,False,0.0,1.1920928955078125e-07,passed
unhedged,2022-01-14,1199548.0583040747,11630159.330657456,41855.33269276963,11588303.997964686,11630159.330657456,0.0,12829707.388961531,0.0,0.0,65.72505935584195,0.0,0,0,0,0,0.0,0.0,722.7776208003052,0.0,1174.7193167256753,0.0,0.0,0.0,1199548.0583040747,0.0,0.0,False,False,0.0,1.1920928955078125e-07,passed
duration,2022-01-14,9263209.306471594,3680474.130077565,22962.733567512463,3657511.3965100525,11630159.330657456,7949685.200579892,12943683.436549159,0.0,0.0,507.5453019812703,0.0,0,0,0,0,0.0,0.0,5581.469068419188,0.0,1980.6801684828408,8108678.90459149,0.0,8108678.90459149,1154530.401880104,0.0,0.0,False,False,0.0,1.1920928955078125e-07,passed
unweighted,2022-01-14,11955972.690911997,988185.9625002755,22654.009945633778,965531.9525546416,11630159.330657456,10641973.368157182,12944158.653412273,0.0,0.0,655.0858961641788,0.0,0,0,0,0,0.0,0.0,7203.971058988944,0.0,2249.8211708280587,10854812.835520325,0.0,10854812.835520325,1101159.8553916719,0.0,0.0,False,False,0.0,1.1920928955078125e-07,passed
constrained,2022-01-14,13010502.937040454,-57636.68902352669,21176.902408158458,-78813.59143168514,11635670.138216589,11693306.827240115,12952866.248016927,0.0,0.0,712.865209415555,0.0,0,0,0,0,0.0,0.0,7839.369413463399,0.0,2356.3509014025813,11927172.963784918,0.0,11927172.963784918,1083329.9732555356,0.0,0.0,False,False,0.0,1.1920928955078125e-07,passed
unhedged,2022-01-18,1199810.9945572033,11568495.260178586,43250.66058131155,11525244.599597275,11568495.260178586,0.0,12768306.25473579,0.0,0.0,262.9362531285733,0.0,0,0,0,0,0.0,0.0,985.7138739288785,0.0,1174.7193167256753,0.0,0.0,0.0,1199810.9945572033,0.0,0.0,False,False,0.0,1.1920928955078125e-07,passed
duration,2022-01-18,9265239.765801778,3680673.311525599,23098.5548477039,3657574.7566778953,11568495.260178586,7887821.948652987,12945913.077327378,0.0,0.0,2030.4593301843852,0.0,0,0,0,0,0.0,0.0,7611.928398603573,0.0,1980.6801684828408,8045578.387626047,0.0,8045578.387626047,1219661.3781757308,0.0,0.0,False,False,0.0,1.1920928955078125e-07,passed
unweighted,2022-01-18,11958593.393467508,983831.7635280425,22614.930417128402,961216.8331109141,11568495.260178586,10584663.496650543,12942425.15699555,0.0,0.0,2620.702555511147,0.0,0,0,0,0,0.0,0.0,9824.67361450009,0.0,2249.8211708280587,10796356.766583554,0.0,10796356.766583554,1162236.6268839538,0.0,0.0,False,False,0.0,1.1920928955078125e-07,passed
constrained,2022-01-18,13013354.788510598,-58030.535659022295,21017.79522894443,-79048.33088796673,11573939.517920109,11631970.053579131,12955324.252851576,0.0,0.0,2851.8514701444656,0.0,0,0,0,0,0.0,0.0,10691.220883607864,0.0,2356.3509014025813,11864609.454650713,0.0,11864609.454650713,1148745.333859885,0.0,0.0,False,False,0.0,1.1920928955078125e-07,passed
unhedged,2022-01-19,1199876.7376253982,11592285.256085694,43599.49255344703,11548685.763532247,11592285.256085694,0.0,12792161.993711092,0.0,0.0,65.74306819494814,0.0,0,0,0,0,0.0,0.0,1051.4569421238266,0.0,1174.7193167256753,0.0,0.0,0.0,1199876.7376253982,0.0,0.0,False,False,0.0,1.1920928955078125e-07,passed
duration,2022-01-19,9265747.450172508,3678236.6661407785,23132.510167751767,3655104.1559730265,11592285.256085694,7914048.589944915,12943984.116313286,0.0,0.0,507.68437073007226,0.0,0,0,0,0,0.0,0.0,8119.612769333646,0.0,1980.6801684828408,8072329.561743814,0.0,8072329.561743814,1193417.8884286946,0.0,0.0,False,False,0.0,1.1920928955078125e-07,passed
unweighted,2022-01-19,11959248.658858933,985316.6019387776,22605.16053500206,962711.4414037756,11592285.256085694,10606968.654146915,12944565.26079771,0.0,0.0,655.2653914242983,0.0,0,0,0,0,0.0,0.0,10479.939005924389,0.0,2249.8211708280587,10819108.027229853,0.0,10819108.027229853,1140140.6316290796,0.0,0.0,False,False,0.0,1.1920928955078125e-07,passed
constrained,2022-01-19,13014067.849046957,-57943.29392316856,20978.018434140922,-78921.31235730948,11597779.816287966,11655723.110211136,12956124.555123787,0.0,0.0,713.0605363585055,0.0,0,0,0,0,0.0,0.0,11404.28141996637,0.0,2356.3509014025813,11888837.57241536,0.0,11888837.57241536,1125230.2766315974,0.0,0.0,False,False,0.0,1.1920928955078125e-07,passed
unhedged,2022-01-20,1199942.4842959528,11597363.020221576,43948.32452558251,11553414.695695994,11597363.020221576,0.0,12797305.50451753,0.0,0.0,65.74667055462487,0.0,0,0,0,0,0.0,0.0,1117.2036126784515,0.0,1174.7193167256753,0.0,0.0,0.0,1199942.4842959528,0.0,0.0,False,False,0.0,1.1920928955078125e-07,passed
duration,2022-01-20,9266255.162361559,3675971.106734078,23166.465487799625,3652804.6412462783,11597363.020221576,7921391.913487498,12942226.269095637,0.0,0.0,507.7121890503913,0.0,0,0,0,0,0.0,0.0,8627.324958384037,0.0,1980.6801684828408,8079819.751757247,0.0,8079819.751757247,1186435.4106043112,0.0,0.0,False,False,0.0,1.1920928955078125e-07,passed
unweighted,2022-01-20,11959903.960155308,985732.1682293527,22595.390652875718,963136.7775764769,11597363.020221576,10611630.851992223,12945636.12838466,0.0,0.0,655.3012963756919,0.0,0,0,0,0,0.0,0.0,11135.24030230008,0.0,2249.8211708280587,10823863.469032068,0.0,10823863.469032068,1136040.4911232404,0.0,0.0,False,False,0.0,1.1920928955078125e-07,passed
constrained,2022-01-20,13014780.948655123,-57663.162288646556,20938.24163933741,-78601.40392798396,11602863.182240691,11660526.344529336,12957117.786366476,0.0,0.0,713.0996081661433,0.0,0,0,0,0,0.0,0.0,12117.381028132513,0.0,2356.3509014025813,11893736.871419923,0.0,11893736.871419923,1121044.0772351995,0.0,0.0,False,False,0.0,1.1920928955078125e-07,passed
unhedged,2022-01-21,1200008.2345690653,11651155.006945563,44297.156497717995,11606857.850447845,11651155.006945563,0.0,12851163.241514629,0.0,0.0,65.75027311244048,0.0,0,0,0,0,0.0,0.0,1182.953885790892,0.0,1174.7193167256753,0.0,0.0,0.0,1200008.2345690653,0.0,0.0,False,False,0.0,1.1920928955078125e-07,passed
duration,2022-01-21,9266762.902370457,3674785.9071146306,23200.420807847488,3651585.4863067833,11651155.006945563,7976369.099830933,12941548.809485087,0.0,0.0,507.7400088980794,0.0,0,0,0,0,0.0,0.0,9135.064967282116,0.0,1980.6801684828408,8135896.4818275515,0.0,8135896.4818275515,1130866.420542905,0.0,0.0,False,False,0.0,1.1920928955078125e-07,passed
unweighted,2022-01-21,11960559.297358606,989209.8225926321,22585.620770749378,966624.2018218827,11651155.006945563,10661945.18435293,12949769.119951239,0.0,0.0,655.3372032977641,0.0,0,0,0,0,0.0,0.0,11790.577505597845,0.0,2249.8211708280587,10875184.088039989,0.0,10875184.088039989,1085375.2093186174,0.0,0.0,False,False,0.0,1.1920928955078125e-07,passed
constrained,2022-01-21,13015494.087337244,-57642.26624134379,20898.464844533908,-78540.73108587769,11656742.27877738,11714384.545018723,12957851.8210959,0.0,0.0,713.138682121411,0.0,0,0,0,0,0.0,0.0,12830.519710253924,0.0,2356.3509014025813,11948672.235919097,0.0,11948672.235919097,1066821.8514181469,0.0,0.0,False,False,0.0,1.1920928955078125e-07,passed
unhedged,2022-01-24,1200205.5070057195,11651563.980228504,45343.65241412443,11606220.32781438,11651563.980228504,0.0,12851769.487234224,0.0,0.0,197.2724366541952,0.0,0,0,0,0,0.0,0.0,1380.2263224450871,0.0,1174.7193167256753,0.0,0.0,0.0,1200205.5070057195,0.0,0.0,False,False,0.0,1.1920928955078125e-07,passed
duration,2022-01-24,9268286.289331468,3683089.7713177954,23302.286767991063,3659787.484549804,11651563.980228504,7968474.208910708,12951376.060649263,0.0,0.0,1523.386961011216,0.0,0,0,0,0,0.0,0.0,10658.451928293332,0.0,1980.6801684828408,8127843.693088923,0.0,8127843.693088923,1140442.5962425452,0.0,0.0,False,False,0.0,1.1920928955078125e-07,passed
unweighted,2022-01-24,11962525.524429694,989600.173294643,22556.311124370342,967043.8621702727,11651563.980228504,10661963.806933861,12952125.697724337,0.0,0.0,1966.2270710878074,0.0,0,0,0,0,0.0,0.0,13756.804576685652,0.0,2249.8211708280587,10875203.08307254,0.0,10875203.08307254,1087322.4413571544,0.0,0.0,False,False,0.0,1.1920928955078125e-07,passed
constrained,2022-01-24,13017633.737848718,-57794.76544813241,20779.134460123383,-78573.8999082558,11657110.649024462,11714905.414472595,12959838.972400585,0.0,0.0,2139.6505114734173,0.0,0,0,0,0,0.0,0.0,14970.170221727341,0.0,2356.3509014025813,11949203.522762047,0.0,11949203.522762047,1068430.2150866706,0.0,0.0,False,False,0.0,1.1920928955078125e-07,passed
unhedged,2022-01-25,1200271.271691035,11631674.86691433,45692.4843862599,11585982.38252807,11631674.86691433,0.0,12831946.138605366,0.0,0.0,65.76468531554565,0.0,0,0,0,0,0.0,0.0,1445.9910077606328,0.0,1174.7193167256753,0.0,0.0,0.0,1200271.271691035,0.0,0.0,False,False,0.0,1.1920928955078125e-07,passed
duration,2022-01-25,9268794.140634993,3680629.8764477214,23336.242088038915,3657293.6343596824,11631674.86691433,7951044.990466609,12949424.017082714,0.0,0.0,507.85130352526903,0.0,0,0,0,0,0.0,0.0,11166.303231818601,0.0,1980.6801684828408,8110065.890275941,0.0,8110065.890275941,1158728.2503590519,0.0,0.0,False,False,0.0,1.1920928955078125e-07,passed
unweighted,2022-01-25,11963181.00528035,988199.3490226258,22546.54124224399,965652.8077803819,11631674.86691433,10643475.517891705,12951380.354302974,0.0,0.0,655.4808506555855,0.0,0,0,0,0,0.0,0.0,14412.285427341238,0.0,2249.8211708280587,10856345.02824954,0.0,10856345.02824954,1106835.97703081,0.0,0.0,False,False,0.0,1.1920928955078125e-07,passed
constrained,2022-01-25,13018347.03284805,-57734.33351141281,20739.357665319865,-78473.69117673268,11637193.713797433,11694928.047308845,12960612.699336639,0.0,0.0,713.2949993330985,0.0,0,0,0,0,0.0,0.0,15683.46522106044,0.0,2356.3509014025813,11928826.608255023,0.0,11928826.608255023,1089520.4245930277,0.0,0.0,False,False,0.0,1.1920928955078125e-07,passed
unhedged,2022-01-26,1200337.039979895,11577668.9582815,46041.31635839539,11531627.641923105,11577668.9582815,0.0,12778005.998261396,0.0,0.0,65.76828886009753,0.0,0,0,0,0,0.0,0.0,1511.7592966207303,0.0,1174.7193167256753,0.0,0.0,0.0,1200337.039979895,0.0,0.0,False,False,0.0,1.1920928955078125e-07,passed
duration,2022-01-26,9269302.019765988,3671757.304274114,23370.197408086773,3648387.106866027,11577668.9582815,7905911.6540073855,12941059.324040102,0.0,0.0,507.87913099490106,0.0,0,0,0,0,0.0,0.0,11674.182362813503,0.0,1980.6801684828408,8064029.887087533,0.0,8064029.887087533,1205272.1326784547,0.0,0.0,False,False,0.0,1.1920928955078125e-07,passed
unweighted,2022-01-26,11963836.522047764,984290.9828530531,22536.771360117647,961754.2114929355,11577668.9582815,10593377.975428447,12948127.504900817,0.0,0.0,655.5167674142867,0.0,0,0,0,0,0.0,0.0,15067.802194755524,0.0,2249.8211708280587,10805245.534937017,0.0,10805245.534937017,1158590.987110747,0.0,0.0,False,False,0.0,1.1920928955078125e-07,passed
constrained,2022-01-26,13019060.366932046,-57540.81362955084,20699.58087051636,-78240.3945000672,11583139.05914133,11640679.872770881,12961519.553302495,0.0,0.0,713.3340839948505,0.0,0,0,0,0,0.0,0.0,16396.79930505529,0.0,2356.3509014025813,11873493.470226299,0.0,11873493.470226299,1145566.8967057467,0.0,0.0,False,False,0.0,1.1920928955078125e-07,passed
unhedged,2022-01-27,1200402.8118724967,11599205.835901655,46390.14833053087,11552815.687571125,11599205.835901655,0.0,12799608.647774152,0.0,0.0,65.77189260162413,0.0,0,0,0,0,0.0,0.0,1577.5311892223544,0.0,1174.7193167256753,0.0,0.0,0.0,1200402.8118724967,0.0,0.0,False,False,0.0,1.1920928955078125e-07,passed
duration,2022-01-27,9269809.926725976,3659078.8353020754,23404.152728134643,3635674.6825739406,11599205.835901655,7940127.000599579,12928888.762028052,0.0,0.0,507.9069599881768,0.0,0,0,0,0,0.0,0.0,12182.08932280168,0.0,1980.6801684828408,8098929.540611571,0.0,8098929.540611571,1170880.3861144055,0.0,0.0,False,False,0.0,1.1920928955078125e-07,passed
unweighted,2022-01-27,11964492.074733904,985293.5492690363,22527.001477991314,962766.5477910449,11599205.835901655,10613912.286632618,12949785.62400294,0.0,0.0,655.5526861399412,0.0,0,0,0,0,0.0,0.0,15723.354880895466,0.0,2249.8211708280587,10826190.53236527,0.0,10826190.53236527,1138301.5423686337,0.0,0.0,False,False,0.0,1.1920928955078125e-07,passed
constrained,2022-01-27,13019773.740102837,-57088.009204385555,20659.804075712862,-77747.81328009842,11604759.315560613,11661847.324764999,12962685.730898451,0.0,0.0,713.3731707911938,0.0,0,0,0,0,0.0,0.0,17110.172475846484,0.0,2356.3509014025813,11895084.271260299,0.0,11895084.271260299,1124689.468842538,0.0,0.0,False,False,0.0,1.1920928955078125e-07,passed
unhedged,2022-01-28,1200468.5873690378,11627690.91851965,46738.98030266635,11580951.938216982,11627690.91851965,0.0,12828159.505888687,0.0,0.0,65.77549654105678,0.0,0,0,0,0,0.0,0.0,1643.3066857634112,0.0,1174.7193167256753,0.0,0.0,0.0,1200468.5873690378,0.0,0.0,False,False,0.0,1.1920928955078125e-07,passed
duration,2022-01-28,9270317.861516483,3660822.4876139206,23438.1080481825,3637384.379565738,11627690.91851965,7966868.430905729,12931140.349130403,0.0,0.0,507.93479050695896,0.0,0,0,0,0,0.0,0.0,12690.024113308638,0.0,1980.6801684828408,8126205.799523843,0.0,8126205.799523843,1144112.0619926397,0.0,0.0,False,False,0.0,1.1920928955078125e-07,passed
unweighted,2022-01-28,11965147.66334074,987344.8826488897,22517.23159586497,964827.6510530247,11627690.91851965,10640346.035870759,12952492.545989629,0.0,0.0,655.5886068362743,0.0,0,0,0,0,0.0,0.0,16378.94348773174,0.0,2249.8211708280587,10853152.956588173,0.0,10853152.956588173,1111994.7067525666,0.0,0.0,False,False,0.0,1.1920928955078125e-07,passed
constrained,2022-01-28,13020487.15236257,-56966.19584953306,20620.027280909355,-77586.22313044242,11633267.83800502,11690234.033854553,12963520.956513038,0.0,0.0,713.4122597333044,0.0,0,0,0,0,0.0,0.0,17823.58473557979,0.0,2356.3509014025813,11924038.714531645,0.0,11924038.714531645,1096448.437830925,0.0,0.0,False,False,0.0,1.1920928955078125e-07,passed
unhedged,2022-01-31,1200665.9354842715,11617999.393362077,47785.476219072785,11570213.917143004,11617999.393362077,0.0,12818665.328846348,0.0,0.0,197.34811523370445,0.0,0,0,0,0,0.0,0.0,1840.6548009971157,0.0,1174.7193167256753,0.0,0.0,0.0,1200665.9354842715,0.0,0.0,False,False,0.0,1.1920928955078125e-07,passed
duration,2022-01-31,9271841.83288636,3664489.5114892744,23539.97400832608,3640949.5374809485,11617999.393362077,7953509.881872802,12936331.344375635,0.0,0.0,1523.9713698774576,0.0,0,0,0,0,0.0,0.0,14213.995483186096,0.0,1980.6801684828408,8112580.0795102585,0.0,8112580.0795102585,1159261.753376102,0.0,0.0,False,False,0.0,1.1920928955078125e-07,passed
unweighted,2022-01-31,11967114.644705098,986990.4218015627,22487.921949485935,964502.4998520768,11617999.393362077,10631008.971560514,12954105.066506661,0.0,0.0,1966.9813643582165,0.0,0,0,0,0,0.0,0.0,18345.924852089956,0.0,2249.8211708280587,10843629.150991725,0.0,10843629.150991725,1123485.4937133733,0.0,0.0,False,False,0.0,1.1920928955078125e-07,passed
constrained,2022-01-31,13022627.62369683,-56865.38028125915,20500.696896498826,-77366.07717775798,11623533.723590015,11680399.103871275,12965762.243415572,0.0,0.0,2140.471334259957,0.0,0,0,0,0,0.0,0.0,19964.056069839746,0.0,2356.3509014025813,11914007.0859487,0.0,11914007.0859487,1108620.53774813,0.0,0.0,False,False,0.0,1.1920928955078125e-07,passed
unhedged,2022-02-01,1200731.7253985447,11610840.685264664,48134.30819120826,11562706.377073456,11610840.685264664,0.0,12811572.410663208,0.0,0.0,65.78991427319124,0.0,0.0,-0.0,0.0,0,0.0,0.0,1906.444715270307,0.0,1174.7193167256753,0.0,0.0,0.0,1200731.7253985447,0.0,0.0,False,False,0.0,1.1920928955078125e-07,passed
duration,2022-02-01,9270116.637653306,3667002.127306494,23580.83132630006,3643421.2959801937,11610840.685264664,7943838.557958171,12937118.764959801,0.0,0.0,508.0461278297007,0.0,0.22330180590777446,-2233.0180590777445,2233.0180590777445,0,0.0,0.0,14722.041611015797,0.0,1980.9034702887486,8102715.329117334,0.0,8102715.329117334,1167401.3085359717,0.0,0.0,False,False,-5.075184994485227e-10,1.1920928955078125e-07,passed
unweighted,2022-02-01,11980623.591773786,973668.6101374361,22455.673603353982,951212.936534082,11610840.685264664,10637172.07512723,12954292.201911222,0.0,0.0,655.7323093004525,0.0,1.4658031828637312,12854.680562569954,14658.031828637311,0,0.0,0.0,19001.65716139041,0.0,2251.286974010922,10849915.516629774,0.0,10849915.516629774,1130708.0751440115,0.0,0.0,False,False,-1.478572819735291e-11,1.1920928955078125e-07,passed
constrained,2022-02-01,13012986.225457868,-46553.11594005815,20455.903524788162,-67009.01946484632,11616810.47568028,11663363.591620337,12966433.109517809,0.0,0.0,713.5686369165778,0.0,3.258775788249496,-10351.708100092004,32587.757882494956,0,0.0,0.0,20677.624706756324,0.0,2359.6096771908306,11896630.863452744,0.0,11896630.863452744,1116355.3620051239,0.0,0.0,False,False,1.1598064730833357e-09,1.1920928955078125e-07,passed
unhedged,2022-02-02,1200797.5189177447,11630328.020803444,48483.140163343734,11581844.8806401,11630328.020803444,0.0,12831125.539721189,0.0,0.0,65.79351920005865,0.0,0,0,0,0,0.0,0.0,1972.2382344703656,0.0,1174.7193167256753,0.0,0.0,0.0,1200797.5189177447,0.0,0.0,False,False,0.0,1.1920928955078125e-07,passed
duration,2022-02-02,9270624.58924989,3665729.1963211275,23614.875133500816,3642114.3211876266,11630328.020803444,7964598.824482317,12936353.785571018,0.0,0.0,507.95159658417106,0.0,0,0,0,0,0.0,0.0,15229.993207599968,0.0,1980.9034702887486,8123890.800971963,0.0,8123890.800971963,1146733.7882779269,0.0,0.0,False,False,0.0,1.1920928955078125e-07,passed
unweighted,2022-02-02,11981280.064299364,975012.823727617,22445.587092656053,952567.236634961,11630328.020803444,10655315.197075827,12956292.88802698,0.0,0.0,656.4725255779922,0.0,0,0,0,0,0.0,0.0,19658.1296869684,0.0,2251.286974010922,10868421.501017343,0.0,10868421.501017343,1112858.5632820204,0.0,0.0,False,False,0.0,1.1920928955078125e-07,passed
constrained,2022-02-02,13013699.26579899,-46400.77160017674,20416.079476574952,-66816.85107675169,11636306.081299305,11682706.85289948,12967298.494198812,0.0,0.0,713.0403411220759,0.0,0,0,0,0,0.0,0.0,21390.6650478784,0.0,2359.6096771908306,11916360.98995747,0.0,11916360.98995747,1097338.2758415192,0.0,0.0,False,False,0.0,1.1920928955078125e-07,passed
unhedged,2022-02-03,1200863.316042069,11599846.988258999,48831.97213547922,11551015.01612352,11599846.988258999,0.0,12800710.304301068,0.0,0.0,65.79712432436645,0.0,0,0,0,0,0.0,0.0,2038.035358794732,0.0,1174.7193167256753,0.0,0.0,0.0,1200863.316042069,0.0,0.0,False,False,0.0,1.1920928955078125e-07,passed
duration,2022-02-03,9271132.568679439,3665772.931029449,23648.918940701573,3642124.0120887477,11599846.988258999,7934074.057229551,12936905.499708887,0.0,0.0,507.9794295486063,0.0,0,0,0,0,0.0,0.0,15737.972637148574,0.0,1980.9034702887486,8092755.538374142,0.0,8092755.538374142,1178377.030305297,0.0,0.0,False,False,0.0,1.1920928955078125e-07,passed
unweighted,2022-02-03,11981936.572796037,972918.3872609576,22435.500581958127,950482.8866789995,11599846.988258999,10626928.600998042,12954854.960056994,0.0,0.0,656.5084966737777,0.0,0,0,0,0,0.0,0.0,20314.63818364218,0.0,2251.286974010922,10839467.173018003,0.0,10839467.173018003,1142469.3997780345,0.0,0.0,False,False,0.0,1.1920928955078125e-07,passed
constrained,2022-02-03,13014412.345210815,-46527.95808945881,20376.255428361746,-66904.21351782055,11605789.987018233,11652317.945107691,12967884.387121355,0.0,0.0,713.0794118251652,0.0,0,0,0,0,0.0,0.0,22103.744459703565,0.0,2359.6096771908306,11885364.304009845,0.0,11885364.304009845,1129048.0412009694,0.0,0.0,False,False,0.0,1.1920928955078125e-07,passed
unhedged,2022-02-04,1200929.1167717152,11521004.28373156,49180.804107614706,11471823.479623945,11521004.28373156,0.0,12721933.400503274,0.0,0.0,65.80072964611463,0.0,0,0,0,0,0.0,0.0,2103.8360884408467,0.0,1174.7193167256753,0.0,0.0,0.0,1200929.1167717152,0.0,0.0,False,False,0.0,1.1920928955078125e-07,passed
duration,2022-02-04,9271640.575943477,3660952.7855188176,23682.962747902344,3637269.8227709155,11521004.28373156,7860051.498212742,12932593.361462295,0.0,0.0,508.0072640385479,0.0,0,0,0,0,0.0,0.0,16245.979901187122,0.0,1980.9034702887486,8017252.528176997,0.0,8017252.528176997,1254388.0477664806,0.0,0.0,False,False,0.0,1.1920928955078125e-07,passed
unweighted,2022-02-04,11982593.117265781,967467.2079177935,22425.41407126021,945041.7938465333,11521004.28373156,10553537.075813767,12950060.325183574,0.0,0.0,656.544469743967,0.0,0,0,0,0,0.0,0.0,20971.182653386146,0.0,2251.286974010922,10764607.817330042,0.0,10764607.817330042,1217985.2999357395,0.0,0.0,False,False,0.0,1.1920928955078125e-07,passed
constrained,2022-02-04,13015125.463695485,-46540.42017634851,20336.43138014855,-66876.85155649706,11526831.463852812,11573371.884029161,12968585.043519137,0.0,0.0,713.1184846702963,0.0,0,0,0,0,0.0,0.0,22816.86294437386,0.0,2359.6096771908306,11804839.321709745,0.0,11804839.321709745,1210286.1419857405,0.0,0.0,False,False,0.0,1.1920928955078125e-07,passed
unhedged,2022-02-07,1201126.5405945608,11533079.47315234,50227.30002402114,11482852.173128318,11533079.47315234,0.0,12734206.0137469,0.0,0.0,197.42382284556516,0.0,0,0,0,0,0.0,0.0,2301.259911286412,0.0,1174.7193167256753,0.0,0.0,0.0,1201126.5405945608,0.0,0.0,False,False,0.0,1.1920928955078125e-07,passed
duration,2022-02-07,9273164.764757778,3662213.729180876,23785.094169504613,3638428.6350113717,11533079.47315234,7870865.743971464,12935378.493938655,0.0,0.0,1524.1888143010437,0.0,0,0,0,0,0.0,0.0,17770.168715488166,0.0,1980.9034702887486,8028283.058850894,0.0,8028283.058850894,1244881.7059068847,0.0,0.0,False,False,0.0,1.1920928955078125e-07,passed
unweighted,2022-02-07,11984562.966533132,968427.7679587081,22395.15453916643,946032.6134195416,11533079.47315234,10564651.705193631,12952990.73449184,0.0,0.0,1969.8492673505098,0.0,0,0,0,0,0.0,0.0,22941.031920736656,0.0,2251.286974010922,10775944.739297504,0.0,10775944.739297504,1208618.2272356283,0.0,0.0,False,False,0.0,1.1920928955078125e-07,passed
constrained,2022-02-07,13017265.053607972,-46422.10587515521,20216.959235508933,-66639.06511066415,11538926.89828767,11585349.004162826,12970842.947732817,0.0,0.0,2139.589912487194,0.0,0,0,0,0,0.0,0.0,24956.452856861055,0.0,2359.6096771908306,11817055.984246083,0.0,11817055.984246083,1200209.0693618897,0.0,0.0,False,False,0.0,1.1920928955078125e-07,passed
unhedged,2022-02-08,1201192.3557474704,11503266.622598343,50576.13199615662,11452690.490602186,11503266.622598343,0.0,12704458.978345813,0.0,0.0,65.8151529096067,0.0,0,0,0,0,0.0,0.0,2367.0750641960185,0.0,1174.7193167256753,0.0,0.0,0.0,1201192.3557474704,0.0,0.0,False,False,0.0,1.1920928955078125e-07,passed
duration,2022-02-08,9273672.883375028,3660730.501770585,23819.137976705373,3636911.3637938793,11503266.622598343,7842536.120827757,12934403.385145612,0.0,0.0,508.11861724965274,0.0,0,0,0,0,0.0,0.0,18278.28733273782,0.0,1980.9034702887486,7999386.843244312,0.0,7999386.843244312,1274286.0401307158,0.0,0.0,False,False,0.0,1.1920928955078125e-07,passed
unweighted,2022-02-08,11985219.654914862,966435.9472016873,22385.068028468504,944050.8791732187,11503266.622598343,10536830.675396655,12951655.60211655,0.0,0.0,656.6883817296475,0.0,0,0,0,0,0.0,0.0,23597.720302466303,0.0,2251.286974010922,10747567.288904589,0.0,10747567.288904589,1237652.3660102729,0.0,0.0,False,False,0.0,1.1920928955078125e-07,passed
constrained,2022-02-08,13017978.328405432,-46369.88687783819,20177.135187295735,-66547.02206513392,11509074.076469097,11555443.963346936,12971608.441527594,0.0,0.0,713.2747974600643,0.0,0,0,0,0,0.0,0.0,25669.72765432112,0.0,2359.6096771908306,11786552.842613874,0.0,11786552.842613874,1231425.4857915584,0.0,0.0,False,False,0.0,1.1920928955078125e-07,passed
unhedged,2022-02-09,1201258.1745066894,11506377.649812724,50924.9639682921,11455452.685844433,11506377.649812724,0.0,12707635.824319415,0.0,0.0,65.81875921902247,0.0,0,0,0,0,0.0,0.0,2432.893823415041,0.0,1174.7193167256753,0.0,0.0,0.0,1201258.1745066894,0.0,0.0,False,False,0.0,1.1920928955078125e-07,passed
duration,2022-02-09,9274181.029834392,3656582.579095301,23853.181783906137,3632729.397311395,11506377.649812724,7849795.070717424,12930763.608929694,0.0,0.0,508.14645936340094,0.0,0,0,0,0,0.0,0.0,18786.43379210122,0.0,1980.9034702887486,8006790.972131773,0.0,8006790.972131773,1267390.0577026187,0.0,0.0,False,False,0.0,1.1920928955078125e-07,passed
unweighted,2022-02-09,11985876.379279515,966648.5670805513,22374.981517770582,944273.5855627807,11506377.649812724,10539729.082732175,12952524.946360067,0.0,0.0,656.7243646532297,0.0,0,0,0,0,0.0,0.0,24254.444667119533,0.0,2251.286974010922,10750523.664386818,0.0,10750523.664386818,1235352.7148926966,0.0,0.0,False,False,0.0,1.1920928955078125e-07,passed
constrained,2022-02-09,13018691.642286442,-46093.446488098445,20137.311139082532,-66230.75762718098,11512171.79015791,11558265.236646008,12972598.195798343,0.0,0.0,713.3138810098171,0.0,0,0,0,0,0.0,0.0,26383.041535330936,0.0,2359.6096771908306,11789430.541378928,0.0,11789430.541378928,1229261.1009075139,0.0,0.0,False,False,0.0,1.1920928955078125e-07,passed
unhedged,2022-02-10,1201323.996872416,11427504.963881,51273.79594042757,11376231.167940574,11427504.963881,0.0,12628828.960753417,0.0,0.0,65.82236572657712,0.0,0,0,0,0,0.0,0.0,2498.716189141618,0.0,1174.7193167256753,0.0,0.0,0.0,1201323.996872416,0.0,0.0,False,False,0.0,1.1920928955078125e-07,passed
duration,2022-02-10,9274689.204137394,3638317.1920844363,23887.225591106886,3614429.9664933295,11427504.963881,7789187.771796564,12913006.396221831,0.0,0.0,508.1743030026555,0.0,0,0,0,0,0.0,0.0,19294.608095103875,0.0,1980.9034702887486,7944971.527232495,0.0,7944971.527232495,1329717.676904899,0.0,0.0,False,False,0.0,1.1920928955078125e-07,passed
unweighted,2022-02-10,11986533.139629064,960918.553687436,22364.89500707265,938553.6586803634,11427504.963881,10466586.410193564,12947451.6933165,0.0,0.0,656.7603495493531,0.0,0,0,0,0,0.0,0.0,24911.205016668886,0.0,2251.286974010922,10675918.138397437,0.0,10675918.138397437,1310615.0012316275,0.0,0.0,False,False,0.0,1.1920928955078125e-07,passed
constrained,2022-02-10,13019404.995253142,-45444.33270227808,20097.48709086932,-65541.8197931474,11433229.773534283,11478674.10623656,12973960.662550865,0.0,0.0,713.3529666997492,0.0,0,0,0,0,0.0,0.0,27096.394502030686,0.0,2359.6096771908306,11708247.588361291,0.0,11708247.588361291,1311157.4068918508,0.0,0.0,False,False,0.0,1.1920928955078125e-07,passed
unhedged,2022-02-11,1201389.8228448476,11500559.714832872,51622.62791256305,11448937.08692031,11500559.714832872,0.0,12701949.53767772,0.0,0.0,65.82597243157215,0.0,0,0,0,0,0.0,0.0,2564.5421615731902,0.0,1174.7193167256753,0.0,0.0,0.0,1201389.8228448476,0.0,0.0,False,False,0.0,1.1920928955078125e-07,passed
duration,2022-02-11,9275197.40628557,3641745.945128099,23921.269398307646,3617824.6757297916,11500559.714832872,7858813.769704773,12916943.351413667,0.0,0.0,508.20214817486703,0.0,0,0,0,0,0.0,0.0,19802.810243278742,0.0,1980.9034702887486,8015990.045098869,0.0,8015990.045098869,1259207.3611867,0.0,0.0,False,False,0.0,1.1920928955078125e-07,passed
unweighted,2022-02-11,11987189.935965484,966105.1976656372,22354.808496374724,943750.3891692625,11500559.714832872,10534454.517167235,12953295.133631121,0.0,0.0,656.7963364198804,0.0,0,0,0,0,0.0,0.0,25568.001353088766,0.0,2251.286974010922,10745143.60751058,0.0,10745143.60751058,1242046.3284549043,0.0,0.0,False,False,0.0,1.1920928955078125e-07,passed
constrained,2022-02-11,13020118.387307677,-45182.8662611638,20057.663042656117,-65240.529303819916,11506347.300550653,11551530.166811816,12974935.521046514,0.0,0.0,713.3920545354486,0.0,0,0,0,0,0.0,0.0,27809.786556566134,0.0,2359.6096771908306,11782560.770148054,0.0,11782560.770148054,1237557.6171596237,0.0,0.0,False,False,0.0,1.1920928955078125e-07,passed
unhedged,2022-02-14,1201587.3224043478,11455881.015231833,52669.12382896949,11403211.891402863,11455881.015231833,0.0,12657468.33763618,0.0,0.0,197.4995595002547,0.0,0,0,0,0,0.0,0.0,2762.041721073445,0.0,1174.7193167256753,0.0,0.0,0.0,1201587.3224043478,0.0,0.0,False,False,0.0,1.1920928955078125e-07,passed
duration,2022-02-14,9276722.179816347,3640318.3117305376,24023.400819909923,3616294.910910628,11455881.015231833,7815562.703501294,12917040.491546884,0.0,0.0,1524.7735307775438,0.0,0,0,0,0,0.0,0.0,21327.583774056286,0.0,1980.9034702887486,7971873.95757132,0.0,7971873.95757132,1304848.2222450264,0.0,0.0,False,False,0.0,1.1920928955078125e-07,passed
unweighted,2022-02-14,11989160.54091567,963173.4054373307,22324.548964280944,940848.8564730497,11455881.015231833,10492707.609794501,12952333.946353,0.0,0.0,1970.6049501858652,0.0,0,0,0,0,0.0,0.0,27538.60630327463,0.0,2251.286974010922,10702561.76199039,0.0,10702561.76199039,1286598.7789252792,0.0,0.0,False,False,0.0,1.1920928955078125e-07,passed
constrained,2022-02-14,13022258.798019705,-45055.31991142832,19938.190898016503,-64993.51080944482,11461618.579527462,11506673.89943889,12977203.478108278,0.0,0.0,2140.4107120279223,0.0,0,0,0,0,0.0,0.0,29950.197268594056,0.0,2359.6096771908306,11736807.377427667,0.0,11736807.377427667,1285451.420592038,0.0,0.0,False,False,0.0,1.1920928955078125e-07,passed
unhedged,2022-02-15,1239153.1628055754,11384502.013812538,15517.95580110497,11368984.058011433,11384502.013812538,0.0,12623655.176618114,37500.0,0.0,65.84040122758597,0.0,0,0,0,0,37500.0,0.0,2827.882122301031,0.0,1174.7193167256753,0.0,0.0,0.0,1239153.1628055754,0.0,0.0,False,False,0.0,1.1920928955078125e-07,passed
duration,2022-02-15,9314730.493360449,3611315.3707828447,-13442.555372889321,3624757.926155734,11384502.013812538,7773186.643029693,12926045.864143293,37500.0,0.0,508.3135441020131,0.0,0,0,0,0,37500.0,0.0,21835.8973181583,0.0,1980.9034702887486,7928650.375890287,0.0,7928650.375890287,1386080.117470162,0.0,0.0,False,False,0.0,1.1920928955078125e-07,passed
unweighted,2022-02-15,12027317.481219284,923829.0074245878,-15185.537546416976,939014.5449710048,11384502.013812538,10460673.006387949,12951146.488643872,37500.0,0.0,656.9403036143631,0.0,0,0,0,0,37500.0,0.0,28195.546606888995,0.0,2251.286974010922,10669886.466515709,0.0,10669886.466515709,1357431.0147035755,0.0,0.0,False,False,0.0,1.1920928955078125e-07,passed
constrained,2022-02-15,13060472.346446997,-82731.6990630842,-17601.6331501967,-65130.065912887505,11390148.190229138,11472879.889292223,12977740.647383912,37500.0,0.0,713.5484272912145,0.0,0,0,0,0,37500.0,0.0,30663.74569588527,0.0,2359.6096771908306,11702337.487078069,0.0,11702337.487078069,1358134.8593689278,0.0,0.0,False,False,0.0,1.1920928955078125e-07,passed
unhedged,2022-02-16,1239221.061609017,11404301.638135836,15870.165745856355,11388431.47238998,11404301.638135836,0.0,12643522.699744852,0.0,0.0,67.89880344155245,0.0,0,0,0,0,37500.0,0.0,2895.7809257425833,0.0,1174.7193167256753,0.0,0.0,0.0,1239221.061609017,0.0,0.0,False,False,0.0,1.1920928955078125e-07,passed
duration,2022-02-16,9315240.889551867,3615975.2680029985,-13405.133593072655,3629380.401596071,11404301.638135836,7788326.370132837,12931216.157554865,0.0,0.0,510.39619141817093,0.0,0,0,0,0,37500.0,0.0,22346.29350957647,0.0,1980.9034702887486,7944092.8975354945,0.0,7944092.8975354945,1371147.9920163723,0.0,0.0,False,False,0.0,1.1920928955078125e-07,passed
unweighted,2022-02-16,12027976.512314146,925238.3627505389,-15192.246084498996,940430.6088350378,11404301.638135836,10479063.275385298,12953214.875064686,0.0,0.0,659.0310948621482,0.0,0,0,0,0,37500.0,0.0,28854.577701751143,0.0,2251.286974010922,10688644.540893003,0.0,10688644.540893003,1339331.971421143,0.0,0.0,False,False,0.0,1.1920928955078125e-07,passed
constrained,2022-02-16,13061187.98876735,-82924.79936481925,-17638.079225793997,-65286.72013902525,11409974.455898207,11492899.255263027,12978263.18940253,0.0,0.0,715.6423203535378,0.0,0,0,0,0,37500.0,0.0,31379.38801623881,0.0,2359.6096771908306,11722757.240368288,0.0,11722757.240368288,1338430.748399062,0.0,0.0,False,False,0.0,1.1920928955078125e-07,passed
unhedged,2022-02-17,1239288.9641329406,11444520.27714309,16222.375690607736,11428297.901452482,11444520.27714309,0.0,12683809.24127603,0.0,0.0,67.90252392366529,0.0,0,0,0,0,37500.0,0.0,2963.6834496662486,0.0,1174.7193167256753,0.0,0.0,0.0,1239288.9641329406,0.0,0.0,False,False,0.0,1.1920928955078125e-07,passed
duration,2022-02-17,9315751.313710198,3614841.075762863,-13367.711813255995,3628208.787576119,11444520.27714309,7829679.201380227,12930592.38947306,0.0,0.0,510.42415833100677,0.0,0,0,0,0,37500.0,0.0,22856.717667907476,0.0,1980.9034702887486,7986272.785407832,0.0,7986272.785407832,1329478.528302366,0.0,0.0,False,False,0.0,1.1920928955078125e-07,passed
unweighted,2022-02-17,12028635.5795203,928030.598147125,-15198.95462258102,943229.552769706,11444520.27714309,10516489.678995965,12956666.177667424,0.0,0.0,659.0672061536461,0.0,0,0,0,0,37500.0,0.0,29513.64490790479,0.0,2251.286974010922,10726819.472575884,0.0,10726819.472575884,1301816.1069444157,0.0,0.0,False,False,0.0,1.1920928955078125e-07,passed
constrained,2022-02-17,13061903.670300981,-82671.38694531357,-17674.5253013913,-64996.86164392227,11450226.027228078,11532897.414173393,12979232.283355668,0.0,0.0,715.6815336309373,0.0,0,0,0,0,37500.0,0.0,32095.069549869746,0.0,2359.6096771908306,11763555.36245686,0.0,11763555.36245686,1298348.307844121,0.0,0.0,False,False,0.0,1.1920928955078125e-07,passed
unhedged,2022-02-18,1239356.8703775508,11473175.28271339,16574.585635359115,11456600.697078032,11473175.28271339,0.0,12712532.153090943,0.0,0.0,67.90624461020343,0.0,0,0,0,0,37500.0,0.0,3031.589694276452,0.0,1174.7193167256753,0.0,0.0,0.0,1239356.8703775508,0.0,0.0,False,False,0.0,1.1920928955078125e-07,passed
duration,2022-02-18,9316261.765836978,3611128.6853455766,-13330.290033439338,3624458.975379016,11473175.28271339,7862046.597367814,12927390.451182555,0.0,0.0,510.45212678052485,0.0,0,0,0,0,37500.0,0.0,23367.169794688,0.0,1980.9034702887486,8019287.52931517,0.0,8019287.52931517,1296974.2365218084,0.0,0.0,False,False,0.0,1.1920928955078125e-07,passed
unweighted,2022-02-18,12029294.682839729,929763.5709976198,-15205.663160663047,944969.2341582829,11473175.28271339,10543411.71171577,12959058.253837349,0.0,0.0,659.1033194288611,0.0,0,0,0,0,37500.0,0.0,30172.74822733365,0.0,2251.286974010922,10754279.945950087,0.0,10754279.945950087,1275014.7368896417,0.0,0.0,False,False,0.0,1.1920928955078125e-07,passed
constrained,2022-02-18,13062619.39105004,-82549.40453690101,-17710.971376988608,-64838.433159912405,11478959.570863338,11561508.97540024,12980069.98651314,0.0,0.0,715.720749059692,0.0,0,0,0,0,37500.0,0.0,32810.79029892944,0.0,2359.6096771908306,11792739.154908244,0.0,11792739.154908244,1269880.2361417972,0.0,0.0,False,False,0.0,1.1920928955078125e-07,passed
unhedged,2022-02-22,1239628.5325669316,11462649.240609389,17983.425414364643,11444665.815195024,11462649.240609389,0.0,12702277.77317632,0.0,0.0,271.66218938073143,0.0,0,0,0,0,37500.0,0.0,3303.2518836571835,0.0,1174.7193167256753,0.0,0.0,0.0,1239628.5325669316,0.0,0.0,False,False,0.0,1.1920928955078125e-07,passed
duration,2022-02-22,9318303.854059217,3604012.3721865052,-13180.602914172692,3617192.975100678,11462649.240609389,7858636.868422883,12922316.226245724,0.0,0.0,2042.0882222391665,0.0,0,0,0,0,37500.0,0.0,25409.258016927168,0.0,1980.9034702887486,8015809.605791341,0.0,8015809.605791341,1302494.248267877,0.0,0.0,False,False,0.0,1.1920928955078125e-07,passed
unweighted,2022-02-22,12031931.45728973,928848.0557497231,-15232.497312991138,944080.5530627143,11462649.240609389,10533801.184859665,12960779.513039453,0.0,0.0,2636.7744500003755,0.0,0,0,0,0,37500.0,0.0,32809.522677334026,0.0,2251.286974010922,10744477.208556859,0.0,10744477.208556859,1287454.2487328704,0.0,0.0,False,False,0.0,1.1920928955078125e-07,passed
constrained,2022-02-22,13065482.66624352,-82320.37275560576,-17856.75567937781,-64463.61707622795,11468438.324781545,11550758.69753715,12983162.293487914,0.0,0.0,2863.275193478912,0.0,0,0,0,0,37500.0,0.0,35674.06549240835,0.0,2359.6096771908306,11781773.871487893,0.0,11781773.871487893,1283708.7947556265,0.0,0.0,False,False,0.0,1.1920928955078125e-07,passed
unhedged,2022-02-23,1239696.457418031,11431646.88856822,18335.63535911602,11413311.253209105,11431646.88856822,0.0,12671343.34598625,0.0,0.0,67.92485109949484,0.0,0,0,0,0,37500.0,0.0,3371.1767347566783,0.0,1174.7193167256753,0.0,0.0,0.0,1239696.457418031,0.0,0.0,False,False,0.0,1.1920928955078125e-07,passed
duration,2022-02-23,9318814.446051221,3605833.9218332563,-13143.181134356031,3618977.1029676124,11431646.88856822,7825812.966734965,12924648.367884478,0.0,0.0,510.5919920038432,0.0,0,0,0,0,37500.0,0.0,25919.85000893101,0.0,1980.9034702887486,7982329.226069665,0.0,7982329.226069665,1336485.2199815568,0.0,0.0,False,False,0.0,1.1920928955078125e-07,passed
unweighted,2022-02-23,12032590.741205199,926958.034009988,-15239.205851073164,942197.2398610611,11431646.88856822,10504688.854558233,12959548.775215186,0.0,0.0,659.2839154694229,0.0,0,0,0,0,37500.0,0.0,33468.80659280345,0.0,2251.286974010922,10714782.631649397,0.0,10714782.631649397,1317808.1095558014,0.0,0.0,False,False,0.0,1.1920928955078125e-07,passed
constrained,2022-02-23,13066198.583101945,-82300.73034450511,-17893.201754975118,-64407.52858952999,11437371.255646266,11519671.98599077,12983897.852757439,0.0,0.0,715.9168584253639,0.0,0,0,0,0,37500.0,0.0,36389.982350833714,0.0,2359.6096771908306,11750065.425710585,0.0,11750065.425710585,1316133.15739136,0.0,0.0,False,False,0.0,1.1920928955078125e-07,passed
unhedged,2022-02-24,1239764.3859910402,11454685.36620177,18687.845303867405,11435997.520897903,11454685.36620177,0.0,12694449.75219281,0.0,0.0,67.92857300909236,0.0,0,0,0,0,37500.0,0.0,3439.1053077657707,0.0,1174.7193167256753,0.0,0.0,0.0,1239764.3859910402,0.0,0.0,False,False,0.0,1.1920928955078125e-07,passed
duration,2022-02-24,9319325.066020867,3612519.1801898414,-13105.75935453937,3625624.9395443806,11454685.36620177,7842166.186011927,12931844.24621071,0.0,0.0,510.6199696455151,0.0,0,0,0,0,37500.0,0.0,26430.469978576526,0.0,1980.9034702887486,7999009.509732166,0.0,7999009.509732166,1320315.5562887006,0.0,0.0,False,False,0.0,1.1920928955078125e-07,passed
unweighted,2022-02-24,12033250.06124581,928939.4972165511,-15245.914389155185,944185.4116057063,11454685.36620177,10525745.868985217,12962189.55846236,0.0,0.0,659.3200406115502,0.0,0,0,0,0,37500.0,0.0,34128.126633415,0.0,2251.286974010922,10736260.786364922,0.0,10736260.786364922,1296989.274880888,0.0,0.0,False,False,0.0,1.1920928955078125e-07,passed
constrained,2022-02-24,13066914.539188689,-82196.51941418406,-17929.647830572412,-64266.871583611646,11460408.012437118,11542604.531851301,12984718.019774504,0.0,0.0,715.956086743623,0.0,0,0,0,0,37500.0,0.0,37105.93843757734,0.0,2359.6096771908306,11773456.622488327,0.0,11773456.622488327,1293457.9167003613,0.0,0.0,False,False,0.0,1.1920928955078125e-07,passed
unhedged,2022-02-25,1239832.3182861633,11441974.203064835,19040.055248618784,11422934.147816217,11441974.203064835,0.0,12681806.521350998,0.0,0.0,67.93229512311518,0.0,0,0,0,0,37500.0,0.0,3507.037602888886,0.0,1174.7193167256753,0.0,0.0,0.0,1239832.3182861633,0.0,0.0,False,False,0.0,1.1920928955078125e-07,passed
duration,2022-02-25,9319835.713969693,3609156.2827258003,-13068.337574722711,3622224.620300523,11441974.203064835,7832817.920339035,12928991.996695492,0.0,0.0,510.6479488257319,0.0,0,0,0,0,37500.0,0.0,26941.117927402258,0.0,1980.9034702887486,7989474.278745816,0.0,7989474.278745816,1330361.4352238765,0.0,0.0,False,False,0.0,1.1920928955078125e-07,passed
unweighted,2022-02-25,12033909.417413553,927907.2491823707,-15252.62292723721,943159.8721096079,11441974.203064835,10514066.953882465,12961816.666595925,0.0,0.0,659.3561677429825,0.0,0,0,0,0,37500.0,0.0,34787.48280115798,0.0,2251.286974010922,10724348.292960115,0.0,10724348.292960115,1309561.1244534384,0.0,0.0,False,False,0.0,1.1920928955078125e-07,passed
constrained,2022-02-25,13067630.534505907,-82214.65206564388,-17966.093906169717,-64248.55815947417,11447680.638383426,11529895.29044907,12985415.882440263,0.0,0.0,715.9953172188252,0.0,0,0,0,0,37500.0,0.0,37821.93375479616,0.0,2359.6096771908306,11760493.196258051,0.0,11760493.196258051,1307137.3382478561,0.0,0.0,False,False,0.0,1.1920928955078125e-07,passed
unhedged,2022-02-28,1240036.137506253,11549712.762191802,20096.68508287293,11529616.077108929,11549712.762191802,0.0,12789748.899698056,0.0,0.0,203.81922008981928,0.0,0,0,0,0,37500.0,0.0,3710.856822978705,0.0,1174.7193167256753,0.0,0.0,0.0,1240036.137506253,0.0,0.0,False,False,0.0,1.1920928955078125e-07,passed
duration,2022-02-28,9321367.825706553,3608500.0241702697,-12956.072235272724,3621456.0964055425,11549712.762191802,7941212.738021532,12929867.849876823,0.0,0.0,1532.1117368601263,0.0,0,0,0,0,37500.0,0.0,28473.229664262384,0.0,1980.9034702887486,8100036.992781963,0.0,8100036.992781963,1221330.8329245895,0.0,0.0,False,False,0.0,1.1920928955078125e-07,passed
unweighted,2022-02-28,12035887.702699322,934972.3686815529,-15272.748541483279,950245.1172230362,11549712.762191802,10614740.393510249,12970860.071380876,0.0,0.0,1978.2852857690305,0.0,0,0,0,0,37500.0,0.0,36765.76808692701,0.0,2251.286974010922,10827035.201380454,0.0,10827035.201380454,1208852.5013188682,0.0,0.0,False,False,0.0,1.1920928955078125e-07,passed
constrained,2022-02-28,13069778.755861877,-82159.26140889598,-18075.43213296162,-64083.82927593436,11555569.21320926,11637728.474618157,12987619.494452981,0.0,0.0,2148.2213559690863,0.0,0,0,0,0,37500.0,0.0,39970.15511076525,0.0,2359.6096771908306,11870483.04411052,0.0,11870483.04411052,1199295.7117513567,0.0,0.0,False,False,0.0,1.1920928955078125e-07,passed
unhedged,2022-03-01,1240104.08469187,11643761.620555233,20448.89502762431,11623312.725527609,11643761.620555233,0.0,12883865.705247104,0.0,0.0,67.94718561694026,0.0,0.0,-0.0,0.0,0,37500.0,0.0,3778.8040085956454,0.0,1174.7193167256753,0.0,0.0,0.0,1240104.08469187,0.0,0.0,False,False,0.0,1.1920928955078125e-07,passed
duration,2022-03-01,9283796.480997128,3651255.838149829,-12760.432910312094,3664016.271060141,11643761.620555233,7992505.782405403,12935052.319146957,0.0,0.0,510.7598808631301,0.0,3.807829676061131,-38078.29676061131,38078.29676061131,0,37500.0,0.0,28983.989545125514,0.0,1984.7112999648098,8152355.898053512,0.0,8152355.898053512,1131440.5829436164,0.0,0.0,False,False,-6.20885565183471e-11,1.1920928955078125e-07,passed
unweighted,2022-03-01,12055981.555859549,922396.1951878051,-15317.06311513318,937713.2583029383,11643761.620555233,10721365.425367428,12978377.751047354,0.0,0.0,659.50069604069,0.0,2.2084556107230293,19436.56091979677,22084.55610723029,0,37500.0,0.0,37425.2687829677,0.0,2253.495429621645,10935792.733874777,0.0,10935792.733874777,1120188.8219847716,0.0,0.0,False,False,-2.0810908551993634e-11,1.1920928955078125e-07,passed
constrained,2022-03-01,13078596.893885488,-89742.87022142507,-18106.170236022102,-71636.69998540296,11645176.428360732,11734919.298582157,12988854.023664063,0.0,0.0,716.1522605977952,0.0,3.3840184321502806,8105.369781446059,33840.184321502806,0,37500.0,0.0,40686.307371363044,0.0,2362.993695622981,11969617.6845538,0.0,11969617.6845538,1108979.2093316875,0.0,0.0,False,False,-5.461129326533865e-10,1.1920928955078125e-07,passed
unhedged,2022-03-02,1240172.0356006203,11528879.546611046,20801.10497237569,11508078.44163867,11528879.546611046,0.0,12769051.582211666,0.0,0.0,67.95090875029564,0.0,0,0,0,0,37500.0,0.0,3846.754917345941,0.0,1174.7193167256753,0.0,0.0,0.0,1240172.0356006203,0.0,0.0,False,False,0.0,1.1920928955078125e-07,passed
duration,2022-03-02,9284305.18217417,3644636.4908842416,-12721.518512145016,3657358.009396387,11528879.546611046,7884243.055726806,12928941.673058413,0.0,0.0,508.70117704197764,0.0,0,0,0,0,37500.0,0.0,29492.690722167492,0.0,1984.7112999648098,8041927.916841342,0.0,8041927.916841342,1242377.2653328283,0.0,0.0,False,False,0.0,1.1920928955078125e-07,passed
unweighted,2022-03-02,12056642.157588638,914591.0184910805,-15324.162387514745,929915.1808785952,11528879.546611046,10614288.528119966,12971233.176079718,0.0,0.0,660.6017290893942,0.0,0,0,0,0,37500.0,0.0,38085.870512057096,0.0,2253.495429621645,10826574.298682366,0.0,10826574.298682366,1230067.8589062728,0.0,0.0,False,False,0.0,1.1920928955078125e-07,passed
constrained,2022-03-02,13079313.529331729,-89764.30087027923,-18142.56810635643,-71621.7327639228,11530254.656323295,11620018.957193574,12989549.22846145,0.0,0.0,716.6354462411255,0.0,0,0,0,0,37500.0,0.0,41402.94281760417,0.0,2362.993695622981,11852419.336337445,0.0,11852419.336337445,1226894.1929942835,0.0,0.0,False,False,0.0,1.1920928955078125e-07,passed
unhedged,2022-03-03,1240239.990232708,11535216.295296038,21153.31491712707,11514062.98037891,11535216.295296038,0.0,12775456.285528746,0.0,0.0,67.95463208761066,0.0,0,0,0,0,37500.0,0.0,3914.7095494335517,0.0,1174.7193167256753,0.0,0.0,0.0,1240239.990232708,0.0,0.0,False,False,0.0,1.1920928955078125e-07,passed
duration,2022-03-03,9284813.911225248,3641710.295322216,-12682.60411397794,3654392.899436194,11535216.295296038,7893505.9999738205,12926524.206547465,0.0,0.0,508.7290510777384,0.0,0,0,0,0,37500.0,0.0,30001.41977324523,0.0,1984.7112999648098,8051376.119973297,0.0,8051376.119973297,1233437.791251951,0.0,0.0,False,False,0.0,1.1920928955078125e-07,passed
unweighted,2022-03-03,12057302.79551508,915214.9141930215,-15331.261659896312,930546.1758529178,11535216.295296038,10620001.381103015,12972517.709708102,0.0,0.0,660.6379264425486,0.0,0,0,0,0,37500.0,0.0,38746.508438499644,0.0,2253.495429621645,10832401.408725075,0.0,10832401.408725075,1224901.3867900055,0.0,0.0,False,False,0.0,1.1920928955078125e-07,passed
constrained,2022-03-03,13080030.204045665,-89293.14069127128,-18178.965976690757,-71114.17471458053,11536589.420547059,11625882.56123833,12990737.063354393,0.0,0.0,716.674713935703,0.0,0,0,0,0,37500.0,0.0,42119.61753153987,0.0,2362.993695622981,11858400.212463096,0.0,11858400.212463096,1221629.9915825687,0.0,0.0,False,False,0.0,1.1920928955078125e-07,passed
unhedged,2022-03-04,1240307.9485883373,11620368.813032338,21505.524861878454,11598863.28817046,11620368.813032338,0.0,12860676.761620676,0.0,0.0,67.95835562935099,0.0,0,0,0,0,37500.0,0.0,3982.6679050629027,0.0,1174.7193167256753,0.0,0.0,0.0,1240307.9485883373,0.0,0.0,False,False,0.0,1.1920928955078125e-07,passed
duration,2022-03-04,9285322.668151893,3631890.355195973,-12643.689715810862,3644534.044911784,11620368.813032338,7988478.457836364,12917213.023347866,0.0,0.0,508.7569266445935,0.0,0,0,0,0,37500.0,0.0,30510.176699889824,0.0,1984.7112999648098,8148248.026993092,0.0,8148248.026993092,1137074.6411588006,0.0,0.0,False,False,0.0,1.1920928955078125e-07,passed
unweighted,2022-03-04,12057963.469640864,920766.7481258685,-15338.360932277881,936105.1090581464,11620368.813032338,10699602.064906469,12978730.217766732,0.0,0.0,660.6741257831454,0.0,0,0,0,0,37500.0,0.0,39407.18256428279,0.0,2253.495429621645,10913594.106204597,0.0,10913594.106204597,1144369.3634362668,0.0,0.0,False,False,0.0,1.1920928955078125e-07,passed
constrained,2022-03-04,13080746.91802945,-88513.32863108111,-18215.363847025084,-70297.96478405602,11621766.18119697,11710279.509828052,12992233.58939837,0.0,0.0,716.713983785361,0.0,0,0,0,0,37500.0,0.0,42836.33151532523,0.0,2362.993695622981,11944485.100024613,0.0,11944485.100024613,1136261.8180048373,0.0,0.0,False,False,0.0,1.1920928955078125e-07,passed
unhedged,2022-03-07,1240511.8459985142,11583856.079802416,22562.1546961326,11561293.925106283,11583856.079802416,0.0,12824367.92580093,0.0,0.0,203.89741017692722,0.0,0,0,0,0,37500.0,0.0,4186.56531523983,0.0,1174.7193167256753,0.0,0.0,0.0,1240511.8459985142,0.0,0.0,False,False,0.0,1.1920928955078125e-07,passed
duration,2022-03-07,9286849.106200483,3629060.386598422,-12526.946521309637,3641587.333119732,11583856.079802416,7954795.693203993,12915909.492798906,0.0,0.0,1526.4380485899746,0.0,0,0,0,0,37500.0,0.0,32036.6147484798,0.0,1984.7112999648098,8113891.607068073,0.0,8113891.607068073,1172957.4991324097,0.0,0.0,False,False,0.0,1.1920928955078125e-07,passed
unweighted,2022-03-07,12059945.70923408,918033.0565273161,-15359.658749422584,933392.7152767387,11583856.079802416,10665823.0232751,12977978.765761396,0.0,0.0,1982.2395932152867,0.0,0,0,0,0,37500.0,0.0,41389.42215749808,0.0,2253.495429621645,10879139.483740602,0.0,10879139.483740602,1180806.2254934777,0.0,0.0,False,False,0.0,1.1920928955078125e-07,passed
constrained,2022-03-07,13082897.295621406,-88818.89641534178,-18324.55745802807,-70494.33895731371,11585242.304020645,11674061.200435987,12994078.399206065,0.0,0.0,2150.377591956407,0.0,0,0,0,0,37500.0,0.0,44986.70910728164,0.0,2362.993695622981,11907542.424444707,0.0,11907542.424444707,1175354.8711766992,0.0,0.0,False,False,0.0,1.1920928955078125e-07,passed
unhedged,2022-03-08,1240579.81925035,11524055.53453856,22914.364640883978,11501141.169897676,11524055.53453856,0.0,12764635.353788909,0.0,0.0,67.97325183567591,0.0,0,0,0,0,37500.0,0.0,4254.538567075506,0.0,1174.7193167256753,0.0,0.0,0.0,1240579.81925035,0.0,0.0,False,False,0.0,1.1920928955078125e-07,passed
duration,2022-03-08,9287357.97464466,3627156.0852568573,-12488.032123142562,3639644.1173799997,11524055.53453856,7896899.449281703,12914514.059901517,0.0,0.0,508.86844417639077,0.0,0,0,0,0,37500.0,0.0,32545.48319265619,0.0,1984.7112999648098,8054837.438267337,0.0,8054837.438267337,1232520.536377322,0.0,0.0,False,False,0.0,1.1920928955078125e-07,passed
unweighted,2022-03-08,12060606.528177053,914071.1953455423,-15366.758021804157,929437.9533673464,11524055.53453856,10609984.339193018,12974677.723522594,0.0,0.0,660.8189429733902,0.0,0,0,0,0,37500.0,0.0,42050.24110047147,0.0,2253.495429621645,10822184.02597688,0.0,10822184.02597688,1238422.5022001732,0.0,0.0,False,False,0.0,1.1920928955078125e-07,passed
constrained,2022-03-08,13083614.166706098,-88845.71955779425,-18360.9553283624,-70484.76422943185,11525430.686290411,11614276.405848205,12994768.447148304,0.0,0.0,716.8710846919566,0.0,0,0,0,0,37500.0,0.0,45703.5801919736,0.0,2362.993695622981,11846561.933965169,0.0,11846561.933965169,1237052.2327409294,0.0,0.0,False,False,0.0,1.1920928955078125e-07,passed
unhedged,2022-03-09,1240647.7962267473,11478083.604485787,23266.574585635357,11454817.029900152,11478083.604485787,0.0,12718731.400712535,0.0,0.0,67.97697639744729,0.0,0,0,0,0,37500.0,0.0,4322.515543472953,0.0,1174.7193167256753,0.0,0.0,0.0,1240647.7962267473,0.0,0.0,False,False,0.0,1.1920928955078125e-07,passed
duration,2022-03-09,9287866.870972037,3628038.3260705993,-12449.117724975493,3640487.443795575,11478083.604485787,7850045.278415188,12915905.197042637,0.0,0.0,508.8963273782283,0.0,0,0,0,0,37500.0,0.0,33054.37952003442,0.0,1984.7112999648098,8007046.183983492,0.0,8007046.183983492,1280820.6869885456,0.0,0.0,False,False,0.0,1.1920928955078125e-07,passed
unweighted,2022-03-09,12061267.383329282,910955.7947747943,-15373.85729418572,926329.6520689799,11478083.604485787,10567127.809710993,12972223.178104077,0.0,0.0,660.8551522288471,0.0,0,0,0,0,37500.0,0.0,42711.096252700314,0.0,2253.495429621645,10778470.365905212,0.0,10778470.365905212,1282797.0174240693,0.0,0.0,False,False,0.0,1.1920928955078125e-07,passed
constrained,2022-03-09,13084331.077071398,-89124.95246375988,-18397.35319869673,-70727.59926506315,11479443.108002517,11568568.060466276,12995206.12460764,0.0,0.0,716.910365300253,0.0,0,0,0,0,37500.0,0.0,46420.49055727385,0.0,2362.993695622981,11799939.421675602,0.0,11799939.421675602,1284391.6553957965,0.0,0.0,False,False,0.0,1.1920928955078125e-07,passed
unhedged,2022-03-10,1240715.7769279107,11442699.317467397,23618.784530386743,11419080.53293701,11442699.317467397,0.0,12683415.094395308,0.0,0.0,67.98070116341114,0.0,0,0,0,0,37500.0,0.0,4390.496244636364,0.0,1174.7193167256753,0.0,0.0,0.0,1240715.7769279107,0.0,0.0,False,False,0.0,1.1920928955078125e-07,passed
duration,2022-03-10,9288375.795184145,3627999.7862074617,-12410.203326808414,3640409.98953427,11442699.317467397,7814699.531259936,12916375.581391606,0.0,0.0,508.92421210743487,0.0,0,0,0,0,37500.0,0.0,33563.30373214185,0.0,1984.7112999648098,7970993.521885135,0.0,7970993.521885135,1317382.2732990095,0.0,0.0,False,False,0.0,1.1920928955078125e-07,passed
unweighted,2022-03-10,12061928.274692751,908659.1890716444,-15380.956566567284,924040.1456382117,11442699.317467397,10534040.128395753,12970587.463764396,0.0,0.0,660.8913634698838,0.0,0,0,0,0,37500.0,0.0,43371.9876161702,0.0,2253.495429621645,10744720.930963669,0.0,10744720.930963669,1317207.3437290825,0.0,0.0,False,False,0.0,1.1920928955078125e-07,passed
constrained,2022-03-10,13085048.026719457,-89181.27332685963,-18433.751069031052,-70747.52225782859,11444032.442324508,11533213.715651369,12995866.753392598,0.0,0.0,716.9496480580419,0.0,0,0,0,0,37500.0,0.0,47137.44020533189,0.0,2362.993695622981,11763877.989964396,0.0,11763877.989964396,1321170.0367550608,0.0,0.0,False,False,0.0,1.1920928955078125e-07,passed
unhedged,2022-03-11,1240783.7613540438,11428536.209617766,23970.994475138123,11404565.215142628,11428536.209617766,0.0,12669319.97097181,0.0,0.0,67.9844261331018,0.0,0,0,0,0,37500.0,0.0,4458.480670769466,0.0,1174.7193167256753,0.0,0.0,0.0,1240783.7613540438,0.0,0.0,False,False,0.0,1.1920928955078125e-07,passed
duration,2022-03-11,9288884.747282512,3623625.4495644234,-12371.288928641337,3635996.738493065,11428536.209617766,7804910.760053341,12912510.196846936,0.0,0.0,508.95209836773574,0.0,0,0,0,0,37500.0,0.0,34072.25583050959,0.0,1984.7112999648098,7961008.975254408,0.0,7961008.975254408,1327875.7720281044,0.0,0.0,False,False,0.0,1.1920928955078125e-07,passed
unweighted,2022-03-11,12062589.202269448,907417.0233799797,-15388.055838948852,922805.0792189285,11428536.209617766,10521119.186237786,12970006.225649428,0.0,0.0,660.9275766965002,0.0,0,0,0,0,37500.0,0.0,44032.9151928667,0.0,2253.495429621645,10731541.569962543,0.0,10731541.569962543,1331047.6323069055,0.0,0.0,False,False,0.0,1.1920928955078125e-07,passed
constrained,2022-03-11,13085765.01565243,-89302.53452247485,-18470.14893936538,-70832.38558310947,11429875.960142536,11519178.494665012,12996462.481129954,0.0,0.0,716.9889329727739,0.0,0,0,0,0,37500.0,0.0,47854.429138304666,0.0,2362.993695622981,11749562.064558312,0.0,11749562.064558312,1336202.951094117,0.0,0.0,False,False,0.0,1.1920928955078125e-07,passed
unhedged,2022-03-14,1240987.736984304,11329311.99378999,25027.624309392264,11304284.369480597,11329311.99378999,0.0,12570299.730774293,0.0,0.0,203.97563026007265,0.0,0,0,0,0,37500.0,0.0,4662.456301029539,0.0,1174.7193167256753,0.0,0.0,0.0,1240987.736984304,0.0,0.0,False,False,0.0,1.1920928955078125e-07,passed
duration,2022-03-14,9290411.770910444,3628145.407169832,-12254.545734140109,3640399.952903972,11329311.99378999,7701166.5866201585,12918557.178080276,0.0,0.0,1527.0236279312521,0.0,0,0,0,0,37500.0,0.0,35599.27945844084,0.0,1984.7112999648098,7855189.918352562,0.0,7855189.918352562,1435221.8525578817,0.0,0.0,False,False,0.0,1.1920928955078125e-07,passed
unweighted,2022-03-14,12064572.202298732,900899.2604205665,-15409.353656093554,916308.6140766601,11329311.99378999,10428412.733369423,12965471.462719299,0.0,0.0,1983.000029284507,0.0,0,0,0,0,37500.0,0.0,46015.915222151205,0.0,2253.495429621645,10636980.988036811,0.0,10636980.988036811,1427591.2142619211,0.0,0.0,False,False,0.0,1.1920928955078125e-07,passed
constrained,2022-03-14,13087916.218182344,-89783.87975910642,-18579.342550368365,-71204.53720873805,11330620.43191568,11420404.311674785,12998132.338423237,0.0,0.0,2151.202529914677,0.0,0,0,0,0,37500.0,0.0,50005.63166821934,0.0,2362.993695622981,11648812.397908282,0.0,11648812.397908282,1439103.8202740625,0.0,0.0,False,False,0.0,1.1920928955078125e-07,passed
unhedged,2022-03-15,1241055.7363123577,11326850.604767717,25379.834254143647,11301470.770513574,11326850.604767717,0.0,12567906.341080075,0.0,0.0,67.99932805378921,0.0,0,0,0,0,37500.0,0.0,4730.455629083328,0.0,1174.7193167256753,0.0,0.0,0.0,1241055.7363123577,0.0,0.0,False,False,0.0,1.1920928955078125e-07,passed
duration,2022-03-15,9290920.834569125,3628095.252350292,-12215.63133597304,3640310.883686265,11326850.604767717,7698755.352417425,12919016.086919416,0.0,0.0,509.0636586807668,0.0,0,0,0,0,37500.0,0.0,36108.34311712161,0.0,1984.7112999648098,7852730.459465774,0.0,7852730.459465774,1438190.3751033507,0.0,0.0,False,False,0.0,1.1920928955078125e-07,passed
unweighted,2022-03-15,12065233.274748176,900763.0034658052,-15416.452928475119,916179.4563942803,11326850.604767717,10426087.601301912,12965996.278213982,0.0,0.0,661.0724494438618,0.0,0,0,0,0,37500.0,0.0,46676.98767159507,0.0,2253.495429621645,10634609.35332795,0.0,10634609.35332795,1430623.9214202259,0.0,0.0,False,False,0.0,1.1920928955078125e-07,passed
constrained,2022-03-15,13088633.364276493,-89781.08560839006,-18615.740420702692,-71165.34518768737,11328154.753445085,11417935.839053474,12998852.278668104,0.0,0.0,717.1460941489786,0.0,0,0,0,0,37500.0,0.0,50722.77776236832,0.0,2362.993695622981,11646294.555834545,0.0,11646294.555834545,1442338.8084419481,0.0,0.0,False,False,0.0,1.1920928955078125e-07,passed
unhedged,2022-03-16,1241123.7393664024,11288818.197445594,25732.044198895026,11263086.153246699,11288818.197445594,0.0,12529941.936811997,0.0,0.0,68.00305404467508,0.0,0,0,0,0,37500.0,0.0,4798.458683128003,0.0,1174.7193167256753,0.0,0.0,0.0,1241123.7393664024,0.0,0.0,False,False,0.0,1.1920928955078125e-07,passed
duration,2022-03-16,9291429.926121704,3620668.7483838475,-12176.716937805963,3632845.4653216535,11288818.197445594,7668149.449061746,12912098.674505552,0.0,0.0,509.09155257977545,0.0,0,0,0,0,37500.0,0.0,36617.43466970138,0.0,1984.7112999648098,7821512.438042981,0.0,7821512.438042981,1469917.4880787237,0.0,0.0,False,False,0.0,1.1920928955078125e-07,passed
unweighted,2022-03-16,12065894.383420765,897707.3998037376,-15423.55220085669,913130.9520045944,11288818.197445594,10391110.797641857,12963601.783224503,0.0,0.0,661.1086725890636,0.0,0,0,0,0,37500.0,0.0,47338.09634418413,0.0,2253.495429621645,10598933.013594694,0.0,10598933.013594694,1466961.369826071,0.0,0.0,False,False,0.0,1.1920928955078125e-07,passed
constrained,2022-03-16,13089350.549666317,-89999.25377770815,-18652.13829103702,-71347.11548667113,11290133.976371149,11380133.230148856,12999351.295888608,0.0,0.0,717.1853898242116,0.0,0,0,0,0,37500.0,0.0,51439.96315219253,0.0,2362.993695622981,11607735.894751834,0.0,11607735.894751834,1481614.6549144834,0.0,0.0,False,False,0.0,1.1920928955078125e-07,passed
unhedged,2022-03-17,1241191.746146642,11282406.0333426,26084.25414364641,11256321.779198954,11282406.0333426,0.0,12523597.779489242,0.0,0.0,68.0067802395206,0.0,0,0,0,0,37500.0,0.0,4866.465463367524,0.0,1174.7193167256753,0.0,0.0,0.0,1241191.746146642,0.0,0.0,False,False,0.0,1.1920928955078125e-07,passed
duration,2022-03-17,9291939.045569712,3625433.624720601,-12137.802539638886,3637571.4272602396,11282406.0333426,7656972.4086219985,12917372.670290314,0.0,0.0,509.11944800801575,0.0,0,0,0,0,37500.0,0.0,37126.5541177094,0.0,1984.7112999648098,7810111.856794438,0.0,7810111.856794438,1481827.188775274,0.0,0.0,False,False,0.0,1.1920928955078125e-07,passed
unweighted,2022-03-17,12066555.528318487,897762.7116987361,-15430.651473238258,913193.3631719743,11282406.0333426,10384643.321643863,12964318.240017224,0.0,0.0,661.1448977217078,0.0,0,0,0,0,37500.0,0.0,47999.24124190584,0.0,2253.495429621645,10592336.18807674,0.0,10592336.18807674,1474219.340241747,0.0,0.0,False,False,0.0,1.1920928955078125e-07,passed
constrained,2022-03-17,13090067.774353972,-89758.13167475649,-18688.536161371347,-71069.59551338514,11283708.862728124,11373466.994402882,13000309.642679214,0.0,0.0,717.224687654525,0.0,0,0,0,0,37500.0,0.0,52157.18783984706,0.0,2362.993695622981,11600936.33429094,0.0,11600936.33429094,1489131.4400630314,0.0,0.0,False,False,0.0,1.1920928955078125e-07,passed
unhedged,2022-03-18,1241259.75665328,11317745.859312573,26436.464088397788,11291309.395224176,11317745.859312573,0.0,12559005.615965854,0.0,0.0,68.01050663809292,0.0,0,0,0,0,37500.0,0.0,4934.475970005617,0.0,1174.7193167256753,0.0,0.0,0.0,1241259.75665328,0.0,0.0,False,False,0.0,1.1920928955078125e-07,passed
duration,2022-03-18,9292448.192914674,3614695.1068174094,-12098.888141471807,3626793.9949588813,11317745.859312573,7703050.752495164,12907143.299732083,0.0,0.0,509.1473449617624,0.0,0,0,0,0,37500.0,0.0,37635.70146267116,0.0,1984.7112999648098,7857111.767545068,0.0,7857111.767545068,1435336.4253696064,0.0,0.0,False,False,0.0,1.1920928955078125e-07,passed
unweighted,2022-03-18,12067216.709443327,899775.2545788737,-15437.750745619822,915213.0053244936,11317745.859312573,10417970.6047337,12966991.9640222,0.0,0.0,661.1811248399317,0.0,0,0,0,0,37500.0,0.0,48660.42236674577,0.0,2253.495429621645,10626330.016828375,0.0,10626330.016828375,1440886.692614952,0.0,0.0,False,False,0.0,1.1920928955078125e-07,passed
constrained,2022-03-18,13090785.038341606,-89293.34019050775,-18724.934031705674,-70568.40615880207,11319072.39285615,11408365.733046658,13001491.698151099,0.0,0.0,717.263987634331,0.0,0,0,0,0,37500.0,0.0,52874.45182748139,0.0,2362.993695622981,11636533.047707591,0.0,11636533.047707591,1454251.9906340148,0.0,0.0,False,False,0.0,1.1920928955078125e-07,passed
unhedged,2022-03-21,1241463.8105336302,11193538.134030467,27493.093922651933,11166045.040107815,11193538.134030467,0.0,12435001.944564097,0.0,0.0,204.0538803501986,0.0,0,0,0,0,37500.0,0.0,5138.529850355815,0.0,1174.7193167256753,0.0,0.0,0.0,1241463.8105336302,0.0,0.0,False,False,0.0,1.1920928955078125e-07,passed
duration,2022-03-21,9293975.802346587,3612565.019360084,-11982.144946970584,3624547.1643070546,11193538.134030467,7580973.114670384,12906540.821706671,0.0,0.0,1527.6094319131225,0.0,0,0,0,0,37500.0,0.0,39163.31089458428,0.0,1984.7112999648098,7732592.576963792,0.0,7732592.576963792,1561383.2253827956,0.0,0.0,False,False,0.0,1.1920928955078125e-07,passed
unweighted,2022-03-21,12069200.470200405,891414.5454267461,-15459.048562764521,906873.5939895107,11193538.134030467,10302123.588603722,12960615.015627151,0.0,0.0,1983.7607570774853,0.0,0,0,0,0,37500.0,0.0,50644.183123823255,0.0,2253.495429621645,10508166.060375797,0.0,10508166.060375797,1561034.409824608,0.0,0.0,False,False,0.0,1.1920928955078125e-07,passed
constrained,2022-03-21,13092937.06612595,-89631.7759390529,-18834.12764270866,-70797.64829634424,11194829.66113321,11284461.437072262,13003305.290186897,0.0,0.0,2152.027784343809,0.0,0,0,0,0,37500.0,0.0,55026.4796118252,0.0,2362.993695622981,11510150.665813707,0.0,11510150.665813707,1582786.400312243,0.0,0.0,False,False,0.0,1.1920928955078125e-07,passed
unhedged,2022-03-22,1241531.8359479061,11153270.32265364,27845.303867403312,11125425.018786237,11153270.32265364,0.0,12394802.158601547,0.0,0.0,68.02541427593678,0.0,0,0,0,0,37500.0,0.0,5206.555264631752,0.0,1174.7193167256753,0.0,0.0,0.0,1241531.8359479061,0.0,0.0,False,False,0.0,1.1920928955078125e-07,passed
duration,2022-03-22,9294485.061294662,3614648.717492038,-11943.230548803507,3626591.9480408416,11153270.32265364,7538621.605161603,12909133.7787867,0.0,0.0,509.25894807465374,0.0,0,0,0,0,37500.0,0.0,39672.56984265894,0.0,1984.7112999648098,7689394.037264835,0.0,7689394.037264835,1605091.0240298267,0.0,0.0,False,False,0.0,1.1920928955078125e-07,passed
unweighted,2022-03-22,12069861.796253568,888630.7484387356,-15466.14783514609,904096.8962738817,11153270.32265364,10264639.574214906,12958492.544692304,0.0,0.0,661.3260531630367,0.0,0,0,0,0,37500.0,0.0,51305.50917698629,0.0,2253.495429621645,10469932.365699204,0.0,10469932.365699204,1599929.4305543639,0.0,0.0,False,False,0.0,1.1920928955078125e-07,passed
constrained,2022-03-22,13093654.487335054,-90018.48937972156,-18870.525513042987,-71147.96386667858,11154549.570037583,11244568.059417306,13003635.997955333,0.0,0.0,717.4212091043591,0.0,0,0,0,0,37500.0,0.0,55743.90082092956,0.0,2362.993695622981,11469459.420605652,0.0,11469459.420605652,1624195.0667294022,0.0,0.0,False,False,0.0,1.1920928955078125e-07,passed
unhedged,2022-03-23,1241599.865089602,11187244.47416847,28197.513812154695,11159046.960356316,11187244.47416847,0.0,12428844.339258073,0.0,0.0,68.02914169593714,0.0,0,0,0,0,37500.0,0.0,5274.584406327689,0.0,1174.7193167256753,0.0,0.0,0.0,1241599.865089602,0.0,0.0,False,False,0.0,1.1920928955078125e-07,passed
duration,2022-03-23,9294994.348147336,3615900.842156499,-11904.31615063643,3627805.1583071356,11187244.47416847,7571343.6320119705,12910895.190303836,0.0,0.0,509.28685267455876,0.0,0,0,0,0,37500.0,0.0,40181.856695333496,0.0,1984.7112999648098,7722770.5046522105,0.0,7722770.5046522105,1572223.8434951259,0.0,0.0,False,False,0.0,1.1920928955078125e-07,passed
unweighted,2022-03-23,12070523.158543775,890645.6498973616,-15473.247107527657,906118.8970048893,11187244.47416847,10296598.824271109,12961168.808441136,0.0,0.0,661.3622902072966,0.0,0,0,0,0,37500.0,0.0,51966.87146719359,0.0,2253.495429621645,10502530.80075653,0.0,10502530.80075653,1567992.357787244,0.0,0.0,False,False,0.0,1.1920928955078125e-07,passed
constrained,2022-03-23,13094371.947854908,-90282.91726153206,-18906.923383377318,-71375.99387815474,11188545.21534155,11278828.132603081,13004089.030593377,0.0,0.0,717.4605198539793,0.0,0,0,0,0,37500.0,0.0,56461.36134078354,0.0,2362.993695622981,11504404.695255144,0.0,11504404.695255144,1589967.2525997646,0.0,0.0,False,False,0.0,1.1920928955078125e-07,passed
unhedged,2022-03-24,1241667.897958922,11171999.479364805,28549.72375690608,11143449.7556079,11171999.479364805,0.0,12413667.377323726,0.0,0.0,68.03286931989715,0.0,0,0,0,0,37500.0,0.0,5342.617275647586,0.0,1174.7193167256753,0.0,0.0,0.0,1241667.897958922,0.0,0.0,False,False,0.0,1.1920928955078125e-07,passed
duration,2022-03-24,9295503.66290614,3614644.685800327,-11865.40175246935,3626510.087552796,11171999.479364805,7557354.793564479,12910148.348706467,0.0,0.0,509.31475880369544,0.0,0,0,0,0,37500.0,0.0,40691.17145413719,0.0,1984.7112999648098,7708501.889435768,0.0,7708501.889435768,1587001.773470372,0.0,0.0,False,False,0.0,1.1920928955078125e-07,passed
unweighted,2022-03-24,12071184.557073012,889367.0814905963,-15480.346379909219,904847.4278705055,11171999.479364805,10282632.39787421,12960551.638563609,0.0,0.0,661.3985292371362,0.0,0,0,0,0,37500.0,0.0,52628.269996430725,0.0,2253.495429621645,10488285.045831695,0.0,10488285.045831695,1582899.5112413168,0.0,0.0,False,False,0.0,1.1920928955078125e-07,passed
constrained,2022-03-24,13095089.44768767,-90576.98344094971,-18943.321253711638,-71633.66218723808,11173305.149148708,11263882.132589659,13004512.46424672,0.0,0.0,717.4998327624053,0.0,0,0,0,0,37500.0,0.0,57178.86117354594,0.0,2362.993695622981,11489159.775241451,0.0,11489159.775241451,1605929.6724462193,0.0,0.0,False,False,0.0,1.1920928955078125e-07,passed
unhedged,2022-03-25,1241735.9345560707,11061951.430132052,28901.933701657457,11033049.496430395,11061951.430132052,0.0,12303687.364688123,0.0,0.0,68.03659714874811,0.0,0,0,0,0,37500.0,0.0,5410.653872796334,0.0,1174.7193167256753,0.0,0.0,0.0,1241735.9345560707,0.0,0.0,False,False,0.0,1.1920928955078125e-07,passed
duration,2022-03-25,9296013.005572602,3609178.3814275633,-11826.487354302277,3621004.8687818656,11061951.430132052,7452773.048704489,12905191.387000166,0.0,0.0,509.3426664620638,0.0,0,0,0,0,37500.0,0.0,41200.514120599255,0.0,1984.7112999648098,7601828.509678579,0.0,7601828.509678579,1694184.4958940232,0.0,0.0,False,False,0.0,1.1920928955078125e-07,passed
unweighted,2022-03-25,12071845.991843263,880737.1281660661,-15487.445652290788,896224.573818357,11061951.430132052,10181214.301965985,12952583.12000933,0.0,0.0,661.434770250693,0.0,0,0,0,0,37500.0,0.0,53289.70476668142,0.0,2253.495429621645,10384838.588005306,0.0,10384838.588005306,1687007.4038379565,0.0,0.0,False,False,0.0,1.1920928955078125e-07,passed
constrained,2022-03-25,13095806.986835489,-92117.97226891278,-18979.71912404597,-73138.25314486682,11063219.028561387,11155337.0008303,13003689.014566576,0.0,0.0,717.5391478184611,0.0,0,0,0,0,37500.0,0.0,57896.4003213644,0.0,2362.993695622981,11378443.740846906,0.0,11378443.740846906,1717363.2459885832,0.0,0.0,False,False,0.0,1.1920928955078125e-07,passed
unhedged,2022-03-28,1241940.0667165294,11082808.312698819,29958.563535911606,11052849.749162907,11082808.312698819,0.0,12324748.379415348,0.0,0.0,204.13216045871377,0.0,0,0,0,0,37500.0,0.0,5614.786033255048,0.0,1174.7193167256753,0.0,0.0,0.0,1241940.0667165294,0.0,0.0,False,False,0.0,1.1920928955078125e-07,passed
duration,2022-03-28,9297541.201033225,3600445.8528900696,-11709.744159801048,3612155.5970498705,11082808.312698819,7482362.459808748,12897987.053923294,0.0,0.0,1528.1954606231302,0.0,0,0,0,0,37500.0,0.0,42728.709581222385,0.0,1984.7112999648098,7632009.709004924,0.0,7632009.709004924,1665531.4920283016,0.0,0.0,False,False,0.0,1.1920928955078125e-07,passed
unweighted,2022-03-28,12073830.513619969,882954.5213776822,-15508.743469435492,898463.2648471177,11082808.312698819,10199853.791321136,12956785.034997651,0.0,0.0,1984.5217767059803,0.0,0,0,0,0,37500.0,0.0,55274.2265433874,0.0,2253.495429621645,10403850.86714756,0.0,10403850.86714756,1669979.6464724094,0.0,0.0,False,False,0.0,1.1920928955078125e-07,passed
constrained,2022-03-28,13097959.840190846,-90459.34283695513,-19088.91273504895,-71370.43010190618,11084099.600351006,11174558.94318796,13007500.49735389,0.0,0.0,2152.8533553574234,0.0,0,0,0,0,37500.0,0.0,60049.253676721826,0.0,2362.993695622981,11398050.12205172,0.0,11398050.12205172,1699909.718139127,0.0,0.0,False,False,0.0,1.1920928955078125e-07,passed
unhedged,2022-03-29,1242008.1182270346,11119529.435009401,30310.77348066298,11089218.661528738,11119529.435009401,0.0,12361537.553236436,0.0,0.0,68.05151050514542,0.0,0,0,0,0,37500.0,0.0,5682.8375437601935,0.0,1174.7193167256753,0.0,0.0,0.0,1242008.1182270346,0.0,0.0,False,False,0.0,1.1920928955078125e-07,passed
duration,2022-03-29,9298050.655345611,3595899.480450835,-11670.829761633977,3607570.310212469,11119529.435009401,7523629.954558566,12893950.135796446,0.0,0.0,509.4543123859912,0.0,0,0,0,0,37500.0,0.0,43238.16389360838,0.0,1984.7112999648098,7674102.5536497375,0.0,7674102.5536497375,1623948.1016958738,0.0,0.0,False,False,0.0,1.1920928955078125e-07,passed
unweighted,2022-03-29,12074492.093374139,885576.5211537008,-15515.84274181706,901092.3638955178,11119529.435009401,10233952.9138557,12960068.61452784,0.0,0.0,661.5797541700304,0.0,0,0,0,0,37500.0,0.0,55935.80629755743,0.0,2253.495429621645,10438631.972132813,0.0,10438631.972132813,1635860.1212413255,0.0,0.0,False,False,0.0,1.1920928955078125e-07,passed
constrained,2022-03-29,13098677.536620446,-89816.29303930742,-19125.31060538328,-70690.98243392413,11120828.280574,11210644.573613307,13008861.243581139,0.0,0.0,717.6964295990765,0.0,0,0,0,0,37500.0,0.0,60766.9501063209,0.0,2362.993695622981,11434857.465085573,0.0,11434857.465085573,1663820.071534872,0.0,0.0,False,False,0.0,1.1920928955078125e-07,passed
unhedged,2022-03-30,1242076.1734663895,11156814.17305934,30662.983425414364,11126151.189633926,11156814.17305934,0.0,12398890.34652573,0.0,0.0,68.05523935495876,0.0,0,0,0,0,37500.0,0.0,5750.892783115152,0.0,1174.7193167256753,0.0,0.0,0.0,1242076.1734663895,0.0,0.0,False,False,0.0,1.1920928955078125e-07,passed
duration,2022-03-30,9298560.137573302,3595438.6663640533,-11631.915363466907,3607070.58172752,11156814.17305934,7561375.506695287,12893998.803937355,0.0,0.0,509.4822276905179,0.0,0,0,0,0,37500.0,0.0,43747.646121298894,0.0,1984.7112999648098,7712603.016829194,0.0,7712603.016829194,1585957.1207441082,0.0,0.0,False,False,0.0,1.1920928955078125e-07,passed
unweighted,2022-03-30,12075153.709379256,888068.1705045005,-15522.94201419863,903591.1125186991,11156814.17305934,10268746.00255484,12963221.879883757,0.0,0.0,661.6160051170737,0.0,0,0,0,0,37500.0,0.0,56597.4223026745,0.0,2253.495429621645,10474120.922605937,0.0,10474120.922605937,1601032.7867733184,0.0,0.0,False,False,0.0,1.1920928955078125e-07,passed
constrained,2022-03-30,13099395.272375878,-89669.88353810583,-19161.708475717613,-70508.17506238821,11158128.270490414,11247798.154028518,13009725.388837771,0.0,0.0,717.7357554323971,0.0,0,0,0,0,37500.0,0.0,61484.6858617533,0.0,2362.993695622981,11472754.117109088,0.0,11472754.117109088,1626641.1552667897,0.0,0.0,False,False,0.0,1.1920928955078125e-07,passed
unhedged,2022-03-31,1242144.232434799,11177094.39000411,31015.193370165747,11146079.196633944,11177094.39000411,0.0,12419238.622438908,0.0,0.0,68.05896840943024,0.0,0,0,0,0,37500.0,0.0,5818.9517515245825,0.0,1174.7193167256753,0.0,0.0,0.0,1242144.232434799,0.0,0.0,False,False,0.0,1.1920928955078125e-07,passed
duration,2022-03-31,9299069.647717828,3594922.5281757694,-11593.00096529982,3606515.5291410694,11177094.39000411,7582171.86182834,12893992.175893597,0.0,0.0,509.5101445261389,0.0,0,0,0,0,37500.0,0.0,44257.15626582503,0.0,1984.7112999648098,7733815.299064907,0.0,7733815.299064907,1565254.3486529207,0.0,0.0,False,False,0.0,1.1920928955078125e-07,passed
unweighted,2022-03-31,12075815.361637305,889234.7558727923,-15530.04128658019,904764.7971593725,11177094.39000411,10287859.634131318,12965050.117510097,0.0,0.0,661.6522580496967,0.0,0,0,0,0,37500.0,0.0,57259.0745607242,0.0,2253.495429621645,10493616.826813944,0.0,10493616.826813944,1582198.5348233618,0.0,0.0,False,False,0.0,1.1920928955078125e-07,passed
constrained,2022-03-31,13100113.047459299,-89811.3237048998,-19198.106346051933,-70613.21735884786,11178418.815180093,11268230.138884993,13010301.723754399,0.0,0.0,717.7750834207982,0.0,0,0,0,0,37500.0,0.0,62202.4609451741,0.0,2362.993695622981,11493594.741662694,0.0,11493594.741662694,1606518.3057966046,0.0,0.0,False,False,0.0,1.1920928955078125e-07,passed
unhedged,2022-04-01,1242212.2951324666,11119875.712065013,31367.40331491713,11088508.308750097,11119875.712065013,0.0,12362088.00719748,0.0,0.0,68.06269766762853,0.0,0.0,-0.0,0.0,0,37500.0,0.0,5887.014449192211,0.0,1174.7193167256753,0.0,0.0,0.0,1242212.2951324666,0.0,0.0,False,False,0.0,1.1920928955078125e-07,passed
duration,2022-04-01,9300255.14266709,3577282.400818175,-11557.9338618131,3588840.334679988,11119875.712065013,7542593.311246838,12877537.543485265,0.0,0.0,509.5380628891289,0.0,0.06760244888224934,676.0244888224934,676.0244888224934,0,37500.0,0.0,44766.69432871416,0.0,1984.778902413692,7693445.177471776,0.0,7693445.177471776,1606809.965195315,0.0,0.0,False,False,-1.5082532445198638e-10,1.1920928955078125e-07,passed
unweighted,2022-04-01,12117410.461232372,843691.5591338472,-15650.012591253992,859341.5717251012,11119875.712065013,10276184.152931167,12961102.020366218,0.0,0.0,661.6885129678994,0.0,4.461963435071633,40937.87304553429,44619.634350716326,0,37500.0,0.0,57920.7630736921,0.0,2257.9573930567167,10481707.83598979,0.0,10481707.83598979,1635702.6252425816,0.0,0.0,False,False,-9.562395320017458e-10,1.1920928955078125e-07,passed
constrained,2022-04-01,13093264.946993725,-82255.66345277338,-19207.562331833466,-63048.101120939915,11119875.712065013,11202131.375517787,13011009.283540951,0.0,0.0,717.8144135605544,0.0,4.02074397030211,-7561.894135164909,40207.4397030211,0,37500.0,0.0,62920.27535873465,0.0,2367.014439593283,11426174.003028143,0.0,11426174.003028143,1667090.9439655822,0.0,0.0,False,False,1.2863985432431946e-09,1.1920928955078125e-07,passed
unhedged,2022-04-04,1242416.5056030648,11104649.024944806,32424.03314917127,11072224.991795635,11104649.024944806,0.0,12347065.530547872,0.0,0.0,204.21047059819102,0.0,0,0,0,0,37500.0,0.0,6091.224919790402,0.0,1174.7193167256753,0.0,0.0,0.0,1242416.5056030648,0.0,0.0,False,False,0.0,1.1920928955078125e-07,passed
duration,2022-04-04,9301784.03550353,3586069.65528026,-11441.274914640642,3597510.9301949004,11104649.024944806,7518579.369664547,12887853.690783791,0.0,0.0,1528.8928364403546,0.0,0,0,0,0,37500.0,0.0,46295.58716515452,0.0,1984.778902413692,7668950.957057838,0.0,7668950.957057838,1632833.0784456925,0.0,0.0,False,False,0.0,1.1920928955078125e-07,passed
unweighted,2022-04-04,12119402.473469261,843094.4531636438,-15673.970293135444,858768.4234567793,11104649.024944806,10261554.571781164,12962496.926632905,0.0,0.0,1992.0122368894517,0.0,0,0,0,0,37500.0,0.0,59912.77531058155,0.0,2257.9573930567167,10466785.663216788,0.0,10466785.663216788,1652616.8102524728,0.0,0.0,False,False,0.0,1.1920928955078125e-07,passed
constrained,2022-04-04,13095417.382456623,-82391.68229792253,-19316.061288942496,-63075.62100898003,11104649.024944806,11187040.70724273,13013025.7001587,0.0,0.0,2152.4354628976434,0.0,0,0,0,0,37500.0,0.0,65072.710821632296,0.0,2367.014439593283,11410781.521387585,0.0,11410781.521387585,1684635.8610690385,0.0,0.0,False,False,0.0,1.1920928955078125e-07,passed
unhedged,2022-04-05,1242484.5832198102,11024562.41766625,32776.243093922654,10991786.174572328,11024562.41766625,0.0,12267047.00088606,0.0,0.0,68.07761674537323,0.0,0,0,0,0,37500.0,0.0,6159.302536535775,0.0,1174.7193167256753,0.0,0.0,0.0,1242484.5832198102,0.0,0.0,False,False,0.0,1.1920928955078125e-07,passed
duration,2022-04-05,9302293.722299997,3589390.975064609,-11402.388598916492,3600793.363663526,11024562.41766625,7435171.442601642,12891684.697364606,0.0,0.0,509.6867964658886,0.0,0,0,0,0,37500.0,0.0,46805.273961620405,0.0,1984.778902413692,7583874.8714536745,0.0,7583874.8714536745,1718418.8508463223,0.0,0.0,False,False,0.0,1.1920928955078125e-07,passed
unweighted,2022-04-05,12120066.550317124,837758.3057432127,-15681.956193762595,853440.2619369753,11024562.41766625,10186804.111923037,12957824.856060335,0.0,0.0,664.0768478624523,0.0,0,0,0,0,37500.0,0.0,60576.852158444,0.0,2257.9573930567167,10390540.194161499,0.0,10390540.194161499,1729526.3561556246,0.0,0.0,False,False,0.0,1.1920928955078125e-07,passed
constrained,2022-04-05,13096134.93957347,-83028.08852453892,-19352.227607978843,-63675.86091656008,11024562.41766625,11107590.50619079,13013106.851048931,0.0,0.0,717.5571168474853,0.0,0,0,0,0,37500.0,0.0,65790.26793847978,0.0,2367.014439593283,11329742.316314606,0.0,11329742.316314606,1766392.6232588645,0.0,0.0,False,False,0.0,1.1920928955078125e-07,passed
unhedged,2022-04-06,1242552.6645668359,10993334.747682082,33128.45303867404,10960206.294643408,10993334.747682082,0.0,12235887.412248917,0.0,0.0,68.08134702569805,0.0,0,0,0,0,37500.0,0.0,6227.383883561473,0.0,1174.7193167256753,0.0,0.0,0.0,1242552.6645668359,0.0,0.0,False,False,0.0,1.1920928955078125e-07,passed
duration,2022-04-06,9302803.437024508,3602183.7282451494,-11363.502283192343,3613547.2305283416,10993334.747682082,7391151.019436931,12904987.165269658,0.0,0.0,509.7147245109081,0.0,0,0,0,0,37500.0,0.0,47314.98868613131,0.0,1984.778902413692,7538974.03982567,0.0,7538974.03982567,1763829.3971988373,0.0,0.0,False,False,0.0,1.1920928955078125e-07,passed
unweighted,2022-04-06,12120730.663552757,836157.7577129296,-15689.942094389753,851847.6998073193,10993334.747682082,10157176.989969151,12956888.421265688,0.0,0.0,664.1132356338203,0.0,0,0,0,0,37500.0,0.0,61240.96539407782,0.0,2257.9573930567167,10360320.529768534,0.0,10360320.529768534,1760410.1337842233,0.0,0.0,False,False,0.0,1.1920928955078125e-07,passed
constrained,2022-04-06,13096852.536008516,-83401.75352393057,-19388.39392701519,-64013.35959691538,10993334.747682082,11076736.50120601,13013450.782484585,0.0,0.0,717.5964350458235,0.0,0,0,0,0,37500.0,0.0,66507.8643735256,0.0,2367.014439593283,11298271.23123013,0.0,11298271.23123013,1798581.304778386,0.0,0.0,False,False,0.0,1.1920928955078125e-07,passed
unhedged,2022-04-07,1242620.7496443468,10968060.45046657,33480.66298342541,10934579.787483145,10968060.45046657,0.0,12210681.200110916,0.0,0.0,68.08507751091383,0.0,0,0,0,0,37500.0,0.0,6295.468961072387,0.0,1174.7193167256753,0.0,0.0,0.0,1242620.7496443468,0.0,0.0,False,False,0.0,1.1920928955078125e-07,passed
duration,2022-04-07,9303313.179678591,3614840.8387986426,-11324.615967468184,3626165.454766111,10968060.45046657,7353219.611667926,12918154.018477233,0.0,0.0,509.74265408329666,0.0,0,0,0,0,37500.0,0.0,47824.73134021461,0.0,1984.778902413692,7500284.003901285,0.0,7500284.003901285,1803029.1757773058,0.0,0.0,False,False,0.0,1.1920928955078125e-07,passed
unweighted,2022-04-07,12121394.813178157,834943.8243094068,-15697.927995016902,850641.7523044237,10968060.45046657,10133116.626157163,12956338.637487564,0.0,0.0,664.1496254000813,0.0,0,0,0,0,37500.0,0.0,61905.115019477904,0.0,2257.9573930567167,10335778.958680306,0.0,10335778.958680306,1785615.8544978518,0.0,0.0,False,False,0.0,1.1920928955078125e-07,passed
constrained,2022-04-07,13097570.171763916,-83759.10381855283,-19424.560246051537,-64334.543572501294,10968060.45046657,11051819.554285122,13013811.067945363,0.0,0.0,717.635755399242,0.0,0,0,0,0,37500.0,0.0,67225.50012892485,0.0,2367.014439593283,11272855.945370825,0.0,11272855.945370825,1824714.2263930906,0.0,0.0,False,False,0.0,1.1920928955078125e-07,passed
unhedged,2022-04-08,1242688.8384525462,10927303.676171375,33832.872928176796,10893470.8032432,10927303.676171375,0.0,12169992.514623921,0.0,0.0,68.08880819939077,0.0,0,0,0,0,37500.0,0.0,6363.557769271778,0.0,1174.7193167256753,0.0,0.0,0.0,1242688.8384525462,0.0,0.0,False,False,0.0,1.1920928955078125e-07,passed
duration,2022-04-08,9303822.950263781,3615306.114991252,-11285.729651744032,3626591.844642996,10927303.676171375,7311997.561180123,12919129.065255033,0.0,0.0,509.7705851905048,0.0,0,0,0,0,37500.0,0.0,48334.501925405115,0.0,1984.778902413692,7458237.512403726,0.0,7458237.512403726,1845585.4378600558,0.0,0.0,False,False,0.0,1.1920928955078125e-07,passed
unweighted,2022-04-08,12122058.99919532,832579.0026518643,-15705.913895644055,848284.9165475083,10927303.676171375,10094724.67351951,12954638.001847185,0.0,0.0,664.1860171630979,0.0,0,0,0,0,37500.0,0.0,62569.301036641,0.0,2257.9573930567167,10296619.166989902,0.0,10296619.166989902,1825439.8322054185,0.0,0.0,False,False,0.0,1.1920928955078125e-07,passed
constrained,2022-04-08,13098287.846841821,-83565.37179760956,-19460.726565087876,-64104.64523252169,10927303.676171375,11010869.047968984,13014722.475044211,0.0,0.0,717.6750779058784,0.0,0,0,0,0,37500.0,0.0,67943.17520683073,0.0,2367.014439593283,11231086.428928364,0.0,11231086.428928364,1867201.4179134574,0.0,0.0,False,False,0.0,1.1920928955078125e-07,passed
unhedged,2022-04-11,1242893.127263325,10902437.157985797,34889.50276243094,10867547.655223366,10902437.157985797,0.0,12145330.285249121,0.0,0.0,204.2888107788749,0.0,0,0,0,0,37500.0,0.0,6567.846580050653,0.0,1174.7193167256753,0.0,0.0,0.0,1242893.127263325,0.0,0.0,False,False,0.0,1.1920928955078125e-07,passed
duration,2022-04-11,9305352.429621277,3624281.954434227,-11169.070704571575,3635451.0251387986,10902437.157985797,7278155.203551569,12929634.384055505,0.0,0.0,1529.479357495904,0.0,0,0,0,0,37500.0,0.0,49863.98128290102,0.0,1984.778902413692,7423718.3076226,0.0,7423718.3076226,1881634.121998677,0.0,0.0,False,False,0.0,1.1920928955078125e-07,passed
unweighted,2022-04-11,12124051.775617307,831249.8473465835,-15729.871597525513,846979.718944109,10902437.157985797,10071187.310639214,12955301.62296389,0.0,0.0,1992.7764219865203,0.0,0,0,0,0,37500.0,0.0,64562.07745862752,0.0,2257.9573930567167,10272611.056851998,0.0,10272611.056851998,1851440.718765309,0.0,0.0,False,False,0.0,1.1920928955078125e-07,passed
constrained,2022-04-11,13100441.10803213,-83872.79793085286,-19569.22552219691,-64303.57240865595,10902437.157985797,10986309.955916649,13016568.310101276,0.0,0.0,2153.261190308258,0.0,0,0,0,0,37500.0,0.0,70096.43639713898,0.0,2367.014439593283,11206036.155034982,0.0,11206036.155034982,1894404.952997148,0.0,0.0,False,False,0.0,1.1920928955078125e-07,passed
unhedged,2022-04-12,1242961.230996326,10961728.222108515,35241.71270718232,10926486.509401333,10961728.222108515,0.0,12204689.45310484,0.0,0.0,68.10373300104402,0.0,0,0,0,0,37500.0,0.0,6635.950313051697,0.0,1174.7193167256753,0.0,0.0,0.0,1242961.230996326,0.0,0.0,False,False,0.0,1.1920928955078125e-07,passed
duration,2022-04-12,9305862.311946187,3638303.9084307672,-11130.184388847423,3649434.092819615,10961728.222108515,7323424.313677748,12944166.220376953,0.0,0.0,509.88232490979135,0.0,0,0,0,0,37500.0,0.0,50373.86360781081,0.0,1984.778902413692,7469892.799951303,0.0,7469892.799951303,1835969.5119948843,0.0,0.0,False,False,0.0,1.1920928955078125e-07,passed
unweighted,2022-04-12,12124716.107221449,835776.5599159198,-15737.85749815266,851514.4174140724,10961728.222108515,10125951.662192594,12960492.66713737,0.0,0.0,664.331604141742,0.0,0,0,0,0,37500.0,0.0,65226.409062769264,0.0,2257.9573930567167,10328470.695436446,0.0,10328470.695436446,1796245.4117850028,0.0,0.0,False,False,0.0,1.1920928955078125e-07,passed
constrained,2022-04-12,13101158.94042161,-83714.34688591612,-19605.391841233253,-64108.955044682865,10961728.222108515,11045442.56899443,13017444.593535693,0.0,0.0,717.832389479503,0.0,0,0,0,0,37500.0,0.0,70814.26878661849,0.0,2367.014439593283,11266351.420374319,0.0,11266351.420374319,1834807.5200472903,0.0,0.0,False,False,0.0,1.1920928955078125e-07,passed
unhedged,2022-04-13,1243029.3384610382,10974437.555756576,35593.9226519337,10938843.633104643,10974437.555756576,0.0,12217466.894217614,0.0,0.0,68.10746471211314,0.0,0,0,0,0,37500.0,0.0,6704.05777776381,0.0,1174.7193167256753,0.0,0.0,0.0,1243029.3384610382,0.0,0.0,False,False,0.0,1.1920928955078125e-07,passed
duration,2022-04-13,9306372.222209856,3636294.473927254,-11091.298073123258,3647385.772000377,10974437.555756576,7338143.0818293225,12942666.69613711,0.0,0.0,509.91026366874576,0.0,0,0,0,0,37500.0,0.0,50883.773871479556,0.0,1984.778902413692,7484905.943465909,0.0,7484905.943465909,1821466.278743947,0.0,0.0,False,False,0.0,1.1920928955078125e-07,passed
unweighted,2022-04-13,12125380.475227326,836510.9523009242,-15745.843398779807,852256.7956997041,10974437.555756576,10137926.603455652,12961891.427528251,0.0,0.0,664.3680058773607,0.0,0,0,0,0,37500.0,0.0,65890.77706864662,0.0,2257.9573930567167,10340685.135524765,0.0,10340685.135524765,1784695.3397025615,0.0,0.0,False,False,0.0,1.1920928955078125e-07,passed
constrained,2022-04-13,13101876.812144373,-83676.55711491458,-19641.55816026959,-64034.998954644994,10974437.555756576,11058114.11287149,13018200.255029459,0.0,0.0,717.8717227634043,0.0,0,0,0,0,37500.0,0.0,71532.14050938189,0.0,2367.014439593283,11279276.39512892,0.0,11279276.39512892,1822600.417015452,0.0,0.0,False,False,0.0,1.1920928955078125e-07,passed
unhedged,2022-04-14,1243097.449657666,10890345.341214772,35946.132596685085,10854399.208618088,10890345.341214772,0.0,12133442.790872438,0.0,0.0,68.1111966278404,0.0,0,0,0,0,37500.0,0.0,6772.16897439165,0.0,1174.7193167256753,0.0,0.0,0.0,1243097.449657666,0.0,0.0,False,False,0.0,1.1920928955078125e-07,passed
duration,2022-04-14,9306882.160413815,3638201.966844882,-11052.411757399112,3649254.378602281,10890345.341214772,7252143.37436989,12945084.127258696,0.0,0.0,509.9382039587945,0.0,0,0,0,0,37500.0,0.0,51393.71207543835,0.0,1984.778902413692,7397186.241857288,0.0,7397186.241857288,1909695.9185565263,0.0,0.0,False,False,0.0,1.1920928955078125e-07,passed
unweighted,2022-04-14,12126044.879636928,831047.432911947,-15753.829299406967,846801.262211354,10890345.341214772,10059297.908302825,12957092.312548876,0.0,0.0,664.4044096022844,0.0,0,0,0,0,37500.0,0.0,66555.18147824891,0.0,2257.9573930567167,10260483.866468882,0.0,10260483.866468882,1865561.0131680463,0.0,0.0,False,False,0.0,1.1920928955078125e-07,passed
constrained,2022-04-14,13102594.723202575,-84050.34503510689,-19677.72447930594,-64372.62055580095,10890345.341214772,10974395.68624988,13018544.378167467,0.0,0.0,717.9110582023859,0.0,0,0,0,0,37500.0,0.0,72250.05156758428,0.0,2367.014439593283,11193883.599974878,0.0,11193883.599974878,1908711.1232276969,0.0,0.0,False,False,0.0,1.1920928955078125e-07,passed
unhedged,2022-04-18,1243369.9317674271,10883677.281960769,37354.9723756906,10846322.309585078,10883677.281960769,0.0,12127047.213728195,0.0,0.0,272.4821097610984,0.0,0,0,0,0,37500.0,0.0,7044.651084152749,0.0,1174.7193167256753,0.0,0.0,0.0,1243369.9317674271,0.0,0.0,False,False,0.0,1.1920928955078125e-07,passed
duration,2022-04-18,9308922.192663148,3644977.863116515,-10896.866494502505,3655874.7296110173,10883677.281960769,7238699.418844254,12953900.055779662,0.0,0.0,2040.032249333337,0.0,0,0,0,0,37500.0,0.0,53433.74432477169,0.0,1984.778902413692,7383473.407221139,0.0,7383473.407221139,1925448.7854420086,0.0,0.0,False,False,0.0,1.1920928955078125e-07,passed
unweighted,2022-04-18,12128702.861352498,830898.7800690271,-15785.772901915576,846684.5529709427,10883677.281960769,10052778.501891742,12959601.641421525,0.0,0.0,2657.9817155692726,0.0,0,0,0,0,37500.0,0.0,69213.16319381818,0.0,2257.9573930567167,10253834.071929576,0.0,10253834.071929576,1874868.7894229218,0.0,0.0,False,False,0.0,1.1920928955078125e-07,passed
constrained,2022-04-18,13105466.760832854,-84153.93612918495,-19822.38975545132,-64331.546373733625,10883677.281960769,10967831.218089953,13021312.82470367,0.0,0.0,2872.037630278617,0.0,0,0,0,0,37500.0,0.0,75122.0891978629,0.0,2367.014439593283,11187187.842451753,0.0,11187187.842451753,1918278.9183811005,0.0,0.0,False,False,0.0,1.1920928955078125e-07,passed
unhedged,2022-04-19,1243438.061626702,10825801.12352098,37707.182320441985,10788093.941200538,10825801.12352098,0.0,12069239.185147682,0.0,0.0,68.12985927495174,0.0,0,0,0,0,37500.0,0.0,7112.780943427701,0.0,1174.7193167256753,0.0,0.0,0.0,1243438.061626702,0.0,0.0,False,False,0.0,1.1920928955078125e-07,passed
duration,2022-04-19,9309432.270591516,3636168.7701566913,-10857.980178778342,3647026.75033547,10825801.12352098,7189632.353364288,12945601.040748207,0.0,0.0,510.0779283680022,0.0,0,0,0,0,37500.0,0.0,53943.82225313969,0.0,1984.778902413692,7333425.000431574,0.0,7333425.000431574,1976007.270159942,0.0,0.0,False,False,0.0,1.1920928955078125e-07,passed
unweighted,2022-04-19,12129367.447810657,826975.27748234,-15793.75880254272,842769.0362848827,10825801.12352098,9998825.84603864,12956342.725292997,0.0,0.0,664.5864581596106,0.0,0,0,0,0,37500.0,0.0,69877.74965197779,0.0,2257.9573930567167,10198802.362959413,0.0,10198802.362959413,1930565.0848512445,0.0,0.0,False,False,0.0,1.1920928955078125e-07,passed
constrained,2022-04-19,13106184.868600573,-83992.85238392325,-19858.55607448766,-64134.296309435595,10825801.12352098,10909793.975904902,13022192.01621665,0.0,0.0,718.1077677197754,0.0,0,0,0,0,37500.0,0.0,75840.19696558267,0.0,2367.014439593283,11127989.855423002,0.0,11127989.855423002,1978195.0131775718,0.0,0.0,False,False,0.0,1.1920928955078125e-07,passed
unhedged,2022-04-20,1243506.1952191202,10869361.581435043,38059.39226519337,10831302.18916985,10869361.581435043,0.0,12112867.776654163,0.0,0.0,68.13359241816215,0.0,0,0,0,0,37500.0,0.0,7180.914535845863,0.0,1174.7193167256753,0.0,0.0,0.0,1243506.1952191202,0.0,0.0,False,False,0.0,1.1920928955078125e-07,passed
duration,2022-04-20,9309942.376469357,3627732.673016594,-10819.093863054191,3638551.766879648,10869361.581435043,7241628.9084184505,12937675.049485952,0.0,0.0,510.1058778408915,0.0,0,0,0,0,37500.0,0.0,54453.92813098058,0.0,1984.778902413692,7386461.486586819,0.0,7386461.486586819,1923480.8898825375,0.0,0.0,False,False,0.0,1.1920928955078125e-07,passed
unweighted,2022-04-20,12130032.070684511,829189.5205742852,-15801.744703169878,844991.2652774551,10869361.581435043,10040172.060860759,12959221.591258796,0.0,0.0,664.6228738538921,0.0,0,0,0,0,37500.0,0.0,70542.37252583168,0.0,2257.9573930567167,10240975.502077974,0.0,10240975.502077974,1889056.5686065368,0.0,0.0,False,False,0.0,1.1920928955078125e-07,passed
constrained,2022-04-20,13106903.015716663,-84075.08650976767,-19894.722393524004,-64180.36411624367,10869361.581435043,10953436.667944811,13022827.929206895,0.0,0.0,718.1471160892397,0.0,0,0,0,0,37500.0,0.0,76558.34408167191,0.0,2367.014439593283,11172505.401303709,0.0,11172505.401303709,1934397.614412954,0.0,0.0,False,False,0.0,1.1920928955078125e-07,passed
unhedged,2022-04-21,1243574.3325448858,10824733.47219968,38411.60220994475,10786321.869989736,10824733.47219968,0.0,12068307.804744566,0.0,0.0,68.13732576556504,0.0,0,0,0,0,37500.0,0.0,7249.051861611428,0.0,1174.7193167256753,0.0,0.0,0.0,1243574.3325448858,0.0,0.0,False,False,0.0,1.1920928955078125e-07,passed
duration,2022-04-21,9310452.510298204,3622968.684581316,-10780.207547330036,3633748.892128646,10824733.47219968,7201764.787618364,12933421.19487952,0.0,0.0,510.13382884673774,0.0,0,0,0,0,37500.0,0.0,54964.06195982732,0.0,1984.778902413692,7345800.083370731,0.0,7345800.083370731,1964652.4269274725,0.0,0.0,False,False,0.0,1.1920928955078125e-07,passed
unweighted,2022-04-21,12130696.729976052,826030.0064433455,-15809.730603797023,841839.7370471425,10824733.47219968,9998703.465756334,12956726.736419398,0.0,0.0,664.6592915412039,0.0,0,0,0,0,37500.0,0.0,71207.03181737289,0.0,2257.9573930567167,10198677.53507146,0.0,10198677.53507146,1932019.194904592,0.0,0.0,False,False,0.0,1.1920928955078125e-07,passed
constrained,2022-04-21,13107621.202183276,-84223.45644339077,-19930.888712560347,-64292.567730830415,10824733.47219968,10908956.928643072,13023397.745739887,0.0,0.0,718.1864666137844,0.0,0,0,0,0,37500.0,0.0,77276.5305482857,0.0,2367.014439593283,11127136.067215934,0.0,11127136.067215934,1980485.134967342,0.0,0.0,False,False,0.0,1.1920928955078125e-07,passed
unhedged,2022-04-22,1243642.4736042034,10830209.469126193,38763.812154696134,10791445.656971497,10830209.469126193,0.0,12073851.942730397,0.0,0.0,68.14105931762606,0.0,0,0,0,0,37500.0,0.0,7317.192920929054,0.0,1174.7193167256753,0.0,0.0,0.0,1243642.4736042034,0.0,0.0,False,False,0.0,1.1920928955078125e-07,passed
duration,2022-04-22,9310962.672079591,3623130.7525804746,-10741.321231605885,3633872.0738120805,10830209.469126193,7207078.716545719,12934093.424660066,0.0,0.0,510.1617813874036,0.0,0,0,0,0,37500.0,0.0,55474.22374121472,0.0,1984.778902413692,7351220.2908766335,0.0,7351220.2908766335,1959742.3812029576,0.0,0.0,False,False,0.0,1.1920928955078125e-07,passed
unweighted,2022-04-22,12131361.425687287,826666.8316870532,-15817.71650442418,842484.5481914774,10830209.469126193,10003542.63743914,12958028.25737434,0.0,0.0,664.6957112345845,0.0,0,0,0,0,37500.0,0.0,71871.72752860747,0.0,2257.9573930567167,10203613.490187922,0.0,10203613.490187922,1927747.9354993645,0.0,0.0,False,False,0.0,1.1920928955078125e-07,passed
constrained,2022-04-22,13108339.428002575,-83834.27673346728,-19967.05503159669,-63867.22170187059,10830209.469126193,10914043.74585966,13024505.151269108,0.0,0.0,718.2258192989975,0.0,0,0,0,0,37500.0,0.0,77994.75636758469,0.0,2367.014439593283,11132324.620776854,0.0,11132324.620776854,1976014.807225721,0.0,0.0,False,False,0.0,1.1920928955078125e-07,passed
unhedged,2022-04-25,1243846.9191855146,10894912.024116812,39820.441988950275,10855091.582127862,10894912.024116812,0.0,12138758.943302326,0.0,0.0,204.44558131112717,0.0,0,0,0,0,37500.0,0.0,7521.638502240181,0.0,1174.7193167256753,0.0,0.0,0.0,1243846.9191855146,0.0,0.0,False,False,0.0,1.1920928955078125e-07,passed
duration,2022-04-25,9312493.3251543,3622932.4345045327,-10624.662284433434,3633557.096788966,10894912.024116812,7271979.589612279,12935425.759658834,0.0,0.0,1530.6530747096986,0.0,0,0,0,0,37500.0,0.0,57004.87681592442,0.0,1984.778902413692,7417419.1814045245,0.0,7417419.1814045245,1895074.1437497763,0.0,0.0,False,False,0.0,1.1920928955078125e-07,passed
unweighted,2022-04-25,12133355.731359065,830912.1205930624,-15841.674206305639,846753.794799368,10894912.024116812,10063999.903523749,12964267.851952126,0.0,0.0,1994.3056717775762,0.0,0,0,0,0,37500.0,0.0,73866.03320038505,0.0,2257.9573930567167,10265279.901594223,0.0,10265279.901594223,1868075.8297648411,0.0,0.0,False,False,0.0,1.1920928955078125e-07,passed
constrained,2022-04-25,13110494.341598134,-83571.05221345623,-20075.553988705728,-63495.49822475051,10894912.024116812,10978483.076330269,13026923.289384678,0.0,0.0,2154.9135955590755,0.0,0,0,0,0,37500.0,0.0,80149.66996314377,0.0,2367.014439593283,11198052.737856874,0.0,11198052.737856874,1912441.6037412602,0.0,0.0,False,False,0.0,1.1920928955078125e-07,passed
unhedged,2022-04-26,1243915.0751810865,10928501.134769592,40172.65193370165,10888328.48283589,10928501.134769592,0.0,12172416.209950678,0.0,0.0,68.15599557198584,0.0,0,0,0,0,37500.0,0.0,7589.794497812167,0.0,1174.7193167256753,0.0,0.0,0.0,1243915.0751810865,0.0,0.0,False,False,0.0,1.1920928955078125e-07,passed
duration,2022-04-26,9313003.598761158,3627244.155462808,-10585.775968709273,3637829.9314315175,10928501.134769592,7301256.979306784,12940247.754223965,0.0,0.0,510.2736068572849,0.0,0,0,0,0,37500.0,0.0,57515.150422781706,0.0,1984.778902413692,7447282.11889292,0.0,7447282.11889292,1865721.4798682379,0.0,0.0,False,False,0.0,1.1920928955078125e-07,passed
unweighted,2022-04-26,12134020.572769003,833134.9161306426,-15849.66010693279,848984.5762375754,10928501.134769592,10095366.21863895,12967155.488899646,0.0,0.0,664.8414099384099,0.0,0,0,0,0,37500.0,0.0,74530.87461032346,0.0,2257.9573930567167,10297273.543011729,0.0,10297273.543011729,1836747.0297572743,0.0,0.0,False,False,0.0,1.1920928955078125e-07,passed
constrained,2022-04-26,13111212.72484973,-83683.49771530356,-20111.72030774207,-63571.77740756149,10928501.134769592,11012184.632484896,13027529.227134427,0.0,0.0,718.3832515962422,0.0,0,0,0,0,37500.0,0.0,80868.05321474001,0.0,2367.014439593283,11232428.325134594,0.0,11232428.325134594,1878784.3997151367,0.0,0.0,False,False,0.0,1.1920928955078125e-07,passed
unhedged,2022-04-27,1243983.2349112337,10902520.328606952,40524.86187845304,10861995.4667285,10902520.328606952,0.0,12146503.563518185,0.0,0.0,68.15973014710471,0.0,0,0,0,0,37500.0,0.0,7657.9542279592715,0.0,1174.7193167256753,0.0,0.0,0.0,1243983.2349112337,0.0,0.0,False,False,0.0,1.1920928955078125e-07,passed
duration,2022-04-27,9313513.900328215,3630477.0734605473,-10546.88965298512,3641023.9631135324,10902520.328606952,7272043.255146405,12943990.973788762,0.0,0.0,510.3015670571476,0.0,0,0,0,0,37500.0,0.0,58025.45198983885,0.0,1984.778902413692,7417484.120249333,0.0,7417484.120249333,1896029.7800788824,0.0,0.0,False,False,0.0,1.1920928955078125e-07,passed
unweighted,2022-04-27,12134685.450608607,831667.257393188,-15857.646007559933,847524.9034007479,10902520.328606952,10070853.071213763,12966352.708001796,0.0,0.0,664.8778396043926,0.0,0,0,0,0,37500.0,0.0,75195.75244992785,0.0,2257.9573930567167,10272270.132638039,0.0,10272270.132638039,1862415.3179705683,0.0,0.0,False,False,0.0,1.1920928955078125e-07,passed
constrained,2022-04-27,13111931.147464793,-83699.69785872973,-20147.886626778414,-63551.81123195132,10902520.328606952,10986220.026465682,13028231.449606063,0.0,0.0,718.4226150624454,0.0,0,0,0,0,37500.0,0.0,81586.47582980245,0.0,2367.014439593283,11205944.426994996,0.0,11205944.426994996,1905986.720469797,0.0,0.0,False,False,0.0,1.1920928955078125e-07,passed
unhedged,2022-04-28,1244051.3983761603,10877375.698622618,40877.07182320442,10836498.626799414,10877375.698622618,0.0,12121427.096998777,0.0,0.0,68.16346492664889,0.0,0,0,0,0,37500.0,0.0,7726.11769288592,0.0,1174.7193167256753,0.0,0.0,0.0,1244051.3983761603,0.0,0.0,False,False,0.0,1.1920928955078125e-07,passed
duration,2022-04-28,9314024.229857001,3627346.576618254,-10508.003337260965,3637854.579955515,10877375.698622618,7250029.122004364,12941370.806475256,0.0,0.0,510.329528786242,0.0,0,0,0,0,37500.0,0.0,58535.781518625095,0.0,1984.778902413692,7395029.704444451,0.0,7395029.704444451,1918994.5254125502,0.0,0.0,False,False,0.0,1.1920928955078125e-07,passed
unweighted,2022-04-28,12135350.364879875,829764.0384299625,-15865.631908187084,845629.6703381495,10877375.698622618,10047611.660192655,12965114.403309837,0.0,0.0,664.914271267131,0.0,0,0,0,0,37500.0,0.0,75860.66672119498,0.0,2257.9573930567167,10248563.893396508,0.0,10248563.893396508,1886786.4714833666,0.0,0.0,False,False,0.0,1.1920928955078125e-07,passed
constrained,2022-04-28,13112649.609445475,-83915.31575829384,-20184.05294581475,-63731.26281247909,10877375.698622618,10961291.014380911,13028734.293687182,0.0,0.0,718.4619806818664,0.0,0,0,0,0,37500.0,0.0,82304.93781048432,0.0,2367.014439593283,11180516.83466853,0.0,11180516.83466853,1932132.774776945,0.0,0.0,False,False,0.0,1.1920928955078125e-07,passed
unhedged,2022-04-29,1244119.5655760714,10842190.398619443,41229.2817679558,10800961.116851488,10842190.398619443,0.0,12086309.964195514,0.0,0.0,68.16719991108403,0.0,0,0,0,0,37500.0,0.0,7794.284892797004,0.0,1174.7193167256753,0.0,0.0,0.0,1244119.5655760714,0.0,0.0,False,False,0.0,1.1920928955078125e-07,passed
duration,2022-04-29,9314534.587349048,3625135.02747747,-10469.117021536817,3635604.144499007,10842190.398619443,7217055.371141974,12939669.614826519,0.0,0.0,510.3574920464307,0.0,0,0,0,0,37500.0,0.0,59046.139010671526,0.0,1984.778902413692,7361396.478564814,0.0,7361396.478564814,1953138.1087842342,0.0,0.0,False,False,0.0,1.1920928955078125e-07,passed
unweighted,2022-04-29,12136015.3155848,827455.4209337073,-15873.61780881424,843329.0387425215,10842190.398619443,10014734.977685736,12963470.736518506,0.0,0.0,664.9507049247622,0.0,0,0,0,0,37500.0,0.0,76525.61742611974,0.0,2257.9573930567167,10215029.677239452,0.0,10215029.677239452,1920985.6383453477,0.0,0.0,False,False,0.0,1.1920928955078125e-07,passed
constrained,2022-04-29,13113368.110793937,-83894.41121007768,-20220.219264851105,-63674.19194522658,10842190.398619443,10926084.809829522,13029473.69958386,0.0,0.0,718.5013484619558,0.0,0,0,0,0,37500.0,0.0,83023.43915894628,0.0,2367.014439593283,11144606.506026113,0.0,11144606.506026113,1968761.6047678236,0.0,0.0,False,False,0.0,1.1920928955078125e-07,passed
unhedged,2022-05-02,1270574.0895877576,10762455.391842201,16031.182440547682,10746424.209401654,10762455.391842201,0.0,12033029.481429959,26250.0,0.0,204.52401168621145,0.0,0.0,-0.0,0.0,0,63750.0,0.0,7998.808904483216,0.0,1174.7193167256753,0.0,0.0,0.0,1270574.0895877576,0.0,0.0,False,False,0.0,1.1920928955078125e-07,passed
duration,2022-05-02,9391950.578810204,3555509.9315249776,-36972.26227548355,3592482.193800461,10762455.391842201,7206945.460317223,12947460.51033518,26250.0,0.0,1531.2402710374445,0.0,4.963971516163503,49639.715161635024,49639.715161635024,0,63750.0,0.0,60577.37928170897,0.0,1989.7428739298557,7351084.369523568,0.0,7351084.369523568,2040866.2092866357,0.0,0.0,False,False,-3.686801974822629e-10,1.1920928955078125e-07,passed
unweighted,2022-05-02,12225322.04214168,736895.7583566714,-42388.100103001954,779283.8584596734,10763462.934203513,10026567.175846841,12962217.800498351,26250.0,0.0,1995.070736695081,0.0,6.44821310256453,61068.104033287695,64482.1310256453,0,63750.0,0.0,78520.68816281483,0.0,2264.4056061592814,10227098.519363778,0.0,10227098.519363778,1998223.522777902,0.0,0.0,False,False,1.8849988236979698e-10,1.1920928955078125e-07,passed
constrained,2022-05-02,13141896.101239812,-110577.4869893614,-46596.897770913645,-63980.58921844775,10762866.740689773,10873444.227679133,13031318.61425045,26250.0,0.0,2155.740273643285,0.0,2.810024604728339,125.06019683517457,28100.246047283388,0,63750.0,0.0,85179.17943258956,0.0,2369.8244641980114,11090913.112232717,0.0,11090913.112232717,2050982.9890070949,0.0,0.0,False,False,9.001421830134859e-10,1.1920928955078125e-07,passed
unhedged,2022-05-03,1270643.7100858174,10770258.326309903,16381.027804467929,10753877.298505435,10770258.326309903,0.0,12040902.03639572,0.0,0.0,69.62049805978313,0.0,0,0,0,0,63750.0,0.0,8068.429402542999,0.0,1174.7193167256753,0.0,0.0,0.0,1270643.7100858174,0.0,0.0,False,False,0.0,1.1920928955078125e-07,passed
duration,2022-05-03,9392465.20623918,3548684.446687735,-36937.91360630158,3585622.3602940366,10770258.326309903,7221573.879622168,12941149.652926916,0.0,0.0,514.6274289768189,0.0,0,0,0,0,63750.0,0.0,61092.00671068579,0.0,1989.7428739298557,7366005.357214611,0.0,7366005.357214611,2026459.8490245696,0.0,0.0,False,False,0.0,1.1920928955078125e-07,passed
unweighted,2022-05-03,12225991.922801524,737040.883646198,-42399.9264864544,779440.8101326524,10771272.915778548,10034232.032132348,12963032.806447722,0.0,0.0,669.8806598447263,0.0,0,0,0,0,63750.0,0.0,79190.56882265955,0.0,2264.4056061592814,10234916.672774995,0.0,10234916.672774995,1991075.2500265297,0.0,0.0,False,False,0.0,1.1920928955078125e-07,passed
constrained,2022-05-03,13142616.20513577,-110558.57548838954,-46635.47412492902,-63923.101363460526,10770672.552276682,10881231.12776507,13032057.62964738,0.0,0.0,720.103895958513,0.0,0,0,0,0,63750.0,0.0,85899.28332854807,0.0,2369.8244641980114,11098855.750320373,0.0,11098855.750320373,2043760.454815397,0.0,0.0,False,False,0.0,1.1920928955078125e-07,passed
unhedged,2022-05-04,1270713.3343986988,10804313.915224556,16730.87316838818,10787583.042056167,10804313.915224556,0.0,12075027.249623254,0.0,0.0,69.62431288138032,0.0,0,0,0,0,63750.0,0.0,8138.053715424379,0.0,1174.7193167256753,0.0,0.0,0.0,1270713.3343986988,0.0,0.0,False,False,0.0,1.1920928955078125e-07,passed
duration,2022-05-04,9392979.86186692,3560123.132268189,-36903.564937119605,3597026.697205309,10804313.915224556,7244190.782956366,12953102.994135108,0.0,0.0,514.6556277386844,0.0,0,0,0,0,63750.0,0.0,61606.662338424474,0.0,1989.7428739298557,7389074.598615494,0.0,7389074.598615494,2003905.2632514257,0.0,0.0,False,False,0.0,1.1920928955078125e-07,passed
unweighted,2022-05-04,12226661.840167157,739640.098659094,-42411.752869906835,782051.8515290008,10805328.681125386,10065688.582466291,12966301.938826252,0.0,0.0,669.9173656329513,0.0,0,0,0,0,63750.0,0.0,79860.4861882925,0.0,2264.4056061592814,10267002.354115617,0.0,10267002.354115617,1959659.4860515408,0.0,0.0,False,False,0.0,1.1920928955078125e-07,passed
constrained,2022-05-04,13143336.348489476,-110533.56713996414,-46674.05047894437,-63859.51666101977,10804728.21322322,10915261.780363183,13032802.781349512,0.0,0.0,720.1433537062258,0.0,0,0,0,0,63750.0,0.0,86619.4266822543,0.0,2369.8244641980114,11133567.015970448,0.0,11133567.015970448,2009769.3325190283,0.0,0.0,False,False,0.0,1.1920928955078125e-07,passed
unhedged,2022-05-05,1270782.9625266113,10735590.087199561,17080.71853230843,10718509.368667252,10735590.087199561,0.0,12006373.049726173,0.0,0.0,69.62812791252509,0.0,0,0,0,0,63750.0,0.0,8207.681843336904,0.0,1174.7193167256753,0.0,0.0,0.0,1270782.9625266113,0.0,0.0,False,False,0.0,1.1920928955078125e-07,passed
duration,2022-05-05,9393494.545694968,3570731.5606052643,-36869.21626793764,3607600.776873202,10735590.087199561,7164858.526594297,12964226.106300231,0.0,0.0,514.683828048408,0.0,0,0,0,0,63750.0,0.0,62121.34616647288,0.0,1989.7428739298557,7308155.697126183,0.0,7308155.697126183,2085338.848568785,0.0,0.0,False,False,0.0,1.1920928955078125e-07,passed
unweighted,2022-05-05,12227331.794240592,735892.9483889961,-42423.57925335928,778316.5276423553,10736582.000019616,10000689.05163062,12963224.742629588,0.0,0.0,669.9540734346956,0.0,0,0,0,0,63750.0,0.0,80530.4402617272,0.0,2264.4056061592814,10200702.832663232,0.0,10200702.832663232,2026628.9615773596,0.0,0.0,False,False,0.0,1.1920928955078125e-07,passed
constrained,2022-05-05,13144056.531303095,-110703.90379433712,-46712.62683295974,-63991.276961377385,10735995.054981649,10846698.958775986,13033352.627508758,0.0,0.0,720.1828136183321,0.0,0,0,0,0,63750.0,0.0,87339.60949587263,0.0,2369.8244641980114,11063632.937951505,0.0,11063632.937951505,2080423.5933515895,0.0,0.0,False,False,0.0,1.1920928955078125e-07,passed
unhedged,2022-05-06,1270852.5944697636,10695021.407571357,17430.56389622868,10677590.843675127,10695021.407571357,0.0,11965874.00204112,0.0,0.0,69.63194315228611,0.0,0,0,0,0,63750.0,0.0,8277.31378648919,0.0,1174.7193167256753,0.0,0.0,0.0,1270852.5944697636,0.0,0.0,False,False,0.0,1.1920928955078125e-07,passed
duration,2022-05-06,9394009.25772487,3577138.74145317,-36834.86759875567,3613973.6090519256,10695021.407571357,7117882.666118187,12971147.99917804,0.0,0.0,514.7120299022645,0.0,0,0,0,0,63750.0,0.0,62636.05819637515,0.0,1989.7428739298557,7260240.319440551,0.0,7260240.319440551,2133768.938284319,0.0,0.0,False,False,0.0,1.1920928955078125e-07,passed
unweighted,2022-05-06,12228001.78502384,733525.4923420345,-42435.405636811716,775960.8979788462,10696001.059665587,9962475.567323552,12961527.277365874,0.0,0.0,669.9907832480967,0.0,0,0,0,0,63750.0,0.0,81200.4310449753,0.0,2264.4056061592814,10161725.078670023,0.0,10161725.078670023,2066276.7063538171,0.0,0.0,False,False,0.0,1.1920928955078125e-07,passed
constrained,2022-05-06,13144776.753578784,-110996.63338405377,-46751.2031869751,-64245.43019707867,10695421.36967266,10806418.003056714,13033780.12019473,0.0,0.0,720.2222756892443,0.0,0,0,0,0,63750.0,0.0,88059.83177156188,0.0,2369.8244641980114,11022546.36311785,0.0,11022546.36311785,2122230.3904609345,0.0,0.0,False,False,0.0,1.1920928955078125e-07,passed
unhedged,2022-05-09,1271061.51319275,10757260.979281858,18480.09998798943,10738780.879293868,10757260.979281858,0.0,12028322.492474608,0.0,0.0,208.9187229864765,0.0,0,0,0,0,63750.0,0.0,8486.232509475667,0.0,1174.7193167256753,0.0,0.0,0.0,1271061.51319275,0.0,0.0,False,False,0.0,1.1920928955078125e-07,passed
duration,2022-05-09,9395553.56304115,3584566.008638146,-36731.821591209766,3621297.8302293555,10757260.979281858,7172694.970643711,12980119.571679296,0.0,0.0,1544.3053162805736,0.0,0,0,0,0,63750.0,0.0,64180.36351265572,0.0,1989.7428739298557,7316148.870056585,0.0,7316148.870056585,2079404.6929845652,0.0,0.0,False,False,0.0,1.1920928955078125e-07,passed
unweighted,2022-05-09,12230011.97765257,737591.8507525184,-42470.88478716904,780062.7355396874,10758248.40359374,10020656.55284122,12967603.828405088,0.0,0.0,2010.1926287300885,0.0,0,0,0,0,63750.0,0.0,83210.62367370538,0.0,2264.4056061592814,10221069.683898045,0.0,10221069.683898045,2008942.2937545255,0.0,0.0,False,False,0.0,1.1920928955078125e-07,passed
constrained,2022-05-09,13146937.657199906,-111000.6111365521,-46866.9322490212,-64133.67888753091,10757664.114542818,10868664.72567937,13035937.046063354,0.0,0.0,2160.903621122241,0.0,0,0,0,0,63750.0,0.0,90220.73539268412,0.0,2369.8244641980114,11086038.020192957,0.0,11086038.020192957,2060899.6370069496,0.0,0.0,False,False,0.0,1.1920928955078125e-07,passed
unhedged,2022-05-10,1271131.1603989524,10790939.910559757,18829.94535190968,10772109.965207847,10790939.910559757,0.0,12062071.07095871,0.0,0.0,69.64720620238222,0.0,0,0,0,0,63750.0,0.0,8555.87971567805,0.0,1174.7193167256753,0.0,0.0,0.0,1271131.1603989524,0.0,0.0,False,False,0.0,1.1920928955078125e-07,passed
duration,2022-05-10,9396068.38789392,3575492.6040307106,-36697.472922027795,3612190.076952738,10790939.910559757,7215447.306529046,12971560.991924632,0.0,0.0,514.8248527701944,0.0,0,0,0,0,63750.0,0.0,64695.188365425915,0.0,1989.7428739298557,7359756.252659627,0.0,7359756.252659627,2036312.1352342935,0.0,0.0,False,False,0.0,1.1920928955078125e-07,passed
unweighted,2022-05-10,12230682.115295183,739484.3641563226,-42482.71117062147,781967.075326944,10791939.228051046,10052454.863894723,12970166.479451505,0.0,0.0,670.1376426126808,0.0,0,0,0,0,63750.0,0.0,83880.76131631806,0.0,2264.4056061592814,10253503.961172618,0.0,10253503.961172618,1977178.154122565,0.0,0.0,False,False,0.0,1.1920928955078125e-07,passed
constrained,2022-05-10,13147658.037345508,-110624.86341114939,-46905.50860303657,-63719.35480811282,10791347.901443498,10901972.76485465,13037033.17393436,0.0,0.0,720.3801456019282,0.0,0,0,0,0,63750.0,0.0,90941.11553828605,0.0,2369.8244641980114,11120012.220151743,0.0,11120012.220151743,2027645.8171937652,0.0,0.0,False,False,0.0,1.1920928955078125e-07,passed
unhedged,2022-05-11,1271200.81142144,10818785.940681782,19179.79071582993,10799606.149965951,10818785.940681782,0.0,12089986.75210322,0.0,0.0,69.65102248755284,0.0,0,0,0,0,63750.0,0.0,8625.530738165602,0.0,1174.7193167256753,0.0,0.0,0.0,1271200.81142144,0.0,0.0,False,False,0.0,1.1920928955078125e-07,passed
duration,2022-05-11,9396583.240956271,3568995.5500064227,-36663.124252845824,3605658.6742592687,10818785.940681782,7249790.390675359,12965578.790962694,0.0,0.0,514.8530623503029,0.0,0,0,0,0,63750.0,0.0,65210.04142777622,0.0,1989.7428739298557,7394786.198488867,0.0,7394786.198488867,2001797.0424674042,0.0,0.0,False,False,0.0,1.1920928955078125e-07,passed
unweighted,2022-05-11,12231352.289657664,741052.7217792944,-42494.53755407391,783547.2593333684,10819795.136263276,10078742.414483981,12972405.011436958,0.0,0.0,670.1743624806404,0.0,0,0,0,0,63750.0,0.0,84550.9356787987,0.0,2264.4056061592814,10280317.262773661,0.0,10280317.262773661,1951035.0268840026,0.0,0.0,False,False,0.0,1.1920928955078125e-07,passed
constrained,2022-05-11,13148378.456963992,-110367.2869521621,-46944.084957051935,-63423.20199511017,10819197.964488782,10929565.251440944,13038011.17001183,0.0,0.0,720.4196184836328,0.0,0,0,0,0,63750.0,0.0,91661.53515676968,0.0,2369.8244641980114,11148156.556469763,0.0,11148156.556469763,2000221.900494229,0.0,0.0,False,False,0.0,1.1920928955078125e-07,passed
unhedged,2022-05-12,1271270.4662604223,10868957.16241028,19529.63607975018,10849427.526330529,10868957.16241028,0.0,12140227.628670702,0.0,0.0,69.65483898227103,0.0,0,0,0,0,63750.0,0.0,8695.185577147873,0.0,1174.7193167256753,0.0,0.0,0.0,1271270.4662604223,0.0,0.0,False,False,0.0,1.1920928955078125e-07,passed
duration,2022-05-12,9397098.12222975,3571290.2449109405,-36628.77558366386,3607919.0204946045,10868957.16241028,7297666.91749934,12968388.36714069,0.0,0.0,514.8812734782696,0.0,0,0,0,0,63750.0,0.0,65724.92270125449,0.0,1989.7428739298557,7443620.255849327,0.0,7443620.255849327,1953477.8663804224,0.0,0.0,False,False,0.0,1.1920928955078125e-07,passed
unweighted,2022-05-12,12232022.50074203,744501.539134916,-42506.36393752635,787007.9030724424,10869972.396962194,10125470.857827278,12976524.039876945,0.0,0.0,670.2110843658447,0.0,0,0,0,0,63750.0,0.0,85221.14676316455,0.0,2264.4056061592814,10327980.274983823,0.0,10327980.274983823,1904042.225758206,0.0,0.0,False,False,0.0,1.1920928955078125e-07,passed
constrained,2022-05-12,13149098.916057525,-109975.439811154,-46982.6613110673,-62992.77850008671,10869371.651744902,10979347.091556057,13039123.476246372,0.0,0.0,720.4590935334563,0.0,0,0,0,0,63750.0,0.0,92381.99425030313,0.0,2369.8244641980114,11198934.033387179,0.0,11198934.033387179,1950164.8826703466,0.0,0.0,False,False,0.0,1.1920928955078125e-07,passed
unhedged,2022-05-13,1271340.1249161076,10812942.927543094,19879.481443670433,10793063.446099425,10812942.927543094,0.0,12084283.052459203,0.0,0.0,69.65865568537265,0.0,0,0,0,0,63750.0,0.0,8764.844232833246,0.0,1174.7193167256753,0.0,0.0,0.0,1271340.1249161076,0.0,0.0,False,False,0.0,1.1920928955078125e-07,passed
duration,2022-05-13,9397613.031715898,3575767.0859501157,-36594.42691448189,3612361.5128645976,10812942.927543094,7237175.841592979,12973380.117666014,0.0,0.0,514.9094861485064,0.0,0,0,0,0,63750.0,0.0,66239.832187403,0.0,1989.7428739298557,7381919.358424839,0.0,7381919.358424839,2015693.6732910592,0.0,0.0,False,False,0.0,1.1920928955078125e-07,passed
unweighted,2022-05-13,12232692.748550288,741136.1211587125,-42518.19032097879,783654.3114796913,10813942.747479936,10072806.626321224,12973828.869709,0.0,0.0,670.2478082589805,0.0,0,0,0,0,63750.0,0.0,85891.39457142353,0.0,2264.4056061592814,10274262.758847648,0.0,10274262.758847648,1958429.98970264,0.0,0.0,False,False,0.0,1.1920928955078125e-07,passed
constrained,2022-05-13,13149819.414628267,-110239.40546994242,-47021.23766508266,-63218.16780485975,10813351.123560047,10923590.52902999,13039580.009158324,0.0,0.0,720.4985707420856,0.0,0,0,0,0,63750.0,0.0,93102.49282104522,0.0,2369.8244641980114,11142062.33961059,0.0,11142062.33961059,2007757.0750176776,0.0,0.0,False,False,0.0,1.1920928955078125e-07,passed
unhedged,2022-05-16,1271549.1237854771,10854684.286883365,20929.017535431183,10833755.269347934,10854684.286883365,0.0,12126233.410668842,0.0,0.0,208.99886936950497,0.0,0,0,0,0,63750.0,0.0,8973.84310220275,0.0,1174.7193167256753,0.0,0.0,0.0,1271549.1237854771,0.0,0.0,False,False,0.0,1.1920928955078125e-07,passed
duration,2022-05-16,9342053.027718216,3633456.1910431515,20618.664808541893,3612837.5262346095,10854684.286883365,7221228.095840215,12975509.218761368,-57104.90174762889,0.0,1544.897749947384,0.0,0,0,0,0,6645.098252371114,0.0,67784.72993735038,0.0,1989.7428739298557,7365652.65775702,0.0,7365652.65775702,1976400.3699611966,0.0,0.0,False,False,-1.6007106751203537e-10,1.1920928955078125e-07,passed
unweighted,2022-05-16,12197496.082979195,781236.0740149833,-5342.688475882443,786578.7624908657,10855676.189915368,10074440.115900384,12978732.156994179,-37207.629359371575,0.0,2010.963788278401,0.0,0,0,0,0,26542.370640628425,0.0,87902.35835970193,0.0,2264.4056061592814,10275928.918218393,0.0,10275928.918218393,1921567.164760802,0.0,0.0,False,False,-3.8562575355172157e-10,1.1920928955078125e-07,passed
constrained,2022-05-16,13113373.154993163,-71175.98284627126,-8525.496715148272,-62650.48613112299,10855089.250669291,10926265.233515562,13042197.172146892,-38607.9922322334,0.0,2161.7325971294194,0.0,0,0,0,0,25142.007767766598,0.0,95264.22541817464,0.0,2369.8244641980114,11144790.538185874,0.0,11144790.538185874,1968582.6168072894,0.0,0.0,False,False,1.1641532182693481e-10,1.1920928955078125e-07,passed
unhedged,2022-05-17,1271618.7977100683,10789065.945833761,21278.86289935143,10767787.08293441,10789065.945833761,0.0,12060684.74354383,0.0,0.0,69.67392459115945,0.0,0,0,0,0,63750.0,0.0,9043.51702679391,0.0,1174.7193167256753,0.0,0.0,0.0,1271618.7977100683,0.0,0.0,False,False,0.0,1.1920928955078125e-07,passed
duration,2022-05-17,9342564.921034804,3625676.186883229,20658.15744557285,3605018.029437656,10789065.945833761,7163389.7589505315,12968241.107918032,0.0,0.0,511.8933165874332,0.0,0,0,0,0,6645.098252371114,0.0,68296.62325393781,0.0,1989.7428739298557,7306657.554129542,0.0,7306657.554129542,2035907.3669052618,0.0,0.0,False,False,0.0,1.1920928955078125e-07,passed
unweighted,2022-05-17,12198164.438928949,776896.9127185305,-5351.16322325279,782248.0759417833,10790047.176073855,10013150.263355324,12975061.35164748,0.0,0.0,668.3559497538954,0.0,0,0,0,0,26542.370640628425,0.0,88570.71430945583,0.0,2264.4056061592814,10213413.26862243,0.0,10213413.26862243,1984751.1703065187,0.0,0.0,False,False,0.0,1.1920928955078125e-07,passed
constrained,2022-05-17,13114091.695987958,-71240.01202852358,-8560.595289416562,-62679.416739107015,10789466.552243935,10860706.56427246,13042851.683959436,0.0,0.0,718.5409947950393,0.0,0,0,0,0,25142.007767766598,0.0,95982.76641296968,0.0,2369.8244641980114,11077920.69555791,0.0,11077920.69555791,2036171.0004300494,0.0,0.0,False,False,0.0,1.1920928955078125e-07,passed
unhedged,2022-05-18,1271688.4754524084,10843656.513530143,21628.70826327168,10822027.80526687,10843656.513530143,0.0,12115344.98898255,0.0,0.0,69.67774234013632,0.0,0,0,0,0,63750.0,0.0,9113.194769134047,0.0,1174.7193167256753,0.0,0.0,0.0,1271688.4754524084,0.0,0.0,False,False,0.0,1.1920928955078125e-07,passed
duration,2022-05-18,9343076.84240034,3618819.114316594,20697.650082603817,3598121.46423399,10843656.513530143,7224837.39921355,12961895.956716934,0.0,0.0,511.92136553674936,0.0,0,0,0,0,6645.098252371114,0.0,68808.54461947456,0.0,1989.7428739298557,7369334.147197821,0.0,7369334.147197821,1973742.6952025192,0.0,0.0,False,False,0.0,1.1920928955078125e-07,passed
unweighted,2022-05-18,12198832.831500944,779877.3762095737,-5359.637970623135,785237.0141801968,10844655.219330465,10064777.843120892,12978710.207710518,0.0,0.0,668.3925719950348,0.0,0,0,0,0,26542.370640628425,0.0,89239.10688145086,0.0,2264.4056061592814,10266073.39998331,0.0,10266073.39998331,1932759.4315176345,0.0,0.0,False,False,0.0,1.1920928955078125e-07,passed
constrained,2022-05-18,13114810.276354862,-71189.58320242877,-8595.69386368485,-62593.88933874392,10844064.254679102,10915253.83788153,13043620.693152433,0.0,0.0,718.580366903916,0.0,0,0,0,0,25142.007767766598,0.0,96701.3467798736,0.0,2369.8244641980114,11133558.91463916,0.0,11133558.91463916,1981251.3617157023,0.0,0.0,False,False,0.0,1.1920928955078125e-07,passed
unhedged,2022-05-19,1271758.1570127073,10871982.725592446,21978.55362719193,10850004.171965254,10871982.725592446,0.0,12143740.882605152,0.0,0.0,69.6815602988936,0.0,0,0,0,0,63750.0,0.0,9182.87632943294,0.0,1174.7193167256753,0.0,0.0,0.0,1271758.1570127073,0.0,0.0,False,False,0.0,1.1920928955078125e-07,passed
duration,2022-05-19,9343588.791816363,3622343.8618268324,20737.14271963478,3601606.7191071976,10871982.725592446,7249638.863765613,12965932.653643195,0.0,0.0,511.94941602274776,0.0,0,0,0,0,6645.098252371114,0.0,69320.49403549731,0.0,1989.7428739298557,7394631.641040926,0.0,7394631.641040926,1948957.1507754372,0.0,0.0,False,False,0.0,1.1920928955078125e-07,passed
unweighted,2022-05-19,12199501.260697193,781931.707422077,-5368.112717993477,787299.8201400704,10872983.813485688,10091052.10606361,12981432.968119271,0.0,0.0,668.4291962496936,0.0,0,0,0,0,26542.370640628425,0.0,89907.53607770056,0.0,2264.4056061592814,10292873.148184882,0.0,10292873.148184882,1906628.112512311,0.0,0.0,False,False,0.0,1.1920928955078125e-07,passed
constrained,2022-05-19,13115528.896096034,-70964.01187745735,-8630.792437953138,-62333.21943950421,10872391.439277364,10943355.45115482,13044564.884218577,0.0,0.0,718.6197411715984,0.0,0,0,0,0,25142.007767766598,0.0,97419.9665210452,0.0,2369.8244641980114,11162222.560177917,0.0,11162222.560177917,1953306.3359181173,0.0,0.0,False,False,0.0,1.1920928955078125e-07,passed
unhedged,2022-05-20,1271827.842391174,10905334.6142743,22328.398991112175,10883006.215283189,10905334.6142743,0.0,12177162.456665475,0.0,0.0,69.6853784667328,0.0,0,0,0,0,63750.0,0.0,9252.561707899673,0.0,1174.7193167256753,0.0,0.0,0.0,1271827.842391174,0.0,0.0,False,False,0.0,1.1920928955078125e-07,passed
duration,2022-05-20,9344100.76928441,3620392.9495716915,20776.635356665738,3599616.314215026,10905334.6142743,7284941.66470261,12964493.718856102,0.0,0.0,511.97746804729104,0.0,0,0,0,0,6645.098252371114,0.0,69832.4715035446,0.0,1989.7428739298557,7430640.497996663,0.0,7430640.497996663,1913460.2712877477,0.0,0.0,False,False,0.0,1.1920928955078125e-07,passed
unweighted,2022-05-20,12200169.726519698,783670.728644507,-5376.587465363825,789047.3161098708,10906346.172548084,10122675.443903577,12983840.455164205,0.0,0.0,668.4658225048333,0.0,0,0,0,0,26542.370640628425,0.0,90576.00190020539,0.0,2264.4056061592814,10325128.952781647,0.0,10325128.952781647,1875040.7737380508,0.0,0.0,False,False,0.0,1.1920928955078125e-07,passed
constrained,2022-05-20,13116247.55521363,-71141.62213632489,-8665.891012221427,-62475.73112410346,10905747.602696575,10976889.2248329,13045105.933077306,0.0,0.0,718.659117596224,0.0,0,0,0,0,25142.007767766598,0.0,98138.62563864142,0.0,2369.8244641980114,11196427.009329557,0.0,11196427.009329557,1919820.5458840728,0.0,0.0,False,False,0.0,1.1920928955078125e-07,passed
unhedged,2022-05-23,1272036.9214376719,10856140.48840189,23377.93508287293,10832762.553319016,10856140.48840189,0.0,12128177.409839561,0.0,0.0,209.07904649781995,0.0,0,0,0,0,63750.0,0.0,9461.640754397493,0.0,1174.7193167256753,0.0,0.0,0.0,1272036.9214376719,0.0,0.0,False,False,0.0,1.1920928955078125e-07,passed
duration,2022-05-23,9345636.870016055,3622867.8885933617,20895.11326775863,3601972.775325603,10856140.48840189,7233272.599808528,12968504.758609418,0.0,0.0,1536.1007316447794,0.0,0,0,0,0,6645.098252371114,0.0,71368.57223518938,0.0,1989.7428739298557,7377938.051804699,0.0,7377938.051804699,1967698.8182113562,0.0,0.0,False,False,0.0,1.1920928955078125e-07,passed
unweighted,2022-05-23,12202175.343764827,780957.0877963463,-5402.011707474857,786359.0995038211,10857136.93116588,10076179.843369532,12983132.431561172,0.0,0.0,2005.6172451283783,0.0,0,0,0,0,26542.370640628425,0.0,92581.61914533377,0.0,2264.4056061592814,10277703.440236922,0.0,10277703.440236922,1924471.9035279043,0.0,0.0,False,False,0.0,1.1920928955078125e-07,passed
constrained,2022-05-23,13118403.768846538,-71047.91115611575,-8771.186735026286,-62276.724421089464,10856547.305622065,10927595.216778181,13047355.857690422,0.0,0.0,2156.2136329077184,0.0,0,0,0,0,25142.007767766598,0.0,100294.83927154914,0.0,2369.8244641980114,11146147.121113745,0.0,11146147.121113745,1972256.6477327924,0.0,0.0,False,False,0.0,1.1920928955078125e-07,passed
unhedged,2022-05-24,1272106.6220909012,10931191.986254167,23727.78044679318,10907464.205807373,10931191.986254167,0.0,12203298.608345069,0.0,0.0,69.70065322937444,0.0,0,0,0,0,63750.0,0.0,9531.341407626867,0.0,1174.7193167256753,0.0,0.0,0.0,1272106.6220909012,0.0,0.0,False,False,0.0,1.1920928955078125e-07,passed
duration,2022-05-24,9346148.959707562,3624191.280687982,20934.605904789594,3603256.6747831926,10931191.986254167,7307000.705566185,12970340.240395544,0.0,0.0,512.0896915066987,0.0,0,0,0,0,6645.098252371114,0.0,71880.66192669608,0.0,1989.7428739298557,7453140.719677509,0.0,7453140.719677509,1893008.240030053,0.0,0.0,False,False,0.0,1.1920928955078125e-07,passed
unweighted,2022-05-24,12202843.956112431,785489.7002123914,-5410.4864548452,790900.1866672366,10932204.040374445,10146714.340162054,12988333.656324822,0.0,0.0,668.6123476047069,0.0,0,0,0,0,26542.370640628425,0.0,93250.23149293847,0.0,2264.4056061592814,10349648.626965296,0.0,10349648.626965296,1853195.3291471358,0.0,0.0,False,False,0.0,1.1920928955078125e-07,passed
constrained,2022-05-24,13119122.585491408,-71079.09951325538,-8806.285309294573,-62272.81420396081,10931605.177115457,11002684.276628712,13048043.485978153,0.0,0.0,718.8166448697448,0.0,0,0,0,0,25142.007767766598,0.0,101013.65591641888,0.0,2369.8244641980114,11222737.962161286,0.0,11222737.962161286,1896384.6233301219,0.0,0.0,False,False,0.0,1.1920928955078125e-07,passed
unhedged,2022-05-25,1272176.326563345,10945602.100941887,24077.625810713424,10921524.475131175,10945602.100941887,0.0,12217778.427505232,0.0,0.0,69.70447244378738,0.0,0,0,0,0,63750.0,0.0,9601.045880070655,0.0,1174.7193167256753,0.0,0.0,0.0,1272176.326563345,0.0,0.0,False,False,0.0,1.1920928955078125e-07,passed
duration,2022-05-25,9346661.077458778,3628901.488699601,20974.098541820553,3607927.3901577806,10945602.100941887,7316700.612242287,12975562.56615838,0.0,0.0,512.1177512165159,0.0,0,0,0,0,6645.098252371114,0.0,72392.7796779126,0.0,1989.7428739298557,7463034.624487133,0.0,7463034.624487133,1883626.4529716456,0.0,0.0,False,False,0.0,1.1920928955078125e-07,passed
unweighted,2022-05-25,12203512.605096327,786640.4410333326,-5418.961202215548,792059.4022355481,10946616.840570705,10159976.399537371,12990153.046129659,0.0,0.0,668.6489838957787,0.0,0,0,0,0,26542.370640628425,0.0,93918.88047683425,0.0,2264.4056061592814,10363175.927528119,0.0,10363175.927528119,1840336.6775682084,0.0,0.0,False,False,0.0,1.1920928955078125e-07,passed
constrained,2022-05-25,13119841.441523489,-70997.98102687525,-8841.383883562861,-62156.597143312385,10946016.38821449,11017014.369241364,13048843.460496614,0.0,0.0,718.8560320809484,0.0,0,0,0,0,25142.007767766598,0.0,101732.51194849983,0.0,2369.8244641980114,11237354.656626191,0.0,11237354.656626191,1882486.7848972976,0.0,0.0,False,False,0.0,1.1920928955078125e-07,passed
unhedged,2022-05-26,1272246.0348552114,10946700.095375784,24427.47117463368,10922272.62420115,10946700.095375784,0.0,12218946.130230995,0.0,0.0,69.70829186635092,0.0,0,0,0,0,63750.0,0.0,9670.754171937006,0.0,1174.7193167256753,0.0,0.0,0.0,1272246.0348552114,0.0,0.0,False,False,0.0,1.1920928955078125e-07,passed
duration,2022-05-26,9347173.223271243,3630195.575867503,21013.59117885152,3609181.9846886513,10946700.095375784,7316504.519508281,12977368.799138747,0.0,0.0,512.145812464878,0.0,0,0,0,0,6645.098252371114,0.0,72904.92549037747,0.0,1989.7428739298557,7462834.609898446,0.0,7462834.609898446,1884338.6133727971,0.0,0.0,False,False,0.0,1.1920928955078125e-07,passed
unweighted,2022-05-26,12204181.290718526,786896.9000154057,-5427.435949585887,792324.3359649916,10947710.8668717,10160813.966856293,12991078.190733932,0.0,0.0,668.6856221985072,0.0,0,0,0,0,26542.370640628425,0.0,94587.56609903276,0.0,2264.4056061592814,10364030.24619342,0.0,10364030.24619342,1840151.0445251055,0.0,0.0,False,False,0.0,1.1920928955078125e-07,passed
constrained,2022-05-26,13120560.336944943,-70847.4779831314,-8876.482457831145,-61970.99552530025,10947112.762580626,11017960.240563758,13049712.858961811,0.0,0.0,718.895421454683,0.0,0,0,0,0,25142.007767766598,0.0,102451.40736995451,0.0,2369.8244641980114,11238319.445375033,0.0,11238319.445375033,1882240.8915699106,0.0,0.0,False,False,0.0,1.1920928955078125e-07,passed
unhedged,2022-05-27,1272315.7469667105,10946404.881669592,24777.31653855393,10921627.565131038,10946404.881669592,0.0,12218720.628636302,0.0,0.0,69.71211149916053,0.0,0,0,0,0,63750.0,0.0,9740.466283436166,0.0,1174.7193167256753,0.0,0.0,0.0,1272315.7469667105,0.0,0.0,False,False,0.0,1.1920928955078125e-07,passed
duration,2022-05-27,9347685.397146491,3626514.898433147,21053.08381588248,3605461.8146172646,10946404.881669592,7319889.983236445,12974200.295579638,0.0,0.0,512.1738752480596,0.0,0,0,0,0,6645.098252371114,0.0,73417.09936562553,0.0,1989.7428739298557,7466287.782901174,0.0,7466287.782901174,1881397.614245317,0.0,0.0,False,False,0.0,1.1920928955078125e-07,passed
unweighted,2022-05-27,12204850.012981031,786429.8452224581,-5435.910696956238,791865.7559194143,10947417.965710685,10160988.120488226,12991279.85820349,0.0,0.0,668.7222625054419,0.0,0,0,0,0,26542.370640628425,0.0,95256.2883615382,0.0,2264.4056061592814,10364207.882897992,0.0,10364207.882897992,1840642.1300830394,0.0,0.0,False,False,0.0,1.1920928955078125e-07,passed
constrained,2022-05-27,13121279.271757927,-71155.80845015905,-8911.581032099439,-62244.227418059614,10946818.49301617,11017974.301466329,13050123.463307768,0.0,0.0,718.934812983498,0.0,0,0,0,0,25142.007767766598,0.0,103170.34218293801,0.0,2369.8244641980114,11238333.787495656,0.0,11238333.787495656,1882945.4842622709,0.0,0.0,False,False,0.0,1.1920928955078125e-07,passed
unhedged,2022-05-31,1272594.6336132167,10885707.804859193,26176.697994234928,10859531.106864959,10885707.804859193,0.0,12158302.438472409,0.0,0.0,278.88664650614373,0.0,0,0,0,0,63750.0,0.0,10019.35292994231,0.0,1174.7193167256753,0.0,0.0,0.0,1272594.6336132167,0.0,0.0,False,False,0.0,1.1920928955078125e-07,passed
duration,2022-05-31,9349734.373306083,3633023.3819843866,21211.05436400633,3611812.32762038,10885707.804859193,7252684.422874806,12982757.75529047,0.0,0.0,2048.9761595912278,0.0,0,0,0,0,6645.098252371114,0.0,75466.07552521676,0.0,1989.7428739298557,7397738.111332303,0.0,7397738.111332303,1951996.2619737796,0.0,0.0,False,False,0.0,1.1920928955078125e-07,passed
unweighted,2022-05-31,12179114.206824869,811262.7217405316,22941.251962985225,788321.4697775464,10886704.548465764,10075441.826725233,12990376.9285654,-28411.061649422838,0.0,2675.25549326092,0.0,0,0,0,0,-1868.6910087944125,0.0,97931.54385479912,0.0,2264.4056061592814,10276950.663259739,0.0,10276950.663259739,1902163.5435651299,0.0,0.0,False,False,-2.546585164964199e-10,1.1920928955078125e-07,passed
constrained,2022-05-31,13092283.948360773,-39606.1424358984,22819.481278388543,-62425.62371428694,10886114.744904228,10925720.887340127,13052677.805924874,-31871.45660756113,0.0,2876.13321040757,0.0,0,0,0,0,-6729.4488397945315,0.0,106046.47539334558,0.0,2369.8244641980114,11144235.30508693,0.0,11144235.30508693,1948048.6432738435,0.0,0.0,False,False,-4.2928149923682213e-10,1.1920928955078125e-07,passed
unhedged,2022-06-01,1272664.3648260178,10826203.154199796,26526.543358155177,10799676.610841641,10826203.154199796,0.0,12098867.519025814,0.0,0.0,69.73121280106716,0.0,0.0,-0.0,0.0,0,63750.0,0.0,10089.084142743377,0.0,1174.7193167256753,0.0,0.0,0.0,1272664.3648260178,0.0,0.0,False,False,0.0,1.1920928955078125e-07,passed
duration,2022-06-01,9321185.38757601,3654504.903281481,21271.838094319355,3633233.065187162,10826203.154199796,7171698.250918315,12975690.29085749,0.0,0.0,512.3142122365534,0.0,2.9058394102899157,-29058.394102899154,29058.394102899154,0,6645.098252371114,0.0,75978.38973745331,0.0,1992.6487133401456,7315132.215936681,0.0,7315132.215936681,2006053.1716393288,0.0,0.0,False,False,4.0701442216573014e-10,1.1920928955078125e-07,passed
unweighted,2022-06-01,12241191.541232854,745816.3796140124,22925.570415245133,722890.8091987673,10829573.383072527,10083757.003458515,12987007.920846866,0.0,0.0,667.3487236630172,0.0,6.666858250464964,61416.65254257263,66668.58250464963,0,-1868.6910087944125,0.0,98598.89257846214,0.0,2271.0724644097463,10285432.143527685,0.0,10285432.143527685,1955759.3977051694,0.0,0.0,False,False,2.963851386539318e-11,1.1920928955078125e-07,passed
constrained,2022-06-01,13093945.075867204,-40714.490118570684,22782.86423008544,-63497.354348656125,10829453.727727497,10870168.217846068,13053230.585748633,0.0,0.0,717.3854218292981,0.0,1.3870684567095597,945.1291530572979,13870.684567095595,0,-6729.4488397945315,0.0,106763.86081517488,0.0,2371.211532654721,11087571.58220299,0.0,11087571.58220299,2006373.4936642144,0.0,0.0,False,False,1.3056680181477986e-09,1.1920928955078125e-07,passed
unhedged,2022-06-02,1272734.0998597068,10838571.722152669,26876.388722075426,10811695.333430594,10838571.722152669,0.0,12111305.822012376,0.0,0.0,69.73503368906677,0.0,0,0,0,0,63750.0,0.0,10158.819176432444,0.0,1174.7193167256753,0.0,0.0,0.0,1272734.0998597068,0.0,0.0,False,False,0.0,1.1920928955078125e-07,passed
duration,2022-06-02,9321696.137460262,3653991.9979841933,21312.583148602203,3632679.414835591,10838571.722152669,7184579.724168475,12975688.135444455,0.0,0.0,510.74988425150514,0.0,0,0,0,0,6645.098252371114,0.0,76489.13962170482,0.0,1992.6487133401456,7328271.318651845,0.0,7328271.318651845,1993424.8188084168,0.0,0.0,False,False,0.0,1.1920928955078125e-07,passed
unweighted,2022-06-02,12241862.291454293,746493.6277562324,22916.630084748704,723576.9976714837,10841947.526430475,10095453.898674244,12988355.919210525,0.0,0.0,670.7502214387059,0.0,0,0,0,0,-1868.6910087944125,0.0,99269.64279990084,0.0,2271.0724644097463,10297362.976647729,0.0,10297362.976647729,1944499.3148065638,0.0,0.0,False,False,0.0,1.1920928955078125e-07,passed
constrained,2022-06-02,13094662.552309718,-40706.09446544736,22748.64195988322,-63454.73642533058,10841827.673138348,10882533.767603796,13053956.45784427,0.0,0.0,717.4764425139874,0.0,0,0,0,0,-6729.4488397945315,0.0,107481.33725768887,0.0,2371.211532654721,11100184.442955872,0.0,11100184.442955872,1994478.109353846,0.0,0.0,False,False,0.0,1.1920928955078125e-07,passed
unhedged,2022-06-03,1272803.8387144937,10819307.023580726,27226.234085995675,10792080.78949473,10819307.023580726,0.0,12092110.86229522,0.0,0.0,69.73885478684679,0.0,0,0,0,0,63750.0,0.0,10228.55803121929,0.0,1174.7193167256753,0.0,0.0,0.0,1272803.8387144937,0.0,0.0,False,False,0.0,1.1920928955078125e-07,passed
duration,2022-06-03,9322206.915330807,3654636.2452047607,21353.32820288505,3633282.9170018756,10819307.023580726,7164670.7783759665,12976843.160535567,0.0,0.0,510.77787054516375,0.0,0,0,0,0,6645.098252371114,0.0,76999.91749224998,0.0,1992.6487133401456,7307964.193943486,0.0,7307964.193943486,2014242.7213873211,0.0,0.0,False,False,0.0,1.1920928955078125e-07,passed
unweighted,2022-06-03,12242533.078429166,745447.2464713113,22907.689754252275,722539.556717059,10822666.747220524,10077219.500749212,12987980.324900478,0.0,0.0,670.7869748733938,0.0,0,0,0,0,-1868.6910087944125,0.0,99940.42977477424,0.0,2271.0724644097463,10278763.890764195,0.0,10278763.890764195,1963769.1876649708,0.0,0.0,False,False,0.0,1.1920928955078125e-07,passed
constrained,2022-06-03,13095380.068066008,-40681.82075564721,22714.419689681,-63396.24044532821,10822547.464849353,10863229.285604998,13054698.24731036,0.0,0.0,717.515756290406,0.0,0,0,0,0,-6729.4488397945315,0.0,108198.85301397927,0.0,2371.211532654721,11080493.871317098,0.0,11080493.871317098,2014886.1967489105,0.0,0.0,False,False,0.0,1.1920928955078125e-07,passed
unhedged,2022-06-06,1273013.0782075347,10766852.19055455,28275.770177756425,10738576.420376794,10766852.19055455,0.0,12039865.268762086,0.0,0.0,209.23949304106645,0.0,0,0,0,0,63750.0,0.0,10437.797524260357,0.0,1174.7193167256753,0.0,0.0,0.0,1273013.0782075347,0.0,0.0,False,False,0.0,1.1920928955078125e-07,passed
duration,2022-06-06,9323739.416875554,3658129.2724419883,21475.563365733597,3636653.7090762546,10766852.19055455,7108722.918112562,12981868.689317543,0.0,0.0,1532.5015447475016,0.0,0,0,0,0,6645.098252371114,0.0,78532.41903699748,0.0,1992.6487133401456,7250897.376474814,0.0,7250897.376474814,2072842.0404007407,0.0,0.0,False,False,0.0,1.1920928955078125e-07,passed
unweighted,2022-06-06,12244545.659894554,742533.3811713427,22880.868762762984,719652.5124085797,10770169.186339429,10027635.805168085,12987079.041065896,0.0,0.0,2012.581465387717,0.0,0,0,0,0,-1868.6910087944125,0.0,101953.01124016196,0.0,2271.0724644097463,10228188.521271447,0.0,10228188.521271447,2016357.1386231072,0.0,0.0,False,False,0.0,1.1920928955078125e-07,passed
constrained,2022-06-06,13097532.851239095,-40781.4911094509,22611.752879074334,-63393.24398852524,10770051.420962032,10810832.912071483,13056751.360129643,0.0,0.0,2152.7831730861217,0.0,0,0,0,0,-6729.4488397945315,0.0,110351.6361870654,0.0,2371.211532654721,11027049.570312914,0.0,11027049.570312914,2070483.280926181,0.0,0.0,False,False,0.0,1.1920928955078125e-07,passed
unhedged,2022-06-07,1273082.8323488066,10797644.585830372,28625.615541676674,10769018.970288696,10797644.585830372,0.0,12070727.418179179,0.0,0.0,69.75414127181284,0.0,0,0,0,0,63750.0,0.0,10507.55166553217,0.0,1174.7193167256753,0.0,0.0,0.0,1273082.8323488066,0.0,0.0,False,False,0.0,1.1920928955078125e-07,passed
duration,2022-06-07,9324250.306706615,3654130.082311075,21516.308420016445,3632613.7738910588,10797644.585830372,7143514.503519296,12978380.38901769,0.0,0.0,510.88983106054366,0.0,0,0,0,0,6645.098252371114,0.0,79043.30886805803,0.0,1992.6487133401456,7286384.793589681,0.0,7286384.793589681,2037865.5131169334,0.0,0.0,False,False,0.0,1.1920928955078125e-07,passed
unweighted,2022-06-07,12245216.593903316,744235.3514510698,22871.92843226656,721363.4230188032,10800996.644711554,10056761.293260485,12989451.945354385,0.0,0.0,670.9340087622404,0.0,0,0,0,0,-1868.6910087944125,0.0,102623.9452489242,0.0,2271.0724644097463,10257896.519125694,0.0,10257896.519125694,1987320.0747776218,0.0,0.0,False,False,0.0,1.1920928955078125e-07,passed
constrained,2022-06-07,13098250.52427204,-40648.74924663147,22577.530608872115,-63226.279855503584,10800877.634467106,10841526.383713737,13057601.775025409,0.0,0.0,717.673032945022,0.0,0,0,0,0,-6729.4488397945315,0.0,111069.30922001041,0.0,2371.211532654721,11058356.911388012,0.0,11058356.911388012,2039893.6128840279,0.0,0.0,False,False,0.0,1.1920928955078125e-07,passed
unhedged,2022-06-08,1273152.590312223,10772233.322506007,28975.460905596927,10743257.86160041,10772233.322506007,0.0,12045385.91281823,0.0,0.0,69.75796341639943,0.0,0,0,0,0,63750.0,0.0,10577.30962894857,0.0,1174.7193167256753,0.0,0.0,0.0,1273152.590312223,0.0,0.0,False,False,0.0,1.1920928955078125e-07,passed
duration,2022-06-08,9324761.224531641,3656207.6608815687,21557.053474299297,3634650.6074072695,10772233.322506007,7116025.661624438,12980968.88541321,0.0,0.0,510.91782502643764,0.0,0,0,0,0,6645.098252371114,0.0,79554.22669308446,0.0,1992.6487133401456,7258346.174856927,0.0,7258346.174856927,2066415.049674714,0.0,0.0,False,False,0.0,1.1920928955078125e-07,passed
unweighted,2022-06-08,12245887.564675586,742895.9903043264,22862.98810177013,720033.0022025562,10775557.9967462,10032662.006441873,12988783.554979913,0.0,0.0,670.9707722701132,0.0,0,0,0,0,-1868.6910087944125,0.0,103294.91602119431,0.0,2271.0724644097463,10233315.24657071,0.0,10233315.24657071,2012572.3181048762,0.0,0.0,False,False,0.0,1.1920928955078125e-07,passed
constrained,2022-06-08,13098968.236629536,-40624.57948032097,22543.308338669896,-63167.88781899087,10775439.9587558,10816064.53823612,13058343.657149216,0.0,0.0,717.7123574968427,0.0,0,0,0,0,-6729.4488397945315,0.0,111787.02157750726,0.0,2371.211532654721,11032385.829000844,0.0,11032385.829000844,2066582.4076286927,0.0,0.0,False,False,0.0,1.1920928955078125e-07,passed
unhedged,2022-06-09,1273222.3520979937,10761448.492296237,29325.30626951718,10732123.18602672,10761448.492296237,0.0,12034670.844394231,0.0,0.0,69.76178577076644,0.0,0,0,0,0,63750.0,0.0,10647.071414719336,0.0,1174.7193167256753,0.0,0.0,0.0,1273222.3520979937,0.0,0.0,False,False,0.0,1.1920928955078125e-07,passed
duration,2022-06-09,9325272.170352165,3650504.8240139675,21597.798528582145,3628907.025485385,10761448.492296237,7110943.66828227,12975776.994366132,0.0,0.0,510.94582052342594,0.0,0,0,0,0,6645.098252371114,0.0,80065.17251360789,0.0,1992.6487133401456,7253162.541647916,0.0,7253162.541647916,2072109.628704249,0.0,0.0,False,False,0.0,1.1920928955078125e-07,passed
unweighted,2022-06-09,12246558.572213378,742052.2708983235,22854.0477712737,719198.2231270499,10764776.222048543,10022723.95115022,12988610.843111701,0.0,0.0,671.0075377915055,0.0,0,0,0,0,-1868.6910087944125,0.0,103965.92355898581,0.0,2271.0724644097463,10223178.430173224,0.0,10223178.430173224,2023380.142040154,0.0,0.0,False,False,0.0,1.1920928955078125e-07,passed
constrained,2022-06-09,13099685.988313736,-40599.542806921105,22509.086068467677,-63108.62887538878,10764658.075576385,10805257.618383305,13059086.445506815,0.0,0.0,717.7516842000186,0.0,0,0,0,0,-6729.4488397945315,0.0,112504.77326170728,0.0,2371.211532654721,11021362.770750972,0.0,11021362.770750972,2078323.2175627649,0.0,0.0,False,False,0.0,1.1920928955078125e-07,passed
unhedged,2022-06-10,1273292.117706328,10665487.676612843,29675.151633437425,10635812.524979405,10665487.676612843,0.0,11938779.794319171,0.0,0.0,69.76560833421536,0.0,0,0,0,0,63750.0,0.0,10716.837023053551,0.0,1174.7193167256753,0.0,0.0,0.0,1273292.117706328,0.0,0.0,False,False,0.0,1.1920928955078125e-07,passed
duration,2022-06-10,9325783.144169718,3638873.560885517,21638.543582864993,3617235.017302652,10665487.676612843,7026614.115727326,12964656.705055235,0.0,0.0,510.9738175533712,0.0,0,0,0,0,6645.098252371114,0.0,80576.14633116126,0.0,1992.6487133401456,7167146.398041872,0.0,7167146.398041872,2158636.7461278457,0.0,0.0,False,False,0.0,1.1920928955078125e-07,passed
unweighted,2022-06-10,12247229.616518702,735770.1959597521,22845.10744077727,712925.0885189748,10668790.059138281,9933019.863178529,12982999.812478455,0.0,0.0,671.0443053245544,0.0,0,0,0,0,-1868.6910087944125,0.0,104636.96786431037,0.0,2271.0724644097463,10131680.2604421,0.0,10131680.2604421,2115549.356076602,0.0,0.0,False,False,0.0,1.1920928955078125e-07,passed
constrained,2022-06-10,13100403.779326793,-40982.210173076295,22474.863798265455,-63457.07397134175,10668672.812584583,10709655.022757659,13059421.569153717,0.0,0.0,717.7910130564123,0.0,0,0,0,0,-6729.4488397945315,0.0,113222.56427476369,0.0,2371.211532654721,10923848.123212812,0.0,10923848.123212812,2176555.6561139803,0.0,0.0,False,False,0.0,1.1920928955078125e-07,passed
unhedged,2022-06-13,1273501.4374688067,10492690.203297574,30724.68772519817,10461965.515572377,10492690.203297574,0.0,11766191.64076638,0.0,0.0,209.3197624788154,0.0,0,0,0,0,63750.0,0.0,10926.156785532366,0.0,1174.7193167256753,0.0,0.0,0.0,1273501.4374688067,0.0,0.0,False,False,0.0,1.1920928955078125e-07,passed
duration,2022-06-13,9327316.233619908,3630778.3664094303,21760.778745713535,3609017.5876637166,10492690.203297574,6861911.836888145,12958094.600029338,0.0,0.0,1533.0894501898438,0.0,0,0,0,0,6645.098252371114,0.0,82109.2357813511,0.0,1992.6487133401456,6999150.073625907,0.0,6999150.073625907,2328166.1599940006,0.0,0.0,False,False,0.0,1.1920928955078125e-07,passed
unweighted,2022-06-13,12249242.97006005,725508.432801937,22818.28644928798,702690.146352649,10495879.6185135,9770371.185711563,12974751.402861988,0.0,0.0,2013.3535413481295,0.0,0,0,0,0,-1868.6910087944125,0.0,106650.3214056585,0.0,2271.0724644097463,9965778.609425794,0.0,9965778.609425794,2283464.360634256,0.0,0.0,False,False,0.0,1.1920928955078125e-07,passed
constrained,2022-06-13,13102557.388360677,-41052.344303405036,22372.19698765879,-63424.541291063826,10495766.382708896,10536818.7270123,13061505.044057272,0.0,0.0,2153.6090338844806,0.0,0,0,0,0,-6729.4488397945315,0.0,115376.17330864817,0.0,2371.211532654721,10747555.101552548,0.0,10747555.101552548,2355002.2868081294,0.0,0.0,False,False,0.0,1.1920928955078125e-07,passed
unhedged,2022-06-14,1273571.21836949,10451644.007294223,31074.533089118428,10420569.474205105,10451644.007294223,0.0,11725215.225663712,0.0,0.0,69.780900683254,0.0,0,0,0,0,63750.0,0.0,10995.93768621562,0.0,1174.7193167256753,0.0,0.0,0.0,1273571.21836949,0.0,0.0,False,False,0.0,1.1920928955078125e-07,passed
duration,2022-06-14,9327827.319440931,3633877.778950422,21801.52379999639,3612076.2551504257,10451644.007294223,6817766.228343802,12961705.098391354,0.0,0.0,511.0858210232109,0.0,0,0,0,0,6645.098252371114,0.0,82620.32160237432,0.0,1992.6487133401456,6954121.552910678,0.0,6954121.552910678,2373705.766530253,0.0,0.0,False,False,0.0,1.1920928955078125e-07,passed
unweighted,2022-06-14,12249914.161455672,722507.3473370607,22809.346118791556,699698.0012182691,10454818.626337487,9732311.279000426,12972421.508792734,0.0,0.0,671.1913956217468,0.0,0,0,0,0,-1868.6910087944125,0.0,107321.51280128025,0.0,2271.0724644097463,9926957.504580434,0.0,9926957.504580434,2322956.656875238,0.0,0.0,False,False,0.0,1.1920928955078125e-07,passed
constrained,2022-06-14,13103275.336710727,-41963.12489297399,22337.974717456575,-64301.09961043057,10454705.91585066,10496669.040743634,13061312.211817753,0.0,0.0,717.9483500495553,0.0,0,0,0,0,-6729.4488397945315,0.0,116094.12165869772,0.0,2371.211532654721,10706602.421558507,0.0,10706602.421558507,2396672.91515222,0.0,0.0,False,False,0.0,1.1920928955078125e-07,passed
unhedged,2022-06-15,1273641.0030937844,10564937.124423582,31424.378453038673,10533512.745970543,10564937.124423582,0.0,11838578.127517367,0.0,0.0,69.78472429444082,0.0,0,0,0,0,63750.0,0.0,11065.722410510061,0.0,1174.7193167256753,0.0,0.0,0.0,1273641.0030937844,0.0,0.0,False,False,0.0,1.1920928955078125e-07,passed
duration,2022-06-15,9328338.433266655,3650113.84900516,21842.26885427923,3628271.580150881,10564937.124423582,6914823.275418422,12978452.282271814,0.0,0.0,511.11382572352886,0.0,0,0,0,0,6645.098252371114,0.0,83131.43542809784,0.0,1992.6487133401456,7053119.740926791,0.0,7053119.740926791,2275218.6923398636,0.0,0.0,False,False,0.0,1.1920928955078125e-07,passed
unweighted,2022-06-15,12250585.389628904,730132.1178679608,22800.405788295124,707331.7120796657,10568147.457765896,9838015.339897936,12980717.507496865,0.0,0.0,671.228173231706,0.0,0,0,0,0,-1868.6910087944125,0.0,107992.74097451195,0.0,2271.0724644097463,10034775.646695895,0.0,10034775.646695895,2215809.742933009,0.0,0.0,False,False,0.0,1.1920928955078125e-07,passed
constrained,2022-06-15,13103993.324400412,-41440.96804327816,22303.75244725435,-63744.720490532505,10568033.479291959,10609474.447335236,13062552.356357133,0.0,0.0,717.9876896850765,0.0,0,0,0,0,-6729.4488397945315,0.0,116812.1093483828,0.0,2371.211532654721,10821663.93628194,0.0,10821663.93628194,2282329.388118472,0.0,0.0,False,False,0.0,1.1920928955078125e-07,passed
unhedged,2022-06-16,1273710.7916418992,10606839.310953945,31774.22381695892,10575065.087136986,10606839.310953945,0.0,11880550.102595843,0.0,0.0,69.78854811470956,0.0,0,0,0,0,63750.0,0.0,11135.51095862477,0.0,1174.7193167256753,0.0,0.0,0.0,1273710.7916418992,0.0,0.0,False,False,0.0,1.1920928955078125e-07,passed
duration,2022-06-16,9328849.575098615,3636487.5410162862,21883.013908562083,3614604.527107724,10606839.310953945,6970351.769937659,12965337.116114901,0.0,0.0,511.1418319605291,0.0,0,0,0,0,6645.098252371114,0.0,83642.57726005837,0.0,1992.6487133401456,7109758.805336412,0.0,7109758.805336412,2219090.769762203,0.0,0.0,False,False,0.0,1.1920928955078125e-07,passed
unweighted,2022-06-16,12251256.654581761,732269.5200853433,22791.46545779869,709478.0546275446,10610074.659411097,9877805.139325753,12983526.174667105,0.0,0.0,671.2649528570473,0.0,0,0,0,0,-1868.6910087944125,0.0,108664.005927369,0.0,2271.0724644097463,10075361.242112268,0.0,10075361.242112268,2175895.412469493,0.0,0.0,False,False,0.0,1.1920928955078125e-07,passed
constrained,2022-06-16,13104711.351431886,-40981.10588107538,22269.53017705213,-63250.63605812751,10609959.79280988,10650940.898690956,13063730.24555081,0.0,0.0,718.0270314738154,0.0,0,0,0,0,-6729.4488397945315,0.0,117530.13637985662,0.0,2371.211532654721,10863959.716664774,0.0,10863959.716664774,2240751.6347671114,0.0,0.0,False,False,0.0,1.1920928955078125e-07,passed
unhedged,2022-06-17,1273780.584014044,10605627.956970315,32124.069180879174,10573503.887789436,10605627.956970315,0.0,11879408.540984359,0.0,0.0,69.7923721447587,0.0,0,0,0,0,63750.0,0.0,11205.30333076953,0.0,1174.7193167256753,0.0,0.0,0.0,1273780.584014044,0.0,0.0,False,False,0.0,1.1920928955078125e-07,passed
duration,2022-06-17,9329360.744938347,3638078.6047486877,21923.75896284493,3616154.8457858427,10605627.956970315,6967549.352221627,12967439.349687036,0.0,0.0,511.1698397323489,0.0,0,0,0,0,6645.098252371114,0.0,84153.74709979072,0.0,1992.6487133401456,7106900.339266059,0.0,7106900.339266059,2222460.4056722885,0.0,0.0,False,False,0.0,1.1920928955078125e-07,passed
unweighted,2022-06-17,12251927.95631626,731866.076086893,22782.525127302262,709083.5509595907,10608890.207964808,9877024.131877916,12983794.032403154,0.0,0.0,671.3017344996333,0.0,0,0,0,0,-1868.6910087944125,0.0,109335.30766186863,0.0,2271.0724644097463,10074564.614515474,0.0,10074564.614515474,2177363.3418007866,0.0,0.0,False,False,0.0,1.1920928955078125e-07,passed
constrained,2022-06-17,13105429.417807309,-41469.368143330554,22235.307906849906,-63704.67605018046,10608774.38622597,10650243.754369302,13063960.049663978,0.0,0.0,718.0663754232228,0.0,0,0,0,0,-6729.4488397945315,0.0,118248.20275527984,0.0,2371.211532654721,10863248.629456688,0.0,10863248.629456688,2242180.7883506212,0.0,0.0,False,False,0.0,1.1920928955078125e-07,passed
unhedged,2022-06-21,1274059.7917471146,10577291.380597122,33523.45063656018,10543767.929960562,10577291.380597122,0.0,11851351.172344238,0.0,0.0,279.2077330707107,0.0,0,0,0,0,63750.0,0.0,11484.51106384024,0.0,1174.7193167256753,0.0,0.0,0.0,1274059.7917471146,0.0,0.0,False,False,0.0,1.1920928955078125e-07,passed
duration,2022-06-21,9331405.704405686,3647793.453365421,22086.739179976328,3625706.7141854446,10577291.380597122,6929497.927231702,12979199.157771107,0.0,0.0,2044.959467338398,0.0,0,0,0,0,6645.098252371114,0.0,86198.70656712912,0.0,1992.6487133401456,7068087.885776336,0.0,7068087.885776336,2263317.8186293496,0.0,0.0,False,False,0.0,1.1920928955078125e-07,passed
unweighted,2022-06-21,12254613.531110976,730751.3710084741,22746.76380531655,708004.6072031576,10580509.304342637,9849757.933334162,12985364.90211945,0.0,0.0,2685.5747947152704,0.0,0,0,0,0,-1868.6910087944125,0.0,112020.8824565839,0.0,2271.0724644097463,10046753.092000846,0.0,10046753.092000846,2207860.43911013,0.0,0.0,False,False,0.0,1.1920928955078125e-07,passed
constrained,2022-06-21,13108302.07679158,-41398.225537064485,22098.41882604103,-63496.644363105515,10580395.056381863,10621793.281918926,13066903.851254515,0.0,0.0,2872.6589842718095,0.0,0,0,0,0,-6729.4488397945315,0.0,121120.86173955165,0.0,2371.211532654721,10834229.147557305,0.0,10834229.147557305,2274072.9292342756,0.0,0.0,False,False,0.0,1.1920928955078125e-07,passed
unhedged,2022-06-22,1274129.603242553,10672062.874731261,33873.296000480426,10638189.57873078,10672062.874731261,0.0,11946192.477973815,0.0,0.0,69.81149543845095,0.0,0,0,0,0,63750.0,0.0,11554.322559278691,0.0,1174.7193167256753,0.0,0.0,0.0,1274129.603242553,0.0,0.0,False,False,0.0,1.1920928955078125e-07,passed
duration,2022-06-22,9331917.014307298,3647475.72623704,22127.484234259176,3625348.242002781,10672062.874731261,7024587.148494221,12979392.740544338,0.0,0.0,511.30990161187947,0.0,0,0,0,0,6645.098252371114,0.0,86710.016468741,0.0,1992.6487133401456,7165078.891464106,0.0,7165078.891464106,2166838.122843192,0.0,0.0,False,False,0.0,1.1920928955078125e-07,passed
unweighted,2022-06-22,12255285.016783915,736167.9196998018,22737.82347482012,713430.0962249817,10675357.512306347,9939189.592606546,12991452.936483717,0.0,0.0,671.4856729395688,0.0,0,0,0,0,-1868.6910087944125,0.0,112692.36812952347,0.0,2271.0724644097463,10137973.384458678,0.0,10137973.384458678,2117311.6323252376,0.0,0.0,False,False,0.0,1.1920928955078125e-07,passed
constrained,2022-06-22,13109020.33991908,-41372.02063548525,22064.196555838807,-63436.21719132406,10675240.540726468,10716612.561361954,13067648.319283593,0.0,0.0,718.2631274983287,0.0,0,0,0,0,-6729.4488397945315,0.0,121839.12486704998,0.0,2371.211532654721,10930944.812589193,0.0,10930944.812589193,2178075.5273298863,0.0,0.0,False,False,0.0,1.1920928955078125e-07,passed
unhedged,2022-06-23,1274199.4185632786,10717288.722998807,34223.14136440067,10683065.581634406,10717288.722998807,0.0,11991488.141562086,0.0,0.0,69.81532072555274,0.0,0,0,0,0,63750.0,0.0,11624.137880004244,0.0,1174.7193167256753,0.0,0.0,0.0,1274199.4185632786,0.0,0.0,False,False,0.0,1.1920928955078125e-07,passed
duration,2022-06-23,9332428.35222589,3649133.5965513135,22168.22928854202,3626965.3672627714,10717288.722998807,7068155.126447493,12981561.948777204,0.0,0.0,511.3379185926169,0.0,0,0,0,0,6645.098252371114,0.0,87221.35438733362,0.0,1992.6487133401456,7209518.228976443,0.0,7209518.228976443,2122910.123249447,0.0,0.0,False,False,0.0,1.1920928955078125e-07,passed
unweighted,2022-06-23,12255956.539250588,739110.6134200224,22728.88314432369,716381.7302756987,10720603.948698342,9981493.33527832,12995067.15267061,0.0,0.0,671.5224666725844,0.0,0,0,0,0,-1868.6910087944125,0.0,113363.89059619606,0.0,2271.0724644097463,10181123.201983886,0.0,10181123.201983886,2074833.3372667022,0.0,0.0,False,False,0.0,1.1920928955078125e-07,passed
constrained,2022-06-23,13109738.64240346,-41028.263259051186,22029.974285636585,-63058.23754468777,10720486.246165395,10761514.509424446,13068710.379144408,0.0,0.0,718.3024843800813,0.0,0,0,0,0,-6729.4488397945315,0.0,122557.42735143006,0.0,2371.211532654721,10976744.799612936,0.0,10976744.799612936,2132993.8427905235,0.0,0.0,False,False,0.0,1.1920928955078125e-07,passed
unhedged,2022-06-24,1274269.2377095015,10697843.37606632,34572.986728320924,10663270.389337998,10697843.37606632,0.0,11972112.613775821,0.0,0.0,69.8191462229006,0.0,0,0,0,0,63750.0,0.0,11693.957026227145,0.0,1174.7193167256753,0.0,0.0,0.0,1274269.2377095015,0.0,0.0,False,False,0.0,1.1920928955078125e-07,passed
duration,2022-06-24,9332939.718163,3652172.430741816,22208.974342824873,3629963.456398991,10697843.37606632,7045670.945324505,12985112.148904815,0.0,0.0,511.3659371100366,0.0,0,0,0,0,6645.098252371114,0.0,87732.72032444365,0.0,1992.6487133401456,7186584.364230995,0.0,7186584.364230995,2146355.3539320054,0.0,0.0,False,False,0.0,1.1920928955078125e-07,passed
unweighted,2022-06-24,12256628.098513016,738199.4209739148,22719.942813827263,715479.4781600875,10701130.381751524,9962930.96077761,12994827.519486932,0.0,0.0,671.5592624284327,0.0,0,0,0,0,-1868.6910087944125,0.0,114035.44985862449,0.0,2271.0724644097463,10162189.579993162,0.0,10162189.579993162,2094438.5185198542,0.0,0.0,False,False,0.0,1.1920928955078125e-07,passed
constrained,2022-06-24,13110456.984246882,-40943.48080839363,21995.752015434366,-62939.232823827995,10701013.68113141,10741957.161939804,13069513.503438488,0.0,0.0,718.3418434225023,0.0,0,0,0,0,-6729.4488397945315,0.0,123275.76919485256,0.0,2371.211532654721,10956796.3051786,0.0,10956796.3051786,2153660.6790682822,0.0,0.0,False,False,0.0,1.1920928955078125e-07,passed
unhedged,2022-06-27,1274478.7181032482,10658925.677532053,35622.52282008167,10623303.154711971,10658925.677532053,0.0,11933404.395635301,0.0,0.0,209.48039374663495,0.0,0,0,0,0,63750.0,0.0,11903.43741997378,0.0,1174.7193167256753,0.0,0.0,0.0,1274478.7181032482,0.0,0.0,False,False,0.0,1.1920928955078125e-07,passed
duration,2022-06-27,9334473.984100778,3651170.6168074007,22331.209505673418,3628839.407301727,10658925.677532053,7007755.060724652,12985644.600908179,0.0,0.0,1534.265937777236,0.0,0,0,0,0,6645.098252371114,0.0,89266.98626222089,0.0,1992.6487133401456,7147910.161939146,0.0,7147910.161939146,2186563.8221616317,0.0,0.0,False,False,0.0,1.1920928955078125e-07,passed
unweighted,2022-06-27,12258642.997094965,735794.9780766437,22693.121822337973,713101.8562543057,10662189.68962889,9926394.711552246,12994437.975171609,0.0,0.0,2014.8985819481313,0.0,0,0,0,0,-1868.6910087944125,0.0,116050.34844057262,0.0,2271.0724644097463,10124922.605783291,0.0,10124922.605783291,2133720.3913116734,0.0,0.0,False,False,0.0,1.1920928955078125e-07,passed
constrained,2022-06-27,13112612.24595295,-41110.47837789049,21893.085204827705,-63003.5635827182,10662073.805364532,10703184.283742424,13071501.767575061,0.0,0.0,2155.261706069112,0.0,0,0,0,0,-6729.4488397945315,0.0,125431.03090092167,0.0,2371.211532654721,10917247.969417272,0.0,10917247.969417272,2195364.2765356787,0.0,0.0,False,False,0.0,1.1920928955078125e-07,passed
unhedged,2022-06-28,1274548.5525535552,10656966.300832365,35972.36818400192,10620993.932648363,10656966.300832365,0.0,11931514.85338592,0.0,0.0,69.83445030706935,0.0,0,0,0,0,63750.0,0.0,11973.271870280849,0.0,1174.7193167256753,0.0,0.0,0.0,1274548.5525535552,0.0,0.0,False,False,0.0,1.1920928955078125e-07,passed
duration,2022-06-28,9334985.462127304,3651741.563117604,22371.954559956263,3629369.6085576476,10656966.300832365,7005224.73771476,12986727.025244907,0.0,0.0,511.4780265260488,0.0,0,0,0,0,6645.098252371114,0.0,89778.46428874694,0.0,1992.6487133401456,7145329.232469055,0.0,7145329.232469055,2189656.229658249,0.0,0.0,False,False,0.0,1.1920928955078125e-07,passed
unweighted,2022-06-28,12259314.70356056,735706.9683643186,22684.18149184154,713022.786872477,10660233.910131734,9924526.941767415,12995021.671924878,0.0,0.0,671.7064655944705,0.0,0,0,0,0,-1868.6910087944125,0.0,116722.05490616709,0.0,2271.0724644097463,10123017.480602764,0.0,10123017.480602764,2136297.2229577955,0.0,0.0,False,False,0.0,1.1920928955078125e-07,passed
constrained,2022-06-28,13113330.7452541,-41131.32652169929,21858.86293462548,-62990.18945632476,10660117.898153644,10701249.224675344,13072199.418732401,0.0,0.0,718.4993011485785,0.0,0,0,0,0,-6729.4488397945315,0.0,126149.53020207025,0.0,2371.211532654721,10915274.209168851,0.0,10915274.209168851,2198056.536085248,0.0,0.0,False,False,0.0,1.1920928955078125e-07,passed
unhedged,2022-06-29,1274618.3908304074,10712476.710503144,36322.213547922176,10676154.496955222,10712476.710503144,0.0,11987095.101333551,0.0,0.0,69.8382768521551,0.0,0,0,0,0,63750.0,0.0,12043.110147133004,0.0,1174.7193167256753,0.0,0.0,0.0,1274618.3908304074,0.0,0.0,False,False,0.0,1.1920928955078125e-07,passed
duration,2022-06-29,9335496.968180021,3651083.915804484,22412.699614239118,3628671.216190245,10712476.710503144,7061392.79469866,12986580.883984506,0.0,0.0,511.5060527175665,0.0,0,0,0,0,6645.098252371114,0.0,90289.9703414645,0.0,1992.6487133401456,7202620.6505926335,0.0,7202620.6505926335,2132876.3175873877,0.0,0.0,False,False,0.0,1.1920928955078125e-07,passed
unweighted,2022-06-29,12259986.446831986,738999.7471092304,22675.24116134512,716324.5059478852,10715787.66882947,9976787.92172024,12998986.193941217,0.0,0.0,671.743271427229,0.0,0,0,0,0,-1868.6910087944125,0.0,117393.79817759432,0.0,2271.0724644097463,10176323.680154646,0.0,10176323.680154646,2083662.7666773405,0.0,0.0,False,False,0.0,1.1920928955078125e-07,passed
constrained,2022-06-29,13114049.283925071,-40958.06808177283,21824.640664423263,-62782.70874619609,10715670.117803745,10756628.185885517,13073091.2158433,0.0,0.0,718.5386709719896,0.0,0,0,0,0,-6729.4488397945315,0.0,126868.06887304224,0.0,2371.211532654721,10971760.749603227,0.0,10971760.749603227,2142288.5343218446,0.0,0.0,False,False,0.0,1.1920928955078125e-07,passed
unhedged,2022-06-30,1274688.2329340149,10787431.95029831,36672.058911842425,10750759.891386466,10787431.95029831,0.0,12062120.183232324,0.0,0.0,69.84210360748693,0.0,0,0,0,0,63750.0,0.0,12112.95225074049,0.0,1174.7193167256753,0.0,0.0,0.0,1274688.2329340149,0.0,0.0,False,False,0.0,1.1920928955078125e-07,passed
duration,2022-06-30,9336008.50226047,3658825.9505978525,22453.444668521963,3636372.5059293304,10787431.95029831,7128605.999700458,12994834.452858323,0.0,0.0,511.53408044949174,0.0,0,0,0,0,6645.098252371114,0.0,90801.504421914,0.0,1992.6487133401456,7271178.119694467,0.0,7271178.119694467,2064830.382566004,0.0,0.0,False,False,0.0,1.1920928955078125e-07,passed
unweighted,2022-06-30,12260658.226911265,743820.5164776677,22666.300830848686,721154.2156468191,10790788.058838299,10046967.54236063,13004478.743388932,0.0,0.0,671.7800792790949,0.0,0,0,0,0,-1868.6910087944125,0.0,118065.57825687341,0.0,2271.0724644097463,10247906.893207842,0.0,10247906.893207842,2012751.333703423,0.0,0.0,False,False,0.0,1.1920928955078125e-07,passed
constrained,2022-06-30,13114767.861968027,-40744.84759623427,21790.418394221044,-62535.265990455315,10790668.904816277,10831413.752412513,13074023.014371794,0.0,0.0,718.5780429560691,0.0,0,0,0,0,-6729.4488397945315,0.0,127586.64691599831,0.0,2371.211532654721,11048042.027460763,0.0,11048042.027460763,2066725.8345072642,0.0,0.0,False,False,0.0,1.1920928955078125e-07,passed
unhedged,2022-07-01,1274758.0788645865,10871351.01180385,37021.904275762674,10834329.107528089,10871351.01180385,0.0,12146109.090668436,0.0,0.0,69.84593057166785,0.0,0.0,-0.0,0.0,0,63750.0,0.0,12182.798181312159,0.0,1174.7193167256753,0.0,0.0,0.0,1274758.0788645865,0.0,0.0,False,False,0.0,1.1920928955078125e-07,passed
duration,2022-07-01,9321751.488145225,3667142.1487626056,22523.907539797405,3644618.241222808,10871351.01180385,7204208.863041244,12988893.63690783,0.0,0.0,511.56210971437395,0.0,1.476709951500917,-14767.09951500917,14767.09951500917,0,6645.098252371114,0.0,91313.06653162837,0.0,1994.1254232916465,7348293.04030207,0.0,7348293.04030207,1973458.447843155,0.0,0.0,False,False,2.835724988159427e-10,1.1920928955078125e-07,passed
unweighted,2022-07-01,12327745.826465258,682678.5838368139,22602.497176560046,660076.0866602539,10877567.626355955,10194889.042519141,13010424.410302073,0.0,0.0,671.8168891482055,0.0,7.306974691398375,66423.08963953788,73069.74691398375,0,-1868.6910087944125,0.0,118737.39514602162,0.0,2278.3794391011447,10398786.823369524,0.0,10398786.823369524,1928959.0030957349,0.0,0.0,False,False,-1.7157955056745777e-09,1.1920928955078125e-07,passed
constrained,2022-07-01,13135228.893243205,-59488.18915543922,21752.441423660704,-81240.63057909993,10878282.527857572,10937770.71701301,13075740.704087766,0.0,0.0,718.6174170970917,0.0,4.814285009475139,19747.228143090895,48142.85009475139,0,-6729.4488397945315,0.0,128305.2643330954,0.0,2376.025817664196,11156526.13135327,0.0,11156526.13135327,1978702.7618899345,0.0,0.0,False,False,-1.1372272012977191e-09,1.1920928955078125e-07,passed
unhedged,2022-07-05,1275037.5008607137,10895241.671871066,38421.28573144367,10856820.386139622,10895241.671871066,0.0,12170279.17273178,0.0,0.0,279.42199612711556,0.0,0,0,0,0,63750.0,0.0,12462.220177439274,0.0,1174.7193167256753,0.0,0.0,0.0,1275037.5008607137,0.0,0.0,False,False,0.0,1.1920928955078125e-07,passed
duration,2022-07-05,9323794.779693171,3674841.06116136,22689.41693284306,3652151.6442285166,10895241.671871066,7220400.610709707,12998635.840854531,0.0,0.0,2043.291547946632,0.0,0,0,0,0,6645.098252371114,0.0,93356.358079575,0.0,1994.1254232916465,7364808.622923901,0.0,7364808.622923901,1958986.15676927,0.0,0.0,False,False,0.0,1.1920928955078125e-07,passed
unweighted,2022-07-05,12330448.020241233,684253.3582421364,22560.733294464975,661692.6249476714,10901515.247154325,10217261.888912188,13014701.37848337,0.0,0.0,2702.193775974214,0.0,0,0,0,0,-1868.6910087944125,0.0,121439.58892199583,0.0,2278.3794391011447,10421607.126690432,0.0,10421607.126690432,1908840.8935508002,0.0,0.0,False,False,0.0,1.1920928955078125e-07,passed
constrained,2022-07-05,13138108.084156204,-59604.63630628784,21615.248693671012,-81219.88499995886,10902236.699055985,10961841.335362272,13078503.447849916,0.0,0.0,2879.1909129992127,0.0,0,0,0,0,-6729.4488397945315,0.0,131184.4552460946,0.0,2376.025817664196,11181078.162069518,0.0,11181078.162069518,1957029.922086686,0.0,0.0,False,False,0.0,1.1920928955078125e-07,passed
unhedged,2022-07-06,1275107.3659292543,10824696.650060304,38771.13109536392,10785925.518964939,10824696.650060304,0.0,12099804.015989557,0.0,0.0,69.86506854067557,0.0,0,0,0,0,63750.0,0.0,12532.08524597995,0.0,1174.7193167256753,0.0,0.0,0.0,1275107.3659292543,0.0,0.0,False,False,0.0,1.1920928955078125e-07,passed
duration,2022-07-06,9324305.672557812,3666354.8318845937,22730.794281104478,3643624.037603489,10824696.650060304,7158341.818175709,12990660.504442405,0.0,0.0,510.89286464080215,0.0,0,0,0,0,6645.098252371114,0.0,93867.2509442158,0.0,1994.1254232916465,7301508.654539223,0.0,7301508.654539223,2022797.0180185894,0.0,0.0,False,False,0.0,1.1920928955078125e-07,passed
unweighted,2022-07-06,12331123.661228644,680203.0902518418,22550.29232394121,657652.7979279006,10830881.40346585,10150678.313214008,13011326.751480486,0.0,0.0,675.6409874111414,0.0,0,0,0,0,-1868.6910087944125,0.0,122115.22990940697,0.0,2278.3794391011447,10353691.879478289,0.0,10353691.879478289,1977431.781750355,0.0,0.0,False,False,0.0,1.1920928955078125e-07,passed
constrained,2022-07-06,13138827.980489584,-59463.28755202112,21580.95051117359,-81044.2380631947,10831592.64098262,10891055.928534642,13079364.692937562,0.0,0.0,719.896333379671,0.0,0,0,0,0,-6729.4488397945315,0.0,131904.35157947429,0.0,2376.025817664196,11108877.047105335,0.0,11108877.047105335,2029950.933384249,0.0,0.0,False,False,0.0,1.1920928955078125e-07,passed
unhedged,2022-07-07,1275177.2348260174,10778759.590016605,39120.97645928417,10739638.613557322,10778759.590016605,0.0,12053936.824842623,0.0,0.0,69.86889676307328,0.0,0,0,0,0,63750.0,0.0,12601.954142743023,0.0,1174.7193167256753,0.0,0.0,0.0,1275177.2348260174,0.0,0.0,False,False,0.0,1.1920928955078125e-07,passed
duration,2022-07-07,9324816.593416583,3666290.758611031,22772.17162936589,3643518.586981665,10778759.590016605,7112468.831405575,12991107.352027614,0.0,0.0,510.9208587706089,0.0,0,0,0,0,6645.098252371114,0.0,94378.17180298641,0.0,1994.1254232916465,7254718.208033687,0.0,7254718.208033687,2070098.3853828954,0.0,0.0,False,False,0.0,1.1920928955078125e-07,passed
unweighted,2022-07-07,12331799.339237478,677453.9994398062,22539.851353417438,654914.1480863888,10784895.63066315,10107441.631223343,13009253.338677283,0.0,0.0,675.6780088339001,0.0,0,0,0,0,-1868.6910087944125,0.0,122790.90791824088,0.0,2278.3794391011447,10309590.46384781,0.0,10309590.46384781,2022208.8753896672,0.0,0.0,False,False,0.0,1.1920928955078125e-07,passed
constrained,2022-07-07,13139547.916269336,-59790.14614012514,21546.652328676166,-81336.79846880131,10785601.266284505,10845391.41242463,13079757.770129211,0.0,0.0,719.9357797522098,0.0,0,0,0,0,-6729.4488397945315,0.0,132624.2873592265,0.0,2376.025817664196,11062299.240673123,0.0,11062299.240673123,2077248.675596213,0.0,0.0,False,False,0.0,1.1920928955078125e-07,passed
unhedged,2022-07-08,1275247.1075512134,10727739.137494737,39470.82182320442,10688268.315671533,10727739.137494737,0.0,12002986.24504595,0.0,0.0,69.8727251959499,0.0,0,0,0,0,63750.0,0.0,12671.826867938973,0.0,1174.7193167256753,0.0,0.0,0.0,1275247.1075512134,0.0,0.0,False,False,0.0,1.1920928955078125e-07,passed
duration,2022-07-08,9325327.542271018,3665969.5567300064,22813.548977627306,3643156.007752379,10727739.137494737,7061769.580764731,12991297.099001024,0.0,0.0,510.94885443523526,0.0,0,0,0,0,6645.098252371114,0.0,94889.12065742165,0.0,1994.1254232916465,7203004.972380026,0.0,7203004.972380026,2122322.569890992,0.0,0.0,False,False,0.0,1.1920928955078125e-07,passed
unweighted,2022-07-08,12332475.054269768,674683.3445312869,22529.41038289367,652153.9341483932,10733800.98551939,10059117.640988104,13007158.398801055,0.0,0.0,675.7150322906673,0.0,0,0,0,0,-1868.6910087944125,0.0,123466.62295053154,0.0,2278.3794391011447,10260299.993807867,0.0,10260299.993807867,2072175.0604619011,0.0,0.0,False,False,0.0,1.1920928955078125e-07,passed
constrained,2022-07-08,13140267.891497627,-59804.317068999,21512.354146178743,-81316.67121517775,10734498.08909869,10794302.40616769,13080463.574428627,0.0,0.0,719.9752282910049,0.0,0,0,0,0,-6729.4488397945315,0.0,133344.2625875175,0.0,2376.025817664196,11010188.454291044,0.0,11010188.454291044,2130079.437206583,0.0,0.0,False,False,0.0,1.1920928955078125e-07,passed
unhedged,2022-07-11,1275456.7486994958,10787424.37351267,40520.35791496517,10746904.015597705,10787424.37351267,0.0,12062881.122212166,0.0,0.0,209.64114828244783,0.0,0,0,0,0,63750.0,0.0,12881.46801622142,0.0,1174.7193167256753,0.0,0.0,0.0,1275456.7486994958,0.0,0.0,False,False,0.0,1.1920928955078125e-07,passed
duration,2022-07-11,9326860.556823643,3660749.1891047223,22937.68102241155,3637811.5080823107,10787424.37351267,7126675.1844079485,12987609.745928366,0.0,0.0,1533.0145526248962,0.0,0,0,0,0,6645.098252371114,0.0,96422.13521004654,0.0,1994.1254232916465,7269208.688096108,0.0,7269208.688096108,2057651.868727535,0.0,0.0,False,False,0.0,1.1920928955078125e-07,passed
unweighted,2022-07-11,12334502.421527633,677728.5768179048,22498.087471322367,655230.4893465824,10793585.461338338,10115856.884520434,13012230.998345539,0.0,0.0,2027.3672578651458,0.0,0,0,0,0,-1868.6910087944125,0.0,125493.99020839669,0.0,2278.3794391011447,10318174.022210842,0.0,10318174.022210842,2016328.3993167914,0.0,0.0,False,False,0.0,1.1920928955078125e-07,passed
constrained,2022-07-11,13142428.053895326,-59731.22327241339,21409.45959868647,-81140.68287109985,10794293.977348337,10854025.20062075,13082696.830622913,0.0,0.0,2160.1623976994306,0.0,0,0,0,0,-6729.4488397945315,0.0,135504.42498521693,0.0,2376.025817664196,11071105.704633165,0.0,11071105.704633165,2071322.3492621612,0.0,0.0,False,False,0.0,1.1920928955078125e-07,passed
unhedged,2022-07-12,1275526.6367405206,10814963.346172852,40870.20327888542,10774093.142893966,10814963.346172852,0.0,12090489.982913373,0.0,0.0,69.8880410247948,0.0,0,0,0,0,63750.0,0.0,12951.356057246216,0.0,1174.7193167256753,0.0,0.0,0.0,1275526.6367405206,0.0,0.0,False,False,0.0,1.1920928955078125e-07,passed
duration,2022-07-12,9327371.61767607,3658114.272835108,22979.058370672963,3635135.214464435,10814963.346172852,7156849.073337745,12985485.890511177,0.0,0.0,511.06085242703557,0.0,0,0,0,0,6645.098252371114,0.0,96933.19606247358,0.0,1994.1254232916465,7299986.0548045,0.0,7299986.0548045,2027385.5628715698,0.0,0.0,False,False,0.0,1.1920928955078125e-07,passed
unweighted,2022-07-12,12335178.284674017,679167.5881379127,22487.646500798597,656679.941637114,10821173.419210782,10142005.83107287,13014345.87281193,0.0,0.0,675.8631463833153,0.0,0,0,0,0,-1868.6910087944125,0.0,126169.85335478,0.0,2278.3794391011447,10344845.947694328,0.0,10344845.947694328,1990332.336979689,0.0,0.0,False,False,0.0,1.1920928955078125e-07,passed
constrained,2022-07-12,13143148.186939375,-59656.197677849035,21375.161416189043,-81031.35909403808,10821887.56844792,10881543.766125768,13083491.989261527,0.0,0.0,720.1330440491438,0.0,0,0,0,0,-6729.4488397945315,0.0,136224.55802926607,0.0,2376.025817664196,11099174.641448284,0.0,11099174.641448284,2043973.545491092,0.0,0.0,False,False,0.0,1.1920928955078125e-07,passed
unhedged,2022-07-13,1275596.5286110267,10825030.95715827,41220.04864280567,10783810.908515465,10825030.95715827,0.0,12100627.485769296,0.0,0.0,69.89187050610781,0.0,0,0,0,0,63750.0,0.0,13021.247927752323,0.0,1174.7193167256753,0.0,0.0,0.0,1275596.5286110267,0.0,0.0,False,False,0.0,1.1920928955078125e-07,passed
duration,2022-07-13,9327882.706531834,3643713.9660295313,23020.435718934375,3620693.530310597,10825030.95715827,7181316.991128739,12971596.672561366,0.0,0.0,511.0888557638973,0.0,0,0,0,0,6645.098252371114,0.0,97444.28491823748,0.0,1994.1254232916465,7324943.3309513135,0.0,7324943.3309513135,2002939.3755805204,0.0,0.0,False,False,0.0,1.1920928955078125e-07,passed
unweighted,2022-07-13,12335854.184854,679322.9079694753,22477.20553027483,656845.7024392005,10831286.30484316,10151963.396873685,13015177.092823476,0.0,0.0,675.900179984048,0.0,0,0,0,0,-1868.6910087944125,0.0,126845.75353476405,0.0,2278.3794391011447,10355002.664811159,0.0,10355002.664811159,1980851.5200428423,0.0,0.0,False,False,0.0,1.1920928955078125e-07,passed
constrained,2022-07-13,13143868.35944277,-59381.52169303833,21340.863233691623,-80722.38492672995,10832005.6605979,10891387.182290938,13084486.837749733,0.0,0.0,720.1725033950061,0.0,0,0,0,0,-6729.4488397945315,0.0,136944.73053266108,0.0,2376.025817664196,11109214.925936757,0.0,11109214.925936757,2034653.4335060138,0.0,0.0,False,False,0.0,1.1920928955078125e-07,passed
unhedged,2022-07-14,1275666.4243112248,10798735.725603744,41569.89400672592,10757165.831597019,10798735.725603744,0.0,12074402.149914969,0.0,0.0,69.89570019813254,0.0,0,0,0,0,63750.0,0.0,13091.143627950456,0.0,1174.7193167256753,0.0,0.0,0.0,1275666.4243112248,0.0,0.0,False,False,0.0,1.1920928955078125e-07,passed
duration,2022-07-14,9328393.823392468,3646686.228727453,23061.81306719579,3623624.415660257,10798735.725603744,7152049.496876292,12975080.05211992,0.0,0.0,511.116860633716,0.0,0,0,0,0,6645.098252371114,0.0,97955.4017788712,0.0,1994.1254232916465,7295090.486813818,0.0,7295090.486813818,2033303.3365786495,0.0,0.0,False,False,0.0,1.1920928955078125e-07,passed
unweighted,2022-07-14,12336530.12206961,677759.4108920168,22466.76455975106,655292.6463322658,10804965.956984749,10127206.546092732,13014289.532961627,0.0,0.0,675.937215609476,0.0,0,0,0,0,-1868.6910087944125,0.0,127521.69075037353,0.0,2278.3794391011447,10329750.677014587,0.0,10329750.677014587,2006779.4450550228,0.0,0.0,False,False,0.0,1.1920928955078125e-07,passed
constrained,2022-07-14,13144588.571407674,-59713.75768827158,21306.565051194197,-81020.32273946577,10805682.424401598,10865396.182089869,13084874.813719403,0.0,0.0,720.2119649033993,0.0,0,0,0,0,-6729.4488397945315,0.0,137664.94249756448,0.0,2376.025817664196,11082704.105731666,0.0,11082704.105731666,2061884.4656760078,0.0,0.0,False,False,0.0,1.1920928955078125e-07,passed
unhedged,2022-07-15,1275736.3238413243,10812272.069668315,41919.73937064617,10770352.33029767,10812272.069668315,0.0,12088008.39350964,0.0,0.0,69.89953009947203,0.0,0,0,0,0,63750.0,0.0,13161.043158049928,0.0,1174.7193167256753,0.0,0.0,0.0,1275736.3238413243,0.0,0.0,False,False,0.0,1.1920928955078125e-07,passed
duration,2022-07-15,9328904.968259504,3644966.568154987,23103.19041545721,3621863.3777395296,10812272.069668315,7167305.5015133275,12973871.536414491,0.0,0.0,511.14486703649163,0.0,0,0,0,0,6645.098252371114,0.0,98466.54664590769,0.0,1994.1254232916465,7310651.611543594,0.0,7310651.611543594,2018253.3567159101,0.0,0.0,False,False,0.0,1.1920928955078125e-07,passed
unweighted,2022-07-15,12337206.096322877,678449.0236096432,22456.323589227297,655992.7000204159,10818520.43096451,10140071.407354869,13015655.119932521,0.0,0.0,675.9742532670498,0.0,0,0,0,0,-1868.6910087944125,0.0,128197.66500364058,0.0,2278.3794391011447,10342872.835501967,0.0,10342872.835501967,1994333.2608209103,0.0,0.0,False,False,0.0,1.1920928955078125e-07,passed
constrained,2022-07-15,13145308.822836244,-59660.51903104143,21272.266868696777,-80932.78589973821,10819238.98329486,10878899.502325902,13085648.303805202,0.0,0.0,720.2514285705984,0.0,0,0,0,0,-6729.4488397945315,0.0,138385.19392613508,0.0,2376.025817664196,11096477.49237242,0.0,11096477.49237242,2048831.3304638248,0.0,0.0,False,False,0.0,1.1920928955078125e-07,passed
unhedged,2022-07-18,1275946.0454131293,10803104.296856513,42969.27546240692,10760135.021394106,10803104.296856513,0.0,12079050.342269642,0.0,0.0,209.7215718049556,0.0,0,0,0,0,63750.0,0.0,13370.764729854884,0.0,1174.7193167256753,0.0,0.0,0.0,1275946.0454131293,0.0,0.0,False,False,0.0,1.1920928955078125e-07,passed
duration,2022-07-18,9330438.570914377,3648547.964897379,23227.322460241445,3625320.642437137,10803104.296856513,7154556.331959134,12978986.535811756,0.0,0.0,1533.6026548724622,0.0,0,0,0,0,6645.098252371114,0.0,100000.14930078015,0.0,1994.1254232916465,7297647.458598317,0.0,7297647.458598317,2032791.1123160599,0.0,0.0,False,False,0.0,1.1920928955078125e-07,passed
unweighted,2022-07-18,12339234.241328899,678238.0457122358,22425.00067765599,655813.0450345798,10809306.903574077,10131068.857861841,13017472.287041135,0.0,0.0,2028.1450060214847,0.0,0,0,0,0,-1868.6910087944125,0.0,130225.81000966206,0.0,2278.3794391011447,10333690.235019078,0.0,10333690.235019078,2005544.0063098203,0.0,0.0,False,False,0.0,1.1920928955078125e-07,passed
constrained,2022-07-18,13147469.813925598,-59486.210935536794,21169.372321204504,-80655.5832567413,10810020.194195388,10869506.405130925,13087983.602990061,0.0,0.0,2160.991089353338,0.0,0,0,0,0,-6729.4488397945315,0.0,140546.18501548842,0.0,2376.025817664196,11086896.533233544,0.0,11086896.533233544,2060573.280692054,0.0,0.0,False,False,0.0,1.1920928955078125e-07,passed
unhedged,2022-07-19,1276015.9602649326,10769574.968143456,43319.12082632716,10726255.84731713,10769574.968143456,0.0,12045590.928408388,0.0,0.0,69.91485180333257,0.0,0,0,0,0,63750.0,0.0,13440.679581658216,0.0,1174.7193167256753,0.0,0.0,0.0,1276015.9602649326,0.0,0.0,False,False,0.0,1.1920928955078125e-07,passed
duration,2022-07-19,9330949.827822374,3644813.1388902115,23268.699808502857,3621544.4390817084,10769574.968143456,7124761.829253244,12975762.966712587,0.0,0.0,511.2569079976529,0.0,0,0,0,0,6645.098252371114,0.0,100511.4062087778,0.0,1994.1254232916465,7267257.065838309,0.0,7267257.065838309,2063692.7619840652,0.0,0.0,False,False,0.0,1.1920928955078125e-07,passed
unweighted,2022-07-19,12339910.363753084,676105.4740061444,22414.55970713222,653690.9142990123,10775751.499681355,10099646.025675211,13016015.837759228,0.0,0.0,676.122424185276,0.0,0,0,0,0,-1868.6910087944125,0.0,130901.93243384734,0.0,2278.3794391011447,10301638.946188716,0.0,10301638.946188716,2038271.4175643679,0.0,0.0,False,False,0.0,1.1920928955078125e-07,passed
constrained,2022-07-19,13148190.223230474,-59679.362159878074,21135.074138707078,-80814.43629858515,10776461.791695476,10836141.153855354,13088510.861070596,0.0,0.0,720.4093048758805,0.0,0,0,0,0,-6729.4488397945315,0.0,141266.5943203643,0.0,2376.025817664196,11052863.97693246,0.0,11052863.97693246,2095326.2462980133,0.0,0.0,False,False,0.0,1.1920928955078125e-07,passed
unhedged,2022-07-20,1276085.878947687,10751803.86200347,43668.96619024742,10708134.895813223,10751803.86200347,0.0,12027889.740951156,0.0,0.0,69.91868275450543,0.0,0,0,0,0,63750.0,0.0,13510.598264412722,0.0,1174.7193167256753,0.0,0.0,0.0,1276085.878947687,0.0,0.0,False,False,0.0,1.1920928955078125e-07,passed
duration,2022-07-20,9331461.112744447,3643533.4800651856,23310.07715676428,3620223.402908421,10751803.86200347,7108270.381938284,12974994.592809632,0.0,0.0,511.2849220726639,0.0,0,0,0,0,6645.098252371114,0.0,101022.69113085046,0.0,1994.1254232916465,7250435.78957705,0.0,7250435.78957705,2081025.3231673967,0.0,0.0,False,False,0.0,1.1920928955078125e-07,passed
unweighted,2022-07-20,12340586.523225073,674884.0429616156,22404.118736608456,652479.9242250072,10757974.62793356,10083090.584971944,13015470.566186689,0.0,0.0,676.159471988678,0.0,0,0,0,0,-1868.6910087944125,0.0,131578.09190583602,0.0,2278.3794391011447,10284752.396671383,0.0,10284752.396671383,2055834.12655369,0.0,0.0,False,False,0.0,1.1920928955078125e-07,passed
constrained,2022-07-20,13148910.67200983,-59927.152887131575,21100.77595620966,-81027.92884334124,10758684.256911287,10818611.40979842,13088983.519122697,0.0,0.0,720.4487793557346,0.0,0,0,0,0,-6729.4488397945315,0.0,141987.04309972003,0.0,2376.025817664196,11034983.637994388,0.0,11034983.637994388,2113927.0340154413,0.0,0.0,False,False,0.0,1.1920928955078125e-07,passed
unhedged,2022-07-21,1276155.801461602,10854128.04218039,44018.811554167674,10810109.230626222,10854128.04218039,0.0,12130283.84364199,0.0,0.0,69.92251391499303,0.0,0,0,0,0,63750.0,0.0,13580.520778327715,0.0,1174.7193167256753,0.0,0.0,0.0,1276155.801461602,0.0,0.0,False,False,0.0,1.1920928955078125e-07,passed
duration,2022-07-21,9331972.425682131,3643612.641943308,23351.454505025697,3620261.187438282,10854128.04218039,7210515.400237081,12975585.067625439,0.0,0.0,511.31293768435717,0.0,0,0,0,0,6645.098252371114,0.0,101534.00406853482,0.0,1994.1254232916465,7354725.708241822,0.0,7354725.708241822,1977246.717440309,0.0,0.0,False,False,0.0,1.1920928955078125e-07,passed
unweighted,2022-07-21,12341262.719746891,680985.7795356783,22393.67776608469,658592.1017695937,10860386.880573528,10179401.10103785,13022248.49928257,0.0,0.0,676.1965218186378,0.0,0,0,0,0,-1868.6910087944125,0.0,132254.28842765465,0.0,2278.3794391011447,10382989.123058608,0.0,10382989.123058608,1958273.5966882836,0.0,0.0,False,False,0.0,1.1920928955078125e-07,passed
constrained,2022-07-21,13149631.160265828,-59220.09685405448,21066.47777371224,-80286.57462776672,10861106.637754567,10920326.734608622,13090411.063411772,0.0,0.0,720.4882559981197,0.0,0,0,0,0,-6729.4488397945315,0.0,142707.53135571815,0.0,2376.025817664196,11138733.269300794,0.0,11138733.269300794,2010897.8909650333,0.0,0.0,False,False,0.0,1.1920928955078125e-07,passed
unhedged,2022-07-22,1276225.7278068878,10935006.066085393,44368.656918087916,10890637.409167305,10935006.066085393,0.0,12211231.793892281,0.0,0.0,69.92634528572671,0.0,0,0,0,0,63750.0,0.0,13650.447123613441,0.0,1174.7193167256753,0.0,0.0,0.0,1276225.7278068878,0.0,0.0,False,False,0.0,1.1920928955078125e-07,passed
duration,2022-07-22,9332483.766636964,3644698.779787265,23392.831853287105,3621305.947933978,10935006.066085393,7290307.286298128,12977182.546424229,0.0,0.0,511.3409548327327,0.0,0,0,0,0,6645.098252371114,0.0,102045.34502336755,0.0,1994.1254232916465,7436113.432024091,0.0,7436113.432024091,1896370.3346128734,0.0,0.0,False,False,0.0,1.1920928955078125e-07,passed
unweighted,2022-07-22,12341938.953320578,685523.0507798202,22383.236795560915,663139.8139842593,10941361.51116998,10255838.46039016,13027462.004100397,0.0,0.0,676.2335736863315,0.0,0,0,0,0,-1868.6910087944125,0.0,132930.52200134099,0.0,2278.3794391011447,10460955.229597963,0.0,10460955.229597963,1880983.7237226143,0.0,0.0,False,False,0.0,1.1920928955078125e-07,passed
constrained,2022-07-22,13150351.68800064,-59033.80912002611,21032.179591214808,-80065.98871124092,10942092.377978003,11001126.187098028,13091317.878880614,0.0,0.0,720.5277348123491,0.0,0,0,0,0,-6729.4488397945315,0.0,143428.0590905305,0.0,2376.025817664196,11221148.710839989,0.0,11221148.710839989,1929202.9771606512,0.0,0.0,False,False,0.0,1.1920928955078125e-07,passed
unhedged,2022-07-25,1276435.529833068,10917145.372751512,45418.19300984866,10871727.179741664,10917145.372751512,0.0,12193580.902584579,0.0,0.0,209.8020261800848,0.0,0,0,0,0,63750.0,0.0,13860.249149793526,0.0,1174.7193167256753,0.0,0.0,0.0,1276435.529833068,0.0,0.0,False,False,0.0,1.1920928955078125e-07,passed
duration,2022-07-25,9334017.957619699,3646228.353544662,23516.963898071343,3622711.38964659,10917145.372751512,7270917.019206851,12980246.31116436,0.0,0.0,1534.1909827347845,0.0,0,0,0,0,6645.098252371114,0.0,103579.53600610234,0.0,1994.1254232916465,7416335.359590988,0.0,7416335.359590988,1917682.598028711,0.0,0.0,False,False,0.0,1.1920928955078125e-07,passed
unweighted,2022-07-25,12343967.876373123,684824.5362378448,22351.91388398961,662472.6223538553,10923455.440427419,10238630.904189574,13028792.412610969,0.0,0.0,2028.923052545637,0.0,0,0,0,0,-1868.6910087944125,0.0,134959.44505388662,0.0,2278.3794391011447,10443403.522273365,0.0,10443403.522273365,1900564.354099758,0.0,0.0,False,False,0.0,1.1920928955078125e-07,passed
constrained,2022-07-25,13152513.508099554,-58801.55836902567,20929.28504372254,-79730.8434127482,10924181.088900393,10982982.647269418,13093711.949730529,0.0,0.0,2161.820098914206,0.0,0,0,0,0,-6729.4488397945315,0.0,145589.8791894447,0.0,2376.025817664196,11202642.300214807,0.0,11202642.300214807,1949871.2078847475,0.0,0.0,False,False,0.0,1.1920928955078125e-07,passed
unhedged,2022-07-26,1276505.4715059355,10920223.588241031,45768.03837376892,10874455.549867263,10920223.588241031,0.0,12196729.059746968,0.0,0.0,69.94167286762968,0.0,0,0,0,0,63750.0,0.0,13930.190822661156,0.0,1174.7193167256753,0.0,0.0,0.0,1276505.4715059355,0.0,0.0,False,False,0.0,1.1920928955078125e-07,passed
duration,2022-07-26,9334529.410658473,3640967.3707253924,23558.34124633277,3617409.0294790594,10920223.588241031,7279256.217515639,12975496.781383865,0.0,0.0,511.45303877443075,0.0,0,0,0,0,6645.098252371114,0.0,104090.98904487677,0.0,1994.1254232916465,7424841.341865952,0.0,7424841.341865952,1909688.068792521,0.0,0.0,False,False,0.0,1.1920928955078125e-07,passed
unweighted,2022-07-26,12344644.258174568,684935.7338317299,22341.47291346585,662594.260918264,10926543.47444561,10241607.74061388,13029579.992006298,0.0,0.0,676.3818014450371,0.0,0,0,0,0,-1868.6910087944125,0.0,135635.82685533166,0.0,2278.3794391011447,10446439.895426158,0.0,10446439.895426158,1898204.3627484106,0.0,0.0,False,False,0.0,1.1920928955078125e-07,passed
constrained,2022-07-26,13153234.193771232,-58601.20639524722,20894.98686122512,-79496.19325647234,10927270.252034895,10985871.458430141,13094632.987375984,0.0,0.0,720.6856716778129,0.0,0,0,0,0,-6729.4488397945315,0.0,146310.56486112252,0.0,2376.025817664196,11205588.887598744,0.0,11205588.887598744,1947645.3061724883,0.0,0.0,False,False,0.0,1.1920928955078125e-07,passed
unhedged,2022-07-27,1276575.4170112235,10950715.750423696,46117.88373768916,10904597.866686007,10950715.750423696,0.0,12227291.16743492,0.0,0.0,69.9455052879639,0.0,0,0,0,0,63750.0,0.0,14000.13632794912,0.0,1174.7193167256753,0.0,0.0,0.0,1276575.4170112235,0.0,0.0,False,False,0.0,1.1920928955078125e-07,passed
duration,2022-07-27,9335040.891722072,3646829.5270540817,23599.71859459418,3623229.8084594873,10950715.750423696,7303886.223369615,12981870.418776155,0.0,0.0,511.4810635987669,0.0,0,0,0,0,6645.098252371114,0.0,104602.47010847554,0.0,1994.1254232916465,7449963.947837007,0.0,7449963.947837007,1885076.9438850647,0.0,0.0,False,False,0.0,1.1920928955078125e-07,passed
unweighted,2022-07-27,12345320.677038033,686869.58653,22331.031942942074,664538.5545870579,10957044.06629704,10270174.47976704,13032190.263568033,0.0,0.0,676.4188634641469,0.0,0,0,0,0,-1868.6910087944125,0.0,136312.2457187958,0.0,2278.3794391011447,10475577.96936238,0.0,10475577.96936238,1869742.7076756526,0.0,0.0,False,False,0.0,1.1920928955078125e-07,passed
constrained,2022-07-27,13153954.918932537,-58521.098590000685,20860.688678727693,-79381.78726872838,10957771.813285796,11016292.911875797,13095433.820342535,0.0,0.0,720.7251613046974,0.0,0,0,0,0,-6729.4488397945315,0.0,147031.29002242722,0.0,2376.025817664196,11236618.770113314,0.0,11236618.770113314,1917336.148819223,0.0,0.0,False,False,0.0,1.1920928955078125e-07,passed
unhedged,2022-07-28,1276645.366349142,11022974.432286201,46467.72910160941,10976506.703184592,11022974.432286201,0.0,12299619.798635343,0.0,0.0,69.94933791854419,0.0,0,0,0,0,63750.0,0.0,14070.085665867664,0.0,1174.7193167256753,0.0,0.0,0.0,1276645.366349142,0.0,0.0,False,False,0.0,1.1920928955078125e-07,passed
duration,2022-07-28,9335552.40081203,3650651.8139950233,23641.095942855587,3627010.7180521674,11022974.432286201,7372322.618291178,12986204.214807052,0.0,0.0,511.5090899579227,0.0,0,0,0,0,6645.098252371114,0.0,105113.97919843346,0.0,1994.1254232916465,7519769.070657002,0.0,7519769.070657002,1815783.330155028,0.0,0.0,False,False,0.0,1.1920928955078125e-07,passed
unweighted,2022-07-28,12345997.132965542,691273.0634318792,22320.590972418304,668952.4724594608,11029344.96731479,10338071.90388291,13037270.196397422,0.0,0.0,676.4559275098145,0.0,0,0,0,0,-1868.6910087944125,0.0,136988.70164630562,0.0,2278.3794391011447,10544833.341960568,0.0,10544833.341960568,1801163.7910049744,0.0,0.0,False,False,0.0,1.1920928955078125e-07,passed
constrained,2022-07-28,13154675.683585629,-58050.31742176477,20826.390496230266,-78876.70791799504,11030077.569444109,11088127.886865875,13096625.366163865,0.0,0.0,720.7646530922502,0.0,0,0,0,0,-6729.4488397945315,0.0,147752.05467551947,0.0,2376.025817664196,11309890.444603192,0.0,11309890.444603192,1844785.2389824372,0.0,0.0,False,False,0.0,1.1920928955078125e-07,passed
unhedged,2022-07-29,1276715.3195199012,11023802.750810402,46817.57446552967,10976985.176344872,11023802.750810402,0.0,12300518.070330303,0.0,0.0,69.95317075913772,0.0,0,0,0,0,63750.0,0.0,14140.038836626802,0.0,1174.7193167256753,0.0,0.0,0.0,1276715.3195199012,0.0,0.0,False,False,0.0,1.1920928955078125e-07,passed
duration,2022-07-29,9336063.937929882,3646296.1222816696,23682.473291117014,3622613.6489905524,11023802.750810402,7377506.628528732,12982360.06021155,0.0,0.0,511.5371178518981,0.0,0,0,0,0,6645.098252371114,0.0,105625.51631628536,0.0,1994.1254232916465,7525056.761099307,0.0,7525056.761099307,1811007.1768305749,0.0,0.0,False,False,0.0,1.1920928955078125e-07,passed
unweighted,2022-07-29,12346673.625959128,691066.7345570767,22310.150001894548,668756.5845551821,11030193.58627977,10339126.851722693,13037740.360516205,0.0,0.0,676.4929935857654,0.0,0,0,0,0,-1868.6910087944125,0.0,137665.1946398914,0.0,2278.3794391011447,10545909.388757147,0.0,10545909.388757147,1800764.2372019812,0.0,0.0,False,False,0.0,1.1920928955078125e-07,passed
constrained,2022-07-29,13155396.487732673,-58126.1859113398,20792.09231373285,-78918.27822507266,11030928.522929829,11089054.70884117,13097270.301821332,0.0,0.0,720.8041470441967,0.0,0,0,0,0,-6729.4488397945315,0.0,148472.85882256366,0.0,2376.025817664196,11310835.803017993,0.0,11310835.803017993,1844560.6847146805,0.0,0.0,False,False,0.0,1.1920928955078125e-07,passed
unhedged,2022-08-01,1276925.2020313207,11062524.103812642,47867.11055729042,11014656.993255353,11062524.103812642,0.0,12339449.305843962,0.0,0.0,209.88251141947694,0.0,0.0,-0.0,0.0,0,63750.0,0.0,14349.921348046279,0.0,1174.7193167256753,0.0,0.0,0.0,1276925.2020313207,0.0,0.0,False,False,0.0,1.1920928955078125e-07,passed
duration,2022-08-01,9237825.47561502,3739083.437201461,24129.963631456907,3714953.473570004,11062524.103812642,7323440.666611181,12976908.912816482,0.0,0.0,1534.779536291957,0.0,9.976326552459948,-99763.26552459948,99763.26552459948,0,6645.098252371114,0.0,107160.29585257731,0.0,2004.1017498441065,7469909.479943404,0.0,7469909.479943404,1767915.9956716169,0.0,0.0,False,False,-9.093419350847398e-10,1.1920928955078125e-07,passed
unweighted,2022-08-01,12406255.412060535,635549.1584956147,22193.164186052425,613355.9943095623,11072807.598724775,10437258.44022916,13041804.570556149,0.0,0.0,2029.7013975456357,0.0,6.624005002336503,57558.70870886462,66240.05002336502,0,-1868.6910087944125,0.0,139694.89603743702,0.0,2285.0034441034813,10646003.609033745,0.0,10646003.609033745,1760251.8030267898,0.0,0.0,False,False,-1.4812258086749353e-09,1.1920928955078125e-07,passed
constrained,2022-08-01,13148619.385369182,-48933.24944726022,20677.92042470664,-69611.16987196686,11075120.81961782,11124054.069065081,13099686.135921922,0.0,0.0,2162.6494265049696,0.0,6.404846426761707,-8933.346943570348,64048.46426761706,0,-6729.4488397945315,0.0,150635.50824906863,0.0,2382.4306640909576,11346535.150446383,0.0,11346535.150446383,1802084.2349227984,0.0,0.0,False,False,7.094618226233251e-10,1.1920928955078125e-07,passed
unhedged,2022-08-02,1276995.1705355418,10962195.710021237,48216.95592121066,10913978.754100027,10962195.710021237,0.0,12239190.880556779,0.0,0.0,69.96850422117859,0.0,0,0,0,0,63750.0,0.0,14419.889852267457,0.0,1174.7193167256753,0.0,0.0,0.0,1276995.1705355418,0.0,0.0,False,False,0.0,1.1920928955078125e-07,passed
duration,2022-08-02,9238331.657832863,3731134.461031327,24175.486598892105,3706958.974432435,10962195.710021237,7231061.24898991,12969466.11886419,0.0,0.0,506.18221784196794,0.0,0,0,0,0,6645.098252371114,0.0,107666.47807041928,0.0,2004.1017498441065,7375682.473969708,0.0,7375682.473969708,1862649.1838631546,0.0,0.0,False,False,0.0,1.1920928955078125e-07,passed
unweighted,2022-08-02,12406935.206877634,629969.189804579,22181.4332505362,607787.7565540428,10972318.609192539,10342349.419387959,13036904.396682212,0.0,0.0,679.7948170993477,0.0,0,0,0,0,-1868.6910087944125,0.0,140374.69085453637,0.0,2285.0034441034813,10549196.407775719,0.0,10549196.407775719,1857738.7991019152,0.0,0.0,False,False,0.0,1.1920928955078125e-07,passed
constrained,2022-08-02,13149339.857664272,-49058.49088982374,20643.453360649743,-69701.94425047349,10974595.704874633,11023654.195764456,13100281.36677445,0.0,0.0,720.4722950905561,0.0,0,0,0,0,-6729.4488397945315,0.0,151355.9805441592,0.0,2382.4306640909576,11244127.279679745,0.0,11244127.279679745,1905212.5779845268,0.0,0.0,False,False,0.0,1.1920928955078125e-07,passed
unhedged,2022-08-03,1277065.1428736534,10968867.847113345,48566.80128513092,10920301.045828214,10968867.847113345,0.0,12245932.989986999,0.0,0.0,69.9723381116055,0.0,0,0,0,0,63750.0,0.0,14489.862190379063,0.0,1174.7193167256753,0.0,0.0,0.0,1277065.1428736534,0.0,0.0,False,False,0.0,1.1920928955078125e-07,passed
duration,2022-08-03,9238837.867786717,3726005.1506277993,24221.009566327317,3701784.1410614722,10968867.847113345,7242862.696485545,12964843.018414516,0.0,0.0,506.2099538538605,0.0,0,0,0,0,6645.098252371114,0.0,108172.68802427314,0.0,2004.1017498441065,7387719.9504152555,0.0,7387719.9504152555,1851117.9173714612,0.0,0.0,False,False,0.0,1.1920928955078125e-07,passed
unweighted,2022-08-03,12407615.038943766,630109.6715805767,22169.702315019982,607939.9692655567,10979054.604026215,10348944.932445638,13037724.710524343,0.0,0.0,679.8320661317557,0.0,0,0,0,0,-1868.6910087944125,0.0,141054.52292066813,0.0,2285.0034441034813,10555923.83109455,0.0,10555923.83109455,1851691.2078492157,0.0,0.0,False,False,0.0,1.1920928955078125e-07,passed
constrained,2022-08-03,13150060.369437294,-49063.52788753734,20608.98629659285,-69672.5141841302,10981346.064188793,11030409.592076331,13100996.841549756,0.0,0.0,720.5117730218917,0.0,0,0,0,0,-6729.4488397945315,0.0,152076.49231718108,0.0,2382.4306640909576,11251017.783917857,0.0,11251017.783917857,1899042.5855194367,0.0,0.0,False,False,0.0,1.1920928955078125e-07,passed
unhedged,2022-08-04,1277135.1190458655,11013206.980149135,48916.646649051174,10964290.333500084,11013206.980149135,0.0,12290342.099195,0.0,0.0,69.97617221204564,0.0,0,0,0,0,63750.0,0.0,14559.838362591108,0.0,1174.7193167256753,0.0,0.0,0.0,1277135.1190458655,0.0,0.0,False,False,0.0,1.1920928955078125e-07,passed
duration,2022-08-04,9239344.105478104,3730814.712369454,24266.53253376252,3706548.1798356916,11013206.980149135,7282392.26777968,12970158.817847557,0.0,0.0,506.23769138753414,0.0,0,0,0,0,6645.098252371114,0.0,108678.92571566068,0.0,2004.1017498441065,7428040.113135274,0.0,7428040.113135274,1811303.9923428306,0.0,0.0,False,False,0.0,1.1920928955078125e-07,passed
unweighted,2022-08-04,12408294.90826097,632793.259546122,22157.97137950376,610635.2881666183,11023414.635451375,10390621.375905253,13041088.167807091,0.0,0.0,679.8693172037601,0.0,0,0,0,0,-1868.6910087944125,0.0,141734.39223787189,0.0,2285.0034441034813,10598433.803423358,0.0,10598433.803423358,1809861.1048376113,0.0,0.0,False,False,0.0,1.1920928955078125e-07,passed
constrained,2022-08-04,13150780.920690415,-48811.67709424623,20574.519232535957,-69386.19632678218,11025710.796602415,11074522.47369666,13101969.24359617,0.0,0.0,720.5512531213462,0.0,0,0,0,0,-6729.4488397945315,0.0,152797.04357030243,0.0,2382.4306640909576,11296012.923170594,0.0,11296012.923170594,1854767.997519821,0.0,0.0,False,False,0.0,1.1920928955078125e-07,passed
unhedged,2022-08-05,1277205.099052389,10906526.223078743,49266.492012971416,10857259.73106577,10906526.223078743,0.0,12183731.32213113,0.0,0.0,69.98000652343035,0.0,0,0,0,0,63750.0,0.0,14629.818369114539,0.0,1174.7193167256753,0.0,0.0,0.0,1277205.099052389,0.0,0.0,False,False,0.0,1.1920928955078125e-07,passed
duration,2022-08-05,9239850.370908543,3721157.2185307546,24312.055501197723,3696845.1630295566,10906526.223078743,7185369.004547987,12961007.589439299,0.0,0.0,506.2654304392636,0.0,0,0,0,0,6645.098252371114,0.0,109185.19114609994,0.0,2004.1017498441065,7329076.384638947,0.0,7329076.384638947,1910773.986269596,0.0,0.0,False,False,0.0,1.1920928955078125e-07,passed
unweighted,2022-08-05,12408974.814831287,627165.0203279409,22146.24044398754,605018.7798839534,10916548.08349374,10289383.063165799,13036139.835159227,0.0,0.0,679.9065703172237,0.0,0,0,0,0,-1868.6910087944125,0.0,142414.2988081891,0.0,2285.0034441034813,10495170.724429116,0.0,10495170.724429116,1913804.090402171,0.0,0.0,False,False,0.0,1.1920928955078125e-07,passed
constrained,2022-08-05,13151501.511425799,-48586.371862471504,20540.05216847906,-69126.42403095055,10918802.451011518,10967388.822873991,13102915.139563328,0.0,0.0,720.5907353833318,0.0,0,0,0,0,-6729.4488397945315,0.0,153517.63430568576,0.0,2382.4306640909576,11186736.59933147,0.0,11186736.59933147,1964764.9120943286,0.0,0.0,False,False,0.0,1.1920928955078125e-07,passed
unhedged,2022-08-08,1277415.0620799244,10943927.338810401,50316.02810473217,10893611.31070567,10943927.338810401,0.0,12221342.400890326,0.0,0.0,209.96302753547207,0.0,0,0,0,0,63750.0,0.0,14839.78139665001,0.0,1174.7193167256753,0.0,0.0,0.0,1277415.0620799244,0.0,0.0,False,False,0.0,1.1920928955078125e-07,passed
duration,2022-08-08,9241369.333649365,3719605.6835928233,24448.624403503345,3695157.05918932,10943927.338810401,7224321.655217578,12960975.01724219,0.0,0.0,1518.9627408217639,0.0,0,0,0,0,6645.098252371114,0.0,110704.1538869217,0.0,2004.1017498441065,7368808.08832193,0.0,7368808.08832193,1872561.2453274354,0.0,0.0,False,False,0.0,1.1920928955078125e-07,passed
unweighted,2022-08-08,12411014.75808133,629092.2077004856,22111.047637438875,606981.1600630467,10954053.252566276,10324961.04486579,13040106.965781815,0.0,0.0,2039.9432500433177,0.0,0,0,0,0,-1868.6910087944125,0.0,144454.24205823243,0.0,2285.0034441034813,10531460.265763106,0.0,10531460.265763106,1879554.4923182242,0.0,0.0,False,False,0.0,1.1920928955078125e-07,passed
constrained,2022-08-08,13153663.520547139,-48503.823068324775,20436.650976308378,-68940.47404463316,10956331.026364135,11004834.84943246,13105159.697478814,0.0,0.0,2162.009121339768,0.0,0,0,0,0,-6729.4488397945315,0.0,155679.64342702553,0.0,2382.4306640909576,11224931.546421109,0.0,11224931.546421109,1928731.9741260298,0.0,0.0,False,False,0.0,1.1920928955078125e-07,passed
unhedged,2022-08-09,1277485.0574257919,10921407.165835576,50665.87346865242,10870741.292366924,10921407.165835576,0.0,12198892.223261368,0.0,0.0,69.99534586747177,0.0,0,0,0,0,63750.0,0.0,14909.776742517482,0.0,1174.7193167256753,0.0,0.0,0.0,1277485.0574257919,0.0,0.0,False,False,0.0,1.1920928955078125e-07,passed
duration,2022-08-09,9241875.71005121,3714414.6569758607,24494.147370938543,3689920.509604922,10921407.165835576,7206992.508859715,12956290.36702707,0.0,0.0,506.37640184536576,0.0,0,0,0,0,6645.098252371114,0.0,111210.53028876707,0.0,2004.1017498441065,7351132.359036909,0.0,7351132.359036909,1890743.3510143012,0.0,0.0,False,False,0.0,1.1920928955078125e-07,passed
unweighted,2022-08-09,12411694.813684512,627580.5554179316,22099.31670192265,605481.238716009,10931512.181187592,10303931.625769662,13039275.369102444,0.0,0.0,680.0556031819433,0.0,0,0,0,0,-1868.6910087944125,0.0,145134.29766141437,0.0,2285.0034441034813,10510010.258285055,0.0,10510010.258285055,1901684.555399457,0.0,0.0,False,False,0.0,1.1920928955078125e-07,passed
constrained,2022-08-09,13154384.269233197,-48647.31275881748,20402.18391225148,-69049.49667106896,10933785.253993733,10982432.56675255,13105736.956474379,0.0,0.0,720.7486860584468,0.0,0,0,0,0,-6729.4488397945315,0.0,156400.39211308397,0.0,2382.4306640909576,11202081.2180876,0.0,11202081.2180876,1952303.0511455964,0.0,0.0,False,False,0.0,1.1920928955078125e-07,passed
unhedged,2022-08-10,1277555.0566070208,10934717.703107968,51015.71883257266,10883701.984275395,10934717.703107968,0.0,12212272.759714989,0.0,0.0,69.99918122892268,0.0,0,0,0,0,63750.0,0.0,14979.775923746405,0.0,1174.7193167256753,0.0,0.0,0.0,1277555.0566070208,0.0,0.0,False,False,0.0,1.1920928955078125e-07,passed
duration,2022-08-10,9242382.114199705,3722624.436302472,24539.670338373744,3698084.7659640983,10934717.703107968,7212093.266805496,12965006.550502177,0.0,0.0,506.40414849482477,0.0,0,0,0,0,6645.098252371114,0.0,111716.9344372619,0.0,2004.1017498441065,7356335.132141606,0.0,7356335.132141606,1886046.9820580995,0.0,0.0,False,False,0.0,1.1920928955078125e-07,passed
unweighted,2022-08-10,12412374.906551015,628837.0539665722,22087.58576640642,606749.4682001658,10944769.14077119,10315932.086804617,13041211.960517587,0.0,0.0,680.0928665027022,0.0,0,0,0,0,-1868.6910087944125,0.0,145814.39052791707,0.0,2285.0034441034813,10522250.72854071,0.0,10522250.72854071,1890124.1780103054,0.0,0.0,False,False,0.0,1.1920928955078125e-07,passed
constrained,2022-08-10,13155105.057412332,-48371.93209773423,20367.716848194577,-68739.64894592881,10947030.161543444,10995402.093641179,13106733.125314597,0.0,0.0,720.78817913495,0.0,0,0,0,0,-6729.4488397945315,0.0,157121.18029221892,0.0,2382.4306640909576,11215310.135514002,0.0,11215310.135514002,1939794.9218983296,0.0,0.0,False,False,0.0,1.1920928955078125e-07,passed
unhedged,2022-08-11,1277625.0596238212,10890403.686350886,51365.56419649291,10839038.122154392,10890403.686350886,0.0,12168028.745974706,0.0,0.0,70.00301680038683,0.0,0,0,0,0,63750.0,0.0,15049.778940546792,0.0,1174.7193167256753,0.0,0.0,0.0,1277625.0596238212,0.0,0.0,False,False,0.0,1.1920928955078125e-07,passed
duration,2022-08-11,9242888.546096375,3733244.3775501596,24585.19330580895,3708659.1842443505,10890403.686350886,7157159.308800727,12976132.923646536,0.0,0.0,506.43189666979015,0.0,0,0,0,0,6645.098252371114,0.0,112223.36633393168,0.0,2004.1017498441065,7300302.494976742,0.0,7300302.494976742,1942586.051119633,0.0,0.0,False,False,0.0,1.1920928955078125e-07,passed
unweighted,2022-08-11,12413055.036682883,626732.658589182,22075.8548308902,604656.8037582918,10900279.034341238,10273546.375752056,13039787.695272066,0.0,0.0,680.1301318686455,0.0,0,0,0,0,-1868.6910087944125,0.0,146494.52065978572,0.0,2285.0034441034813,10479017.303267097,0.0,10479017.303267097,1934037.7334157862,0.0,0.0,False,False,0.0,1.1920928955078125e-07,passed
constrained,2022-08-11,13155825.885086713,-48645.55972525935,20333.249784137683,-68978.80950939703,10902500.444619803,10951146.004345061,13107180.325361455,0.0,0.0,720.8276743814349,0.0,0,0,0,0,-6729.4488397945315,0.0,157842.00796660036,0.0,2382.4306640909576,11170168.924431963,0.0,11170168.924431963,1985656.9606547505,0.0,0.0,False,False,0.0,1.1920928955078125e-07,passed
unhedged,2022-08-12,1277695.0664764033,10905592.990036504,51715.409560413165,10853877.58047609,10905592.990036504,0.0,12183288.056512907,0.0,0.0,70.00685258209705,0.0,0,0,0,0,63750.0,0.0,15119.785793128889,0.0,1174.7193167256753,0.0,0.0,0.0,1277695.0664764033,0.0,0.0,False,False,0.0,1.1920928955078125e-07,passed
duration,2022-08-12,9243395.005742736,3726757.7103932397,24630.716273244154,3702126.9941199957,10905592.990036504,7178835.279643265,12970152.716135975,0.0,0.0,506.4596463609487,0.0,0,0,0,0,6645.098252371114,0.0,112729.82598029263,0.0,2004.1017498441065,7322411.98523613,0.0,7322411.98523613,1920983.0205066064,0.0,0.0,False,False,0.0,1.1920928955078125e-07,passed
unweighted,2022-08-12,12413735.204082152,627483.169449999,22064.12389537398,605419.045554625,10915524.80383218,10288041.63438218,13041218.37353215,0.0,0.0,680.1673992685974,0.0,0,0,0,0,-1868.6910087944125,0.0,147174.68805905432,0.0,2285.0034441034813,10493802.467069825,0.0,10493802.467069825,1919932.7370123267,0.0,0.0,False,False,0.0,1.1920928955078125e-07,passed
constrained,2022-08-12,13156546.752258498,-48371.74812260365,20298.782720080788,-68670.53084268444,10917758.915812038,10966130.663934642,13108175.004135894,0.0,0.0,720.8671717848629,0.0,0,0,0,0,-6729.4488397945315,0.0,158562.87513838522,0.0,2382.4306640909576,11185453.277213335,0.0,11185453.277213335,1971093.4750451632,0.0,0.0,False,False,0.0,1.1920928955078125e-07,passed
unhedged,2022-08-15,1315405.1100509423,10903434.382633263,15264.945652173912,10888169.43698109,10903434.382633263,0.0,12218839.492684206,37500.0,0.0,210.0435745390132,0.0,0,0,0,0,101250.0,0.0,15329.829367667902,0.0,1174.7193167256753,0.0,0.0,0.0,1315405.1100509423,0.0,0.0,False,False,0.0,1.1920928955078125e-07,passed
duration,2022-08-15,9282414.551195187,3690408.094081984,-12732.714824450231,3703140.808906434,10903434.382633263,7213026.288551279,12972822.645277172,37500.0,0.0,1519.5454524513334,0.0,0,0,0,0,44145.09825237111,0.0,114249.37143274397,0.0,2004.1017498441065,7357286.814322305,0.0,7357286.814322305,1925127.7368728826,0.0,0.0,False,False,0.0,1.1920928955078125e-07,passed
unweighted,2022-08-15,12453275.929904817,591768.5299154167,-15471.068911174683,607239.5988265914,10913424.579321088,10321656.049405672,13045044.459820233,37500.0,0.0,2040.7258226647973,0.0,0,0,0,0,35631.30899120559,0.0,149215.4138817191,0.0,2285.0034441034813,10528089.170393785,0.0,10528089.170393785,1925186.7595110312,0.0,0.0,False,False,0.0,1.1920928955078125e-07,passed
constrained,2022-08-15,13196209.590779943,-85923.67955068496,-17304.618472089893,-68619.06107859507,10915671.824241359,11001595.503792044,13110285.911229258,37500.0,0.0,2162.83852144517,0.0,0,0,0,0,30770.55116020547,0.0,160725.7136598304,0.0,2382.4306640909576,11221627.413867885,0.0,11221627.413867885,1974582.1769120581,0.0,0.0,False,False,0.0,1.1920928955078125e-07,passed
unhedged,2022-08-16,1315477.1870432738,10884778.397322943,15611.41304347826,10869166.984279465,10884778.397322943,0.0,12200255.584366217,0.0,0.0,72.07699233153835,0.0,0,0,0,0,101250.0,0.0,15401.90635999944,0.0,1174.7193167256753,0.0,0.0,0.0,1315477.1870432738,0.0,0.0,False,False,0.0,1.1920928955078125e-07,passed
duration,2022-08-16,9282923.176650047,3686738.32736361,-12690.569829630927,3699428.897193241,10884778.397322943,7198040.069959334,12969661.504013658,0.0,0.0,508.6254548598081,0.0,0,0,0,0,44145.09825237111,0.0,114757.99688760377,0.0,2004.1017498441065,7342000.871358521,0.0,7342000.871358521,1940922.305291526,0.0,0.0,False,False,0.0,1.1920928955078125e-07,passed
unweighted,2022-08-16,12453958.301188648,590701.4392745704,-15486.177819306811,606187.6170938773,10894755.318798052,10304053.87952348,13044659.740463218,0.0,0.0,682.3712838310748,0.0,0,0,0,0,35631.30899120559,0.0,149897.7851655502,0.0,2285.0034441034813,10510134.95711395,0.0,10510134.95711395,1943823.3440746982,0.0,0.0,False,False,0.0,1.1920928955078125e-07,passed
constrained,2022-08-16,13196932.670757521,-85875.73680259609,-17342.463508762692,-68533.2732938334,10896999.57752543,10982875.314328026,13111056.933954924,0.0,0.0,723.0799775775522,0.0,0,0,0,0,30770.55116020547,0.0,161448.79363740794,0.0,2382.4306640909576,11202532.820614588,0.0,11202532.820614588,1994399.8501429334,0.0,0.0,False,False,0.0,1.1920928955078125e-07,passed
unhedged,2022-08-17,1315549.2679850298,10838196.600297172,15957.880434782608,10822238.719862388,10838196.600297172,0.0,12153745.8682822,0.0,0.0,72.0809417560231,0.0,0,0,0,0,101250.0,0.0,15473.987301755464,0.0,1174.7193167256753,0.0,0.0,0.0,1315549.2679850298,0.0,0.0,False,False,0.0,1.1920928955078125e-07,passed
duration,2022-08-17,9283431.829974797,3685266.152494833,-12648.424834811623,3697914.5773296445,10838196.600297172,7152930.447802339,12968697.98246963,0.0,0.0,508.65332474932075,0.0,0,0,0,0,44145.09825237111,0.0,115266.6502123531,0.0,2004.1017498441065,7295989.056758386,0.0,7295989.056758386,1987442.7732164105,0.0,0.0,False,False,0.0,1.1920928955078125e-07,passed
unweighted,2022-08-17,12454640.709862685,587821.5220999508,-15501.286727438932,603322.8088273897,10848098.729255155,10260277.207155203,13042462.231962636,0.0,0.0,682.408674037084,0.0,0,0,0,0,35631.30899120559,0.0,150580.19383958727,0.0,2285.0034441034813,10465482.751298308,0.0,10465482.751298308,1989157.9585643765,0.0,0.0,False,False,0.0,1.1920928955078125e-07,passed
constrained,2022-08-17,13197655.790355919,-86329.34456507569,-17380.30854543549,-68949.0360196402,10850326.163778823,10936655.508343898,13111326.445790844,0.0,0.0,723.1195983979851,0.0,0,0,0,0,30770.55116020547,0.0,162171.91323580593,0.0,2382.4306640909576,11155388.618510775,0.0,11155388.618510775,2042267.1718451437,0.0,0.0,False,False,0.0,1.1920928955078125e-07,passed
unhedged,2022-08-18,1315621.3528764264,10850154.781336054,16304.347826086956,10833850.433509966,10850154.781336054,0.0,12165776.13421248,0.0,0.0,72.08489139657468,0.0,0,0,0,0,101250.0,0.0,15546.072193152038,0.0,1174.7193167256753,0.0,0.0,0.0,1315621.3528764264,0.0,0.0,False,False,0.0,1.1920928955078125e-07,passed
duration,2022-08-18,9283940.511170961,3688712.2522897273,-12606.27983999232,3701318.53212972,10850154.781336054,7161442.529046326,12972652.763460688,0.0,0.0,508.6811961643398,0.0,0,0,0,0,44145.09825237111,0.0,115775.33140851744,0.0,2004.1017498441065,7304671.379627253,0.0,7304671.379627253,1979269.131543708,0.0,0.0,False,False,0.0,1.1920928955078125e-07,passed
unweighted,2022-08-18,12455323.155928982,588219.7971980516,-15516.395635571056,603736.1928336227,10860081.930159623,10271862.132961571,13043542.953127034,0.0,0.0,682.4460662975907,0.0,0,0,0,0,35631.30899120559,0.0,151262.63990588486,0.0,2285.0034441034813,10477299.375620803,0.0,10477299.375620803,1978023.7803081796,0.0,0.0,False,False,0.0,1.1920928955078125e-07,passed
constrained,2022-08-18,13198378.949577311,-86702.30617850437,-17418.153582108287,-69284.15259639607,10862314.992777271,10949017.298955776,13111676.643398806,0.0,0.0,723.1592213921249,0.0,0,0,0,0,30770.55116020547,0.0,162895.07245719805,0.0,2382.4306640909576,11167997.64493489,0.0,11167997.64493489,2030381.3046424203,0.0,0.0,False,False,0.0,1.1920928955078125e-07,passed
unhedged,2022-08-19,1315693.44171768,10792003.758971345,16650.815217391304,10775352.943753954,10792003.758971345,0.0,12107697.200689025,0.0,0.0,72.08884125365876,0.0,0,0,0,0,101250.0,0.0,15618.161034405697,0.0,1174.7193167256753,0.0,0.0,0.0,1315693.44171768,0.0,0.0,False,False,0.0,1.1920928955078125e-07,passed
duration,2022-08-19,9284449.220240068,3697892.862334729,-12564.134845173017,3710456.997179902,10792003.758971345,7094110.896636616,12982342.082574796,0.0,0.0,508.70906910672784,0.0,0,0,0,0,44145.09825237111,0.0,116284.04047762416,0.0,2004.1017498441065,7235993.114569349,0.0,7235993.114569349,2048456.1056707185,0.0,0.0,False,False,0.0,1.1920928955078125e-07,passed
unweighted,2022-08-19,12456005.639389582,585397.3423981757,-15531.50454370318,600928.8469418789,10801772.485984253,10216375.143586077,13041402.981787758,0.0,0.0,682.4834605995566,0.0,0,0,0,0,35631.30899120559,0.0,151945.12336648442,0.0,2285.0034441034813,10420702.646457799,0.0,10420702.646457799,2035302.9929317832,0.0,0.0,False,False,0.0,1.1920928955078125e-07,passed
constrained,2022-08-19,13199102.148423864,-86957.196753223,-17455.998618781086,-69501.19813444192,10803969.912405698,10890927.10915892,13112144.951670641,0.0,0.0,723.198846552521,0.0,0,0,0,0,30770.55116020547,0.0,163618.27130375057,0.0,2382.4306640909576,11108745.6513421,0.0,11108745.6513421,2090356.497081764,0.0,0.0,False,False,0.0,1.1920928955078125e-07,passed
unhedged,2022-08-22,1315909.7319427477,10759638.844233043,17690.217391304348,10741948.626841739,10759638.844233043,0.0,12075548.57617579,0.0,0.0,216.2902250676416,0.0,0,0,0,0,101250.0,0.0,15834.451259473339,0.0,1174.7193167256753,0.0,0.0,0.0,1315909.7319427477,0.0,0.0,False,False,0.0,1.1920928955078125e-07,passed
duration,2022-08-22,9285975.514700312,3695914.2407300984,-12437.69986071511,3708351.9405908138,10759638.844233043,7063724.603502945,12981889.755430412,0.0,0.0,1526.2944602444768,0.0,0,0,0,0,44145.09825237111,0.0,117810.33493786864,0.0,2004.1017498441065,7204999.095573004,0.0,7204999.095573004,2080976.4191273078,0.0,0.0,False,False,0.0,1.1920928955078125e-07,passed
unweighted,2022-08-22,12458053.314157702,583522.7361438465,-15576.831268099551,599099.5674119461,10769368.18696116,10185845.450817313,13041576.050301548,0.0,0.0,2047.6747681200504,0.0,0,0,0,0,35631.30899120559,0.0,153992.79813460447,0.0,2285.0034441034813,10389562.35983366,0.0,10389562.35983366,2068490.9543240424,0.0,0.0,False,False,0.0,1.1920928955078125e-07,passed
constrained,2022-08-22,13201271.982736213,-87107.86566799814,-17569.533728799473,-69538.33193919866,10771556.754084164,10858664.619752163,13114164.117068214,0.0,0.0,2169.834312349558,0.0,0,0,0,0,30770.55116020547,0.0,165788.10561610013,0.0,2382.4306640909576,11075837.912147207,0.0,11075837.912147207,2125434.070589006,0.0,0.0,False,False,0.0,1.1920928955078125e-07,passed
unhedged,2022-08-23,1315981.8365855939,10750568.527474662,18036.684782608696,10732531.842692053,10750568.527474662,0.0,12066550.364060257,0.0,0.0,72.10464284615591,0.0,0,0,0,0,101250.0,0.0,15906.555902319495,0.0,1174.7193167256753,0.0,0.0,0.0,1315981.8365855939,0.0,0.0,False,False,0.0,1.1920928955078125e-07,passed
duration,2022-08-23,9286484.33527646,3701445.905173869,-12395.554865895807,3713841.4600397646,10750568.527474662,7049122.6223007925,12987930.24045033,0.0,0.0,508.82057614810765,0.0,0,0,0,0,44145.09825237111,0.0,118319.15551401675,0.0,2004.1017498441065,7190105.074746808,0.0,7190105.074746808,2096379.2605296522,0.0,0.0,False,False,0.0,1.1920928955078125e-07,passed
unweighted,2022-08-23,12458735.947216013,583023.4833345062,-15591.940176231677,598615.4235107378,10760276.543267976,10177253.05993347,13041759.43055052,0.0,0.0,682.6330583114177,0.0,0,0,0,0,35631.30899120559,0.0,154675.4311929159,0.0,2285.0034441034813,10380798.121132141,0.0,10380798.121132141,2077937.8260838725,0.0,0.0,False,False,0.0,1.1920928955078125e-07,passed
constrained,2022-08-23,13201995.340105131,-87394.04942423677,-17607.378765472273,-69786.6706587645,10762460.313003363,10849854.3624276,13114601.290680895,0.0,0.0,723.3573689181358,0.0,0,0,0,0,30770.55116020547,0.0,166511.46298501827,0.0,2382.4306640909576,11066851.449676152,0.0,11066851.449676152,2135143.890428979,0.0,0.0,False,False,0.0,1.1920928955078125e-07,passed
unhedged,2022-08-24,1316053.9451793793,10714572.50410213,18383.152173913044,10696189.351928217,10714572.50410213,0.0,12030626.449281508,0.0,0.0,72.10859378543682,0.0,0,0,0,0,101250.0,0.0,15978.664496104931,0.0,1174.7193167256753,0.0,0.0,0.0,1316053.9451793793,0.0,0.0,False,False,0.0,1.1920928955078125e-07,passed
duration,2022-08-24,9286993.183733188,3702184.9188222,-12353.4098710765,3714538.3286932767,10714572.50410213,7012387.58527993,12989178.102555387,0.0,0.0,508.8484567273408,0.0,0,0,0,0,44145.09825237111,0.0,118828.00397074409,0.0,2004.1017498441065,7152635.336985529,0.0,7152635.336985529,2134357.846747658,0.0,0.0,False,False,0.0,1.1920928955078125e-07,passed
unweighted,2022-08-24,12459418.617678873,581410.0978979405,-15607.049084363796,597017.1469823043,10724178.963180438,10142768.865282496,13040828.715576814,0.0,0.0,682.6704628597945,0.0,0,0,0,0,35631.30899120559,0.0,155358.10165577568,0.0,2285.0034441034813,10345624.242588146,0.0,10345624.242588146,2113794.3750907276,0.0,0.0,False,False,0.0,1.1920928955078125e-07,passed
constrained,2022-08-24,13202718.737110067,-87183.12077344768,-17645.22380214507,-69537.8969713026,10726339.888239281,10813523.009012729,13115535.61633662,0.0,0.0,723.3970049358904,0.0,0,0,0,0,30770.55116020547,0.0,167234.85998995416,0.0,2382.4306640909576,11029793.469192984,0.0,11029793.469192984,2172925.2679170836,0.0,0.0,False,False,0.0,1.1920928955078125e-07,passed
unhedged,2022-08-25,1316126.0577243208,10757177.210038576,18729.619565217392,10738447.59047336,10757177.210038576,0.0,12073303.267762898,0.0,0.0,72.11254494148307,0.0,0,0,0,0,101250.0,0.0,16050.777041046415,0.0,1174.7193167256753,0.0,0.0,0.0,1316126.0577243208,0.0,0.0,False,False,0.0,1.1920928955078125e-07,passed
duration,2022-08-25,9287502.060072023,3695287.119527627,-12311.264876257199,3707598.384403884,10757177.210038576,7061890.090510949,12982789.17959965,0.0,0.0,508.87633883580565,0.0,0,0,0,0,44145.09825237111,0.0,119336.8803095799,0.0,2004.1017498441065,7203127.8923211675,0.0,7203127.8923211675,2084374.167750856,0.0,0.0,False,False,0.0,1.1920928955078125e-07,passed
unweighted,2022-08-25,12460101.325548338,583470.8402555317,-15622.157992495922,599092.9982480276,10766908.07547525,10183437.235219717,13043572.16580387,0.0,0.0,682.7078694645315,0.0,0,0,0,0,35631.30899120559,0.0,156040.8095252402,0.0,2285.0034441034813,10387105.97992411,0.0,10387105.97992411,2072995.345624227,0.0,0.0,False,False,0.0,1.1920928955078125e-07,passed
constrained,2022-08-25,13203442.1737532,-87000.76871203951,-17683.068838817868,-69317.69987322165,10769096.985123951,10856097.75383599,13116441.40504116,0.0,0.0,723.4366431329399,0.0,0,0,0,0,30770.55116020547,0.0,167958.2966330871,0.0,2382.4306640909576,11073219.70891271,0.0,11073219.70891271,2130222.4648404904,0.0,0.0,False,False,0.0,1.1920928955078125e-07,passed
unhedged,2022-08-26,1316198.1742206344,10739049.9316134,19076.08695652174,10719973.84465688,10739049.9316134,0.0,12055248.105834035,0.0,0.0,72.11649631359614,0.0,0,0,0,0,101250.0,0.0,16122.89353736001,0.0,1174.7193167256753,0.0,0.0,0.0,1316198.1742206344,0.0,0.0,False,False,0.0,1.1920928955078125e-07,passed
duration,2022-08-26,9288010.964294493,3693072.9330669334,-12269.119881437897,3705342.0529483715,10739049.9316134,7045976.998546468,12981083.897361428,0.0,0.0,508.90422246977687,0.0,0,0,0,0,44145.09825237111,0.0,119845.78453204967,0.0,2004.1017498441065,7186896.538517398,0.0,7186896.538517398,2101114.4257770954,0.0,0.0,False,False,0.0,1.1920928955078125e-07,passed
unweighted,2022-08-26,12460784.070826449,582136.035304888,-15637.266900628047,597773.302205516,10748814.86338498,10166678.828080092,13042920.106131336,0.0,0.0,682.7452781107277,0.0,0,0,0,0,35631.30899120559,0.0,156723.55480335094,0.0,2285.0034441034813,10370012.404641693,0.0,10370012.404641693,2090771.666184755,0.0,0.0,False,False,0.0,1.1920928955078125e-07,passed
constrained,2022-08-26,13204165.650036693,-87370.08493049303,-17720.913875490663,-69649.17105500237,10751011.436085816,10838381.52101631,13116795.5651062,0.0,0.0,723.4762834925205,0.0,0,0,0,0,30770.55116020547,0.0,168681.77291657962,0.0,2382.4306640909576,11055149.151436638,0.0,11055149.151436638,2149016.4986000545,0.0,0.0,False,False,0.0,1.1920928955078125e-07,passed
unhedged,2022-08-29,1316414.547419975,10701523.008521896,20115.489130434784,10681407.51939146,10701523.008521896,0.0,12017937.55594187,0.0,0.0,216.37319934065454,0.0,0,0,0,0,101250.0,0.0,16339.266736700665,0.0,1174.7193167256753,0.0,0.0,0.0,1316414.547419975,0.0,0.0,False,False,0.0,1.1920928955078125e-07,passed
duration,2022-08-29,9289537.844278995,3698026.578439624,-12142.68489697999,3710169.263336604,10701523.008521896,7003496.430082272,12987564.422718618,0.0,0.0,1526.8799845017493,0.0,0,0,0,0,44145.09825237111,0.0,121372.66451655142,0.0,2004.1017498441065,7143566.358683918,0.0,7143566.358683918,2145971.4855950773,0.0,0.0,False,False,0.0,1.1920928955078125e-07,passed
unweighted,2022-08-29,12462832.531133192,580130.2127356873,-15682.593625024418,595812.8063607117,10711205.904910117,10131075.692174431,13042962.743868878,0.0,0.0,2048.46030674316,0.0,0,0,0,0,35631.30899120559,0.0,158772.0151100941,0.0,2285.0034441034813,10333697.206017919,0.0,10333697.206017919,2129135.325115273,0.0,0.0,False,False,0.0,1.1920928955078125e-07,passed
constrained,2022-08-29,13206336.316751083,-87690.13701859507,-17834.448985509054,-69855.68803308601,10713384.024160609,10801074.161179204,13118646.179732488,0.0,0.0,2170.66671439074,0.0,0,0,0,0,30770.55116020547,0.0,170852.43963097036,0.0,2382.4306640909576,11017095.644402787,0.0,11017095.644402787,2189240.6723482963,0.0,0.0,False,False,0.0,1.1920928955078125e-07,passed
unhedged,2022-08-30,1316486.6797239434,10700319.903496852,20461.956521739132,10679857.946975114,10700319.903496852,0.0,12016806.583220795,0.0,0.0,72.13230396830477,0.0,0,0,0,0,101250.0,0.0,16411.39904066897,0.0,1174.7193167256753,0.0,0.0,0.0,1316486.6797239434,0.0,0.0,False,False,0.0,1.1920928955078125e-07,passed
duration,2022-08-30,9290046.860051284,3694587.385678938,-12100.539902160683,3706687.925581099,10700319.903496852,7005732.5178179145,12984634.245730221,0.0,0.0,509.0157722886652,0.0,0,0,0,0,44145.09825237111,0.0,121881.68028884009,0.0,2004.1017498441065,7145847.168174273,0.0,7145847.168174273,2144199.6918770103,0.0,0.0,False,False,0.0,1.1920928955078125e-07,passed
unweighted,2022-08-30,12463515.426066404,580089.3808889012,-15697.702533156542,595787.0834220577,10710030.862196727,10129941.481307827,13043604.806955306,0.0,0.0,682.8949332125485,0.0,0,0,0,0,35631.30899120559,0.0,159454.91004330665,0.0,2285.0034441034813,10332540.310933983,0.0,10332540.310933983,2130975.1151324213,0.0,0.0,False,False,0.0,1.1920928955078125e-07,passed
constrained,2022-08-30,13207059.951617755,-87533.98804443695,-17872.29402218185,-69661.6940222551,10712215.293924266,10799749.281968703,13119525.963573318,0.0,0.0,723.6348666716367,0.0,0,0,0,0,30770.55116020547,0.0,171576.074497642,0.0,2382.4306640909576,11015744.267608078,0.0,11015744.267608078,2191315.684009677,0.0,0.0,False,False,0.0,1.1920928955078125e-07,passed
unhedged,2022-08-31,1316558.8159803667,10683316.876638014,20808.42391304348,10662508.45272497,10683316.876638014,0.0,11999875.692618381,0.0,0.0,72.13625642331317,0.0,0,0,0,0,101250.0,0.0,16483.535297092283,0.0,1174.7193167256753,0.0,0.0,0.0,1316558.8159803667,0.0,0.0,False,False,0.0,1.1920928955078125e-07,passed
duration,2022-08-31,9290555.903714849,3700643.811751027,-12058.394907341382,3712702.2066583685,10683316.876638014,6982673.064886987,12991199.715465875,0.0,0.0,509.04366356506944,0.0,0,0,0,0,44145.09825237111,0.0,122390.72395240515,0.0,2004.1017498441065,7122326.526184727,0.0,7122326.526184727,2168229.3775301212,0.0,0.0,False,False,0.0,1.1920928955078125e-07,passed
unweighted,2022-08-31,12464198.358418519,579191.4431802911,-15712.811441288664,594904.2546215798,10692969.686956385,10113778.243776094,13043389.80159881,0.0,0.0,682.9323521144688,0.0,0,0,0,0,35631.30899120559,0.0,160137.84239542112,0.0,2285.0034441034813,10316053.808651617,0.0,10316053.808651617,2148144.549766902,0.0,0.0,False,False,0.0,1.1920928955078125e-07,passed
constrained,2022-08-31,13207783.626135653,-87849.77300244194,-17910.13905885465,-69939.6339435873,10695141.03849551,10782990.811497953,13119933.85313321,0.0,0.0,723.674517897889,0.0,0,0,0,0,30770.55116020547,0.0,172299.74901553988,0.0,2382.4306640909576,10998650.627727913,0.0,10998650.627727913,2209132.99840774,0.0,0.0,False,False,0.0,1.1920928955078125e-07,passed
unhedged,2022-09-01,1316630.9561894615,10621249.70631775,21154.891304347828,10600094.815013403,10621249.70631775,0.0,11937880.662507212,0.0,0.0,72.14020909485407,0.0,0.0,-0.0,0.0,0,101250.0,0.0,16555.675506187137,0.0,1174.7193167256753,0.0,0.0,0.0,1316630.9561894615,0.0,0.0,False,False,0.0,1.1920928955078125e-07,passed
duration,2022-09-01,9304373.482082661,3693624.009574851,-12080.103302804751,3705704.112877656,10621249.70631775,6927625.6967429,12997997.491657512,0.0,0.0,509.0715563688427,0.0,1.3309837795224946,13309.837795224945,13309.837795224945,0,44145.09825237111,0.0,122899.795508774,0.0,2005.432733623629,7066178.210677758,0.0,7066178.210677758,2238195.2714049034,0.0,0.0,False,False,-1.7060022283743592e-09,1.1920928955078125e-07,passed
unweighted,2022-09-01,12526235.849523362,514758.31812726235,-15910.637373984373,530668.9555012467,10634932.724644348,10120174.406517085,13040994.167650623,0.0,0.0,682.9697730634362,0.0,7.034390878356493,61361.555722656754,70343.90878356493,0,35631.30899120559,0.0,160820.81216848455,0.0,2292.037834981838,10322577.894647427,0.0,10322577.894647427,2203657.954875935,0.0,0.0,False,False,1.2609175925604177e-09,1.1920928955078125e-07,passed
constrained,2022-09-01,13182532.72734757,-62051.705080309875,-17930.69058516976,-44121.014495140116,10638368.958445786,10700420.663526095,13120481.02226726,0.0,0.0,723.7141712941229,0.0,6.0828122041796915,-25968.530147172656,60828.12204179691,0,30770.55116020547,0.0,173023.463186834,0.0,2388.5134762951375,10914429.076796617,0.0,10914429.076796617,2268103.650550952,0.0,0.0,False,False,-6.317977252479068e-10,1.1920928955078125e-07,passed
unhedged,2022-09-02,1316703.1003514447,10661950.779258806,21501.358695652172,10640449.420563154,10661950.779258806,0.0,11978653.879610252,0.0,0.0,72.1441619831603,0.0,0,0,0,0,101250.0,0.0,16627.819668170298,0.0,1174.7193167256753,0.0,0.0,0.0,1316703.1003514447,0.0,0.0,False,False,0.0,1.1920928955078125e-07,passed
duration,2022-09-02,9304883.310766611,3700636.9897685894,-12038.544118905473,3712675.533887495,10661950.779258806,6961313.789490216,13005520.3005352,0.0,0.0,509.82868395000696,0.0,0,0,0,0,44145.09825237111,0.0,123409.624192724,0.0,2005.432733623629,7100540.065280021,0.0,7100540.065280021,2204343.24548659,0.0,0.0,False,False,0.0,1.1920928955078125e-07,passed
unweighted,2022-09-02,12526922.218611008,516814.8323013941,-15927.561926967603,532742.3942283617,10675706.78894935,10158891.956647957,13043737.050912403,0.0,0.0,686.369087645784,0.0,0,0,0,0,35631.30899120559,0.0,161507.18125613034,0.0,2292.037834981838,10362069.795780916,0.0,10362069.795780916,2164852.422830092,0.0,0.0,False,False,0.0,1.1920928955078125e-07,passed
constrained,2022-09-02,13183255.057907972,-62194.61212946638,-17968.28461721788,-44226.32751224851,10679161.531130973,10741356.14326044,13121060.445778506,0.0,0.0,722.3305604029447,0.0,0,0,0,0,30770.55116020547,0.0,173745.79374723695,0.0,2388.5134762951375,10956183.26612565,0.0,10956183.26612565,2227071.7917823233,0.0,0.0,False,False,0.0,1.1920928955078125e-07,passed
unhedged,2022-09-06,1316991.7165325906,10593919.353831386,22887.228260869564,10571032.125570517,10593919.353831386,0.0,11910911.070363976,0.0,0.0,288.6161811458878,0.0,0,0,0,0,101250.0,0.0,16916.435849316185,0.0,1174.7193167256753,0.0,0.0,0.0,1316991.7165325906,0.0,0.0,False,False,0.0,1.1920928955078125e-07,passed
duration,2022-09-06,9306922.904875904,3703668.1937088175,-11872.307383308358,3715540.5010921257,10593919.353831386,6890251.160122569,13010591.098584723,0.0,0.0,2039.5941092930734,0.0,0,0,0,0,44145.09825237111,0.0,125449.21830201708,0.0,2005.432733623629,7028056.183325021,0.0,7028056.183325021,2278866.7215508837,0.0,0.0,False,False,0.0,1.1920928955078125e-07,passed
unweighted,2022-09-06,12529668.071074853,513604.23514567286,-15995.260138900509,529599.4952845734,10607414.218671517,10093809.983525844,13043272.306220526,0.0,0.0,2745.8524638451636,0.0,0,0,0,0,35631.30899120559,0.0,164253.0337199755,0.0,2292.037834981838,10295686.183196362,0.0,10295686.183196362,2233981.8878784906,0.0,0.0,False,False,0.0,1.1920928955078125e-07,passed
constrained,2022-09-06,13186144.775968844,-62279.62286770649,-18118.660745410332,-44160.96212229616,10610804.074431019,10673083.697298726,13123865.153101137,0.0,0.0,2889.718060871586,0.0,0,0,0,0,30770.55116020547,0.0,176635.51180810854,0.0,2388.5134762951375,10886545.3712447,0.0,10886545.3712447,2299599.4047241434,0.0,0.0,False,False,0.0,1.1920928955078125e-07,passed
unhedged,2022-09-07,1317063.880462264,10630922.212730933,23233.695652173912,10607688.51707876,10630922.212730933,0.0,11947986.093193198,0.0,0.0,72.16392967337742,0.0,0,0,0,0,101250.0,0.0,16988.599778989563,0.0,1174.7193167256753,0.0,0.0,0.0,1317063.880462264,0.0,0.0,False,False,0.0,1.1920928955078125e-07,passed
duration,2022-09-07,9307432.873254254,3702756.6361221643,-11830.748199409085,3714587.384321573,10630922.212730933,6928165.576608768,13010189.509376418,0.0,0.0,509.96837835013866,0.0,0,0,0,0,44145.09825237111,0.0,125959.18668036722,0.0,2005.432733623629,7066728.888140943,0.0,7066728.888140943,2240703.9851133116,0.0,0.0,False,False,0.0,1.1920928955078125e-07,passed
unweighted,2022-09-07,12530354.628229432,515412.8608107253,-16012.184691883735,531425.045502609,10644556.232924106,10129143.37211338,13045767.489040157,0.0,0.0,686.5571545790881,0.0,0,0,0,0,35631.30899120559,0.0,164939.5908745546,0.0,2292.037834981838,10331726.239555648,0.0,10331726.239555648,2198628.388673784,0.0,0.0,False,False,0.0,1.1920928955078125e-07,passed
constrained,2022-09-07,13186867.304449718,-62203.894192931526,-18156.254777458445,-44047.63941547308,10647980.60193434,10710184.496127272,13124663.410256786,0.0,0.0,722.5284808743745,0.0,0,0,0,0,30770.55116020547,0.0,177358.0402889829,0.0,2388.5134762951375,10924388.186049817,0.0,10924388.186049817,2262479.1183999013,0.0,0.0,False,False,0.0,1.1920928955078125e-07,passed
unhedged,2022-09-08,1317136.048346125,10618688.87166353,23580.16304347826,10595108.70862005,10618688.87166353,0.0,11935824.920009654,0.0,0.0,72.16788386111148,0.0,0,0,0,0,101250.0,0.0,17060.767662850674,0.0,1174.7193167256753,0.0,0.0,0.0,1317136.048346125,0.0,0.0,False,False,0.0,1.1920928955078125e-07,passed
duration,2022-09-08,9307942.869576078,3699256.5610956075,-11789.189015509804,3711045.7501111175,10618688.87166353,6919432.310567923,13007199.430671684,0.0,0.0,509.99632182344794,0.0,0,0,0,0,44145.09825237111,0.0,126469.18300219066,0.0,2005.432733623629,7057820.956779282,0.0,7057820.956779282,2250121.9127967963,0.0,0.0,False,False,0.0,1.1920928955078125e-07,passed
unweighted,2022-09-08,12531041.223003583,514862.25341935776,-16029.109244866962,530891.3626642247,10632270.79752245,10117408.544103093,13045903.476422941,0.0,0.0,686.5947741512209,0.0,0,0,0,0,35631.30899120559,0.0,165626.1856487058,0.0,2292.037834981838,10319756.714985155,0.0,10319756.714985155,2211284.5080184285,0.0,0.0,False,False,0.0,1.1920928955078125e-07,passed
constrained,2022-09-08,13187589.872521197,-62026.18868221283,-18193.848809506562,-43832.33987270627,10635682.365125934,10697708.553808145,13125563.683838984,0.0,0.0,722.5680714789778,0.0,0,0,0,0,30770.55116020547,0.0,178080.6083604619,0.0,2388.5134762951375,10911662.724884309,0.0,10911662.724884309,2275927.1476368885,0.0,0.0,False,False,0.0,1.1920928955078125e-07,passed
unhedged,2022-09-09,1317208.2201843907,10595064.992626227,23926.630434782608,10571138.362191444,10595064.992626227,0.0,11912273.212810619,0.0,0.0,72.17183826561086,0.0,0,0,0,0,101250.0,0.0,17132.939501116285,0.0,1174.7193167256753,0.0,0.0,0.0,1317208.2201843907,0.0,0.0,False,False,0.0,1.1920928955078125e-07,passed
duration,2022-09-09,9308452.893842904,3694735.9418302486,-11747.629831610524,3706483.5716618593,10595064.992626227,6900329.050795978,13003188.835673153,0.0,0.0,510.0242668259889,0.0,0,0,0,0,44145.09825237111,0.0,126979.20726901665,0.0,2005.432733623629,7038335.631811897,0.0,7038335.631811897,2270117.2620310066,0.0,0.0,False,False,0.0,1.1920928955078125e-07,passed
unweighted,2022-09-09,12531727.855399365,513742.2117596616,-16046.03379785019,529788.2455575118,10608601.964474812,10094859.752715152,13045470.067159027,0.0,0.0,686.6323957815766,0.0,0,0,0,0,35631.30899120559,0.0,166312.8180444874,0.0,2292.037834981838,10296756.947769456,0.0,10296756.947769456,2234970.907629909,0.0,0.0,False,False,0.0,1.1920928955078125e-07,passed
constrained,2022-09-09,13188312.480185445,-61888.16040829092,-18231.44284155468,-43656.71756673624,10612002.176634723,10673890.337043015,13126424.319777155,0.0,0.0,722.6076642479748,0.0,0,0,0,0,30770.55116020547,0.0,178803.21602470987,0.0,2388.5134762951375,10887368.143783877,0.0,10887368.143783877,2300944.3364015687,0.0,0.0,False,False,0.0,1.1920928955078125e-07,passed
unhedged,2022-09-12,1317424.7594277817,10580247.204701079,24966.032608695652,10555281.172092384,10580247.204701079,0.0,11897671.964128861,0.0,0.0,216.5392433910165,0.0,0,0,0,0,101250.0,0.0,17349.4787445073,0.0,1174.7193167256753,0.0,0.0,0.0,1317424.7594277817,0.0,0.0,False,False,0.0,1.1920928955078125e-07,passed
duration,2022-09-12,9309983.13432872,3699970.5885352017,-11622.95227991269,3711593.5408151145,10580247.204701079,6880276.616165878,13009953.72286392,0.0,0.0,1530.2404858153313,0.0,0,0,0,0,44145.09825237111,0.0,128509.44775483198,0.0,2005.432733623629,7017882.148489196,0.0,7017882.148489196,2292100.9858395234,0.0,0.0,False,False,0.0,1.1920928955078125e-07,passed
unweighted,2022-09-12,12533787.978337113,513195.0613435833,-16096.807456799866,529291.8688003832,10593676.59379611,10080481.532452527,13046983.039680697,0.0,0.0,2060.1229377482086,0.0,0,0,0,0,35631.30899120559,0.0,168372.9409822356,0.0,2292.037834981838,10282091.163101578,0.0,10282091.163101578,2251696.8152355347,0.0,0.0,False,False,0.0,1.1920928955078125e-07,passed
constrained,2022-09-12,13190480.54075651,-61929.065582479685,-18344.224937699015,-43584.84064478067,10597050.232406395,10658979.297988873,13128551.47517403,0.0,0.0,2168.0605710651726,0.0,0,0,0,0,30770.55116020547,0.0,180971.27659577504,0.0,2388.5134762951375,10872158.88394865,0.0,10872158.88394865,2318321.6568078604,0.0,0.0,False,False,0.0,1.1920928955078125e-07,passed
unhedged,2022-09-13,1317496.9470858327,10537429.717488261,25312.5,10512117.217488261,10537429.717488261,0.0,11854926.664574094,0.0,0.0,72.18765805102885,0.0,0,0,0,0,101250.0,0.0,17421.66640255833,0.0,1174.7193167256753,0.0,0.0,0.0,1317496.9470858327,0.0,0.0,False,False,0.0,1.1920928955078125e-07,passed
duration,2022-09-13,9310493.270390876,3685202.319421045,-11581.39309601341,3696783.7125170585,10537429.717488261,6852227.398067215,12995695.589811921,0.0,0.0,510.136062156409,0.0,0,0,0,0,44145.09825237111,0.0,129019.5838169884,0.0,2005.432733623629,6989271.9460285595,0.0,6989271.9460285595,2321221.324362316,0.0,0.0,False,False,0.0,1.1920928955078125e-07,passed
unweighted,2022-09-13,12534474.761240035,510779.2555674288,-16113.732009783096,526892.9875772118,10550885.705459127,10040106.4498917,13045254.016807465,0.0,0.0,686.7829029224813,0.0,0,0,0,0,35631.30899120559,0.0,169059.72388515808,0.0,2292.037834981838,10240908.578889534,0.0,10240908.578889534,2293566.1823505014,0.0,0.0,False,False,0.0,1.1920928955078125e-07,passed
constrained,2022-09-13,13191203.30681354,-61863.887967381444,-18381.81896974713,-43482.06899763431,10554265.39466504,10616129.282632422,13129339.418846158,0.0,0.0,722.7660570293665,0.0,0,0,0,0,30770.55116020547,0.0,181694.0426528044,0.0,2388.5134762951375,10828451.868285071,0.0,10828451.868285071,2362751.438528469,0.0,0.0,False,False,0.0,1.1920928955078125e-07,passed
unhedged,2022-09-14,1317569.1386993718,10537849.286446774,25658.967391304348,10512190.31905547,10537849.286446774,0.0,11855418.425146146,0.0,0.0,72.19161353912205,0.0,0,0,0,0,101250.0,0.0,17493.858016097452,0.0,1174.7193167256753,0.0,0.0,0.0,1317569.1386993718,0.0,0.0,False,False,0.0,1.1920928955078125e-07,passed
duration,2022-09-14,9311003.434405692,3679919.097728394,-11539.833912114136,3691458.931640508,10537849.286446774,6857930.18871838,12990922.532134086,0.0,0.0,510.1640148162842,0.0,0,0,0,0,44145.09825237111,0.0,129529.74783180468,0.0,2005.432733623629,6995088.792492748,0.0,6995088.792492748,2315914.6419129437,0.0,0.0,False,False,0.0,1.1920928955078125e-07,passed
unweighted,2022-09-14,12535161.5817749,510724.81398104836,-16130.656562766322,526855.4705438147,10551355.277101409,10040630.46312036,13045886.395755948,0.0,0.0,686.8205348644406,0.0,0,0,0,0,35631.30899120559,0.0,169746.54442002252,0.0,2292.037834981838,10241443.072382767,0.0,10241443.072382767,2293718.509392133,0.0,0.0,False,False,0.0,1.1920928955078125e-07,passed
constrained,2022-09-14,13191926.11247419,-61762.35554937349,-18419.41300179525,-43342.94254757824,10554747.247135855,10616509.60268523,13130163.756924817,0.0,0.0,722.8056606501341,0.0,0,0,0,0,30770.55116020547,0.0,182416.84831345454,0.0,2388.5134762951375,10828839.794738935,0.0,10828839.794738935,2363086.3177352548,0.0,0.0,False,False,0.0,1.1920928955078125e-07,passed
unhedged,2022-09-15,1317641.3342686158,10505376.636112895,26005.434782608696,10479371.201330286,10505376.636112895,0.0,11823017.970381511,0.0,0.0,72.19556924398057,0.0,0,0,0,0,101250.0,0.0,17566.053585341433,0.0,1174.7193167256753,0.0,0.0,0.0,1317641.3342686158,0.0,0.0,False,False,0.0,1.1920928955078125e-07,passed
duration,2022-09-15,9311513.626374703,3678438.8240653737,-11498.274728214856,3689937.0987935886,10505376.636112895,6826937.812047521,12989952.450440077,0.0,0.0,510.19196901097894,0.0,0,0,0,0,44145.09825237111,0.0,130039.93980081566,0.0,2005.432733623629,6963476.568288472,0.0,6963476.568288472,2348037.0580862314,0.0,0.0,False,False,0.0,1.1920928955078125e-07,passed
unweighted,2022-09-15,12535848.439943766,509165.86592825927,-16147.58111574955,525313.4470440089,10518834.975870403,10009669.109942144,13045014.305872025,0.0,0.0,686.8581688664854,0.0,0,0,0,0,35631.30899120559,0.0,170433.402588889,0.0,2292.037834981838,10209862.492140986,0.0,10209862.492140986,2325985.94780278,0.0,0.0,False,False,0.0,1.1920928955078125e-07,passed
constrained,2022-09-15,13192648.95774063,-61753.799207405384,-18457.00703384336,-43296.79217356202,10522214.5389733,10583968.338180706,13130895.158533223,0.0,0.0,722.8452664390206,0.0,0,0,0,0,30770.55116020547,0.0,183139.69357989356,0.0,2388.5134762951375,10795647.70494432,0.0,10795647.70494432,2397001.252796309,0.0,0.0,False,False,0.0,1.1920928955078125e-07,passed
unhedged,2022-09-16,1317713.5337937812,10516449.183488768,26351.902173913044,10490097.281314855,10516449.183488768,0.0,11834162.717282549,0.0,0.0,72.1995251653716,0.0,0,0,0,0,101250.0,0.0,17638.253110506805,0.0,1174.7193167256753,0.0,0.0,0.0,1317713.5337937812,0.0,0.0,False,False,0.0,1.1920928955078125e-07,passed
duration,2022-09-16,9312023.846299436,3683549.8341112016,-11456.715544315577,3695006.549655517,10516449.183488768,6832899.349377565,12995573.680410638,0.0,0.0,510.2199247330427,0.0,0,0,0,0,44145.09825237111,0.0,130550.1597255487,0.0,2005.432733623629,6969557.336365117,0.0,6969557.336365117,2342466.509934319,0.0,0.0,False,False,0.0,1.1920928955078125e-07,passed
unweighted,2022-09-16,12536535.335748695,510343.0619550581,-16164.505668732774,526507.5676237908,10529831.018473804,10019487.956518747,13046878.397703754,0.0,0.0,686.8958049286157,0.0,0,0,0,0,35631.30899120559,0.0,171120.29839381762,0.0,2292.037834981838,10219877.715649122,0.0,10219877.715649122,2316657.6200995725,0.0,0.0,False,False,0.0,1.1920928955078125e-07,passed
constrained,2022-09-16,13193371.842615025,-61277.51114410928,-18494.60106589148,-42782.9100782178,10533191.733964548,10594469.245108657,13132094.331470916,0.0,0.0,722.8848743960261,0.0,0,0,0,0,30770.55116020547,0.0,183862.57845428959,0.0,2388.5134762951375,10806358.63001083,0.0,10806358.63001083,2387013.212604195,0.0,0.0,False,False,0.0,1.1920928955078125e-07,passed
unhedged,2022-09-19,1317930.156106975,10491320.535556104,27391.304347826088,10463929.231208278,10491320.535556104,0.0,11809250.691663079,0.0,0.0,216.62231319374405,0.0,0,0,0,0,101250.0,0.0,17854.87542370055,0.0,1174.7193167256753,0.0,0.0,0.0,1317930.156106975,0.0,0.0,False,False,0.0,1.1920928955078125e-07,passed
duration,2022-09-19,9313554.6738233,3677800.7069581803,-11332.037992617743,3689132.744950798,10491320.535556104,6813519.828597924,12991355.380781481,0.0,0.0,1530.8275238648057,0.0,0,0,0,0,44145.09825237111,0.0,132080.9872494135,0.0,2005.432733623629,6949790.225169882,0.0,6949790.225169882,2363764.4486534186,0.0,0.0,False,False,0.0,1.1920928955078125e-07,passed
unweighted,2022-09-19,12538596.249000492,508844.1500599954,-16215.279327682456,525059.4293876779,10504710.494818067,9995866.344758071,13047440.399060488,0.0,0.0,2060.9132517967373,0.0,0,0,0,0,35631.30899120559,0.0,173181.21164561436,0.0,2292.037834981838,10195783.671653233,0.0,10195783.671653233,2342812.577347258,0.0,0.0,False,False,0.0,1.1920928955078125e-07,passed
constrained,2022-09-19,13195540.734907681,-61381.00375344166,-18607.383162035818,-42773.620591405845,10508072.910331156,10569453.914084598,13134159.731154239,0.0,0.0,2168.8922926560044,0.0,0,0,0,0,30770.55116020547,0.0,186031.4707469456,0.0,2388.5134762951375,10780842.99236629,0.0,10780842.99236629,2414697.7425413914,0.0,0.0,False,False,0.0,1.1920928955078125e-07,passed
unhedged,2022-09-20,1318002.3714579947,10443632.038279282,27737.771739130432,10415894.266540151,10443632.038279282,0.0,11761634.409737276,0.0,0.0,72.21535101975314,0.0,0,0,0,0,101250.0,0.0,17927.090774720302,0.0,1174.7193167256753,0.0,0.0,0.0,1318002.3714579947,0.0,0.0,False,False,0.0,1.1920928955078125e-07,passed
duration,2022-09-20,9314065.005586252,3685772.7556264787,-11290.478808718462,3697063.234435197,10443632.038279282,6757859.282652804,12999837.76121273,0.0,0.0,510.3317629508674,0.0,0,0,0,0,44145.09825237111,0.0,132591.31901236437,0.0,2005.432733623629,6893016.46830586,0.0,6893016.46830586,2421048.537280392,0.0,0.0,False,False,0.0,1.1920928955078125e-07,passed
unweighted,2022-09-20,12539283.295370301,505630.914809502,-16232.203880665686,521863.1186901677,10456923.474720642,9951292.55991114,13044914.210179804,0.0,0.0,687.0463698096573,0.0,0,0,0,0,35631.30899120559,0.0,173868.258015424,0.0,2292.037834981838,10150318.411109362,0.0,10150318.411109362,2388964.8842609394,0.0,0.0,False,False,0.0,1.1920928955078125e-07,passed
constrained,2022-09-20,13196263.778235624,-62759.75436961204,-18644.977194083935,-44114.77717552811,10460262.52717016,10523022.281539774,13133504.02386601,0.0,0.0,723.0433279424906,0.0,0,0,0,0,30770.55116020547,0.0,186754.51407488808,0.0,2388.5134762951375,10733482.72717057,0.0,10733482.72717057,2462781.051065054,0.0,0.0,False,False,0.0,1.1920928955078125e-07,passed
unhedged,2022-09-21,1318074.59076602,10466156.173577439,28084.23913043478,10438071.934447004,10466156.173577439,0.0,11784230.76434346,0.0,0.0,72.21930802520365,0.0,0,0,0,0,101250.0,0.0,17999.310082745505,0.0,1174.7193167256753,0.0,0.0,0.0,1318074.59076602,0.0,0.0,False,False,0.0,1.1920928955078125e-07,passed
duration,2022-09-21,9314575.365312584,3675289.8643709105,-11248.91962481919,3686538.78399573,10466156.173577439,6790866.309206528,12989865.229683494,0.0,0.0,510.35972633212805,0.0,0,0,0,0,44145.09825237111,0.0,133101.6787386965,0.0,2005.432733623629,6926683.635390658,0.0,6926683.635390658,2387891.729921926,0.0,0.0,False,False,0.0,1.1920928955078125e-07,passed
unweighted,2022-09-21,12539970.379386485,507331.2465853842,-16249.128433648912,523580.3750190331,10479594.743767304,9972263.49718192,13047301.625971869,0.0,0.0,687.0840161833912,0.0,0,0,0,0,35631.30899120559,0.0,174555.3420316074,0.0,2292.037834981838,10171708.767125558,0.0,10171708.767125558,2368261.6122609265,0.0,0.0,False,False,0.0,1.1920928955078125e-07,passed
constrained,2022-09-21,13196986.861182375,-61673.909011550495,-18682.57122613205,-42991.337785418444,10482968.969053216,10544642.878064767,13135312.952170825,0.0,0.0,723.0829467512667,0.0,0,0,0,0,30770.55116020547,0.0,187477.59702163935,0.0,2388.5134762951375,10755535.735626062,0.0,10755535.735626062,2441451.1255563125,0.0,0.0,False,False,0.0,1.1920928955078125e-07,passed
unhedged,2022-09-22,1318146.8140312675,10364609.779724808,28430.70652173913,10336179.07320307,10364609.779724808,0.0,11682756.593756076,0.0,0.0,72.22326524765231,0.0,0,0,0,0,101250.0,0.0,18071.533347993158,0.0,1174.7193167256753,0.0,0.0,0.0,1318146.8140312675,0.0,0.0,False,False,0.0,1.1920928955078125e-07,passed
duration,2022-09-22,9315085.753003836,3682327.043121093,-11207.360440919903,3693534.403562013,10364609.779724808,6682282.736603715,12997412.796124928,0.0,0.0,510.3876912519336,0.0,0,0,0,0,44145.09825237111,0.0,133612.06642994843,0.0,2005.432733623629,6815928.39133579,0.0,6815928.39133579,2499157.3616680456,0.0,0.0,False,False,0.0,1.1920928955078125e-07,passed
unweighted,2022-09-22,12540657.50105111,502334.0134488804,-16266.052986632136,518600.06643551256,10377722.74592344,9875388.73247456,13042991.51449999,0.0,0.0,687.1216646246612,0.0,0,0,0,0,35631.30899120559,0.0,175242.46369623207,0.0,2292.037834981838,10072896.507124051,0.0,10072896.507124051,2467760.993927058,0.0,0.0,False,False,0.0,1.1920928955078125e-07,passed
constrained,2022-09-22,13197709.983750112,-62116.95014739666,-18720.16525818016,-43396.7848892165,10381015.630857386,10443132.581004782,13135593.033602716,0.0,0.0,723.122567737475,0.0,0,0,0,0,30770.55116020547,0.0,188200.71958937682,0.0,2388.5134762951375,10651995.232624877,0.0,10651995.232624877,2545714.751125235,0.0,0.0,False,False,0.0,1.1920928955078125e-07,passed
unhedged,2022-09-23,1318219.0412539544,10368828.048815923,28777.173913043476,10340050.87490288,10368828.048815923,0.0,11687047.090069877,0.0,0.0,72.2272226868663,0.0,0,0,0,0,101250.0,0.0,18143.760570680024,0.0,1174.7193167256753,0.0,0.0,0.0,1318219.0412539544,0.0,0.0,False,False,0.0,1.1920928955078125e-07,passed
duration,2022-09-23,9315596.168661535,3662790.23943221,-11165.80125702063,3673956.040689231,10368828.048815923,6706037.809383713,12978386.408093745,0.0,0.0,510.4156576991081,0.0,0,0,0,0,44145.09825237111,0.0,134122.48208764754,0.0,2005.432733623629,6840158.565571387,0.0,6840158.565571387,2475437.6030901475,0.0,0.0,False,False,0.0,1.1920928955078125e-07,passed
unweighted,2022-09-23,12541344.660366235,502148.68391733896,-16282.977539615362,518431.6614569543,10382009.65709013,9879860.97317279,13043493.344283573,0.0,0.0,687.1593151260167,0.0,0,0,0,0,35631.30899120559,0.0,175929.62301135808,0.0,2292.037834981838,10077458.192636246,0.0,10077458.192636246,2463886.4677299894,0.0,0.0,False,False,0.0,1.1920928955078125e-07,passed
constrained,2022-09-23,13198433.145941002,-61677.619610848946,-18757.759290228278,-42919.86032062067,10385319.73331516,10446997.35292601,13136755.526330153,0.0,0.0,723.1621908899397,0.0,0,0,0,0,30770.55116020547,0.0,188923.88178026676,0.0,2388.5134762951375,10655937.299984531,0.0,10655937.299984531,2542495.845956471,0.0,0.0,False,False,0.0,1.1920928955078125e-07,passed
unhedged,2022-09-26,1318435.746668818,10264188.276169077,29816.57608695652,10234371.70008212,10264188.276169077,0.0,11582624.022837894,0.0,0.0,216.70541486353613,0.0,0,0,0,0,101250.0,0.0,18360.46598554356,0.0,1174.7193167256753,0.0,0.0,0.0,1318435.746668818,0.0,0.0,False,False,0.0,1.1920928955078125e-07,passed
duration,2022-09-26,9317127.58344865,3669071.7594795013,-11041.123705322789,3680112.883184824,10264188.276169077,6595116.516689574,12986199.342928153,0.0,0.0,1531.4147871155292,0.0,0,0,0,0,44145.09825237111,0.0,135653.89687476307,0.0,2005.432733623629,6727018.847023366,0.0,6727018.847023366,2590108.7364252843,0.0,0.0,False,False,0.0,1.1920928955078125e-07,passed
unweighted,2022-09-26,12543406.364235261,496768.6412116874,-16333.751198565042,513102.3924102525,10277117.176197024,9780348.534985336,13040175.005446948,0.0,0.0,2061.7038690261543,0.0,0,0,0,0,35631.30899120559,0.0,177991.32688038424,0.0,2292.037834981838,9975955.505685043,0.0,9975955.505685043,2567450.858550219,0.0,0.0,False,False,0.0,1.1920928955078125e-07,passed
constrained,2022-09-26,13200602.870274317,-62369.83205558749,-18870.541386372617,-43499.29066921487,10280363.636551399,10342733.468606986,13138233.03821873,0.0,0.0,2169.724333314225,0.0,0,0,0,0,30770.55116020547,0.0,191093.606113581,0.0,2388.5134762951375,10549588.137979126,0.0,10549588.137979126,2651014.732295191,0.0,0.0,False,False,0.0,1.1920928955078125e-07,passed
unhedged,2022-09-27,1318507.98972343,10220443.756218534,30163.04347826087,10190280.712740272,10220443.756218534,0.0,11538951.745941963,0.0,0.0,72.24305461207405,0.0,0,0,0,0,101250.0,0.0,18432.709040155634,0.0,1174.7193167256753,0.0,0.0,0.0,1318507.98972343,0.0,0.0,False,False,0.0,1.1920928955078125e-07,passed
duration,2022-09-27,9317638.110987471,3679247.0646558274,-10999.564521423514,3690246.629177251,10220443.756218534,6541196.691562707,12996885.175643299,0.0,0.0,510.5275388211012,0.0,0,0,0,0,44145.09825237111,0.0,136164.42441358417,0.0,2005.432733623629,6672020.625393961,0.0,6672020.625393961,2645617.485593511,0.0,0.0,False,False,0.0,1.1920928955078125e-07,passed
unweighted,2022-09-27,12544093.674173031,494969.85341863305,-16350.675751548266,511320.5291701813,10233099.738436963,9738129.88501833,13039063.527591664,0.0,0.0,687.3099377695471,0.0,0,0,0,0,35631.30899120559,0.0,178678.63681815378,0.0,2292.037834981838,9932892.482718697,0.0,9932892.482718697,2611201.191454334,0.0,0.0,False,False,0.0,1.1920928955078125e-07,passed
constrained,2022-09-27,13201326.190979538,-62473.67324024959,-18908.13541842073,-43565.53782182886,10236278.747467844,10298752.420708094,13138852.517739289,0.0,0.0,723.3207052219659,0.0,0,0,0,0,30770.55116020547,0.0,191816.92681880295,0.0,2388.5134762951375,10504727.469122255,0.0,10504727.469122255,2696598.7218572833,0.0,0.0,False,False,0.0,1.1920928955078125e-07,passed
unhedged,2022-09-28,1318580.236736566,10365231.001761338,30509.51086956522,10334721.490891773,10365231.001761338,0.0,11683811.238497904,0.0,0.0,72.24701313604601,0.0,0,0,0,0,101250.0,0.0,18504.95605329168,0.0,1174.7193167256753,0.0,0.0,0.0,1318580.236736566,0.0,0.0,False,False,0.0,1.1920928955078125e-07,passed
duration,2022-09-28,9318148.666500403,3685278.514382287,-10958.005337524231,3696236.519719811,10365231.001761338,6679952.487379052,13003427.180882689,0.0,0.0,510.5555129311979,0.0,0,0,0,0,44145.09825237111,0.0,136674.97992651537,0.0,2005.432733623629,6813551.537126633,0.0,6813551.537126633,2504597.1293737693,0.0,0.0,False,False,0.0,1.1920928955078125e-07,passed
unweighted,2022-09-28,12544781.021771615,502577.36297107727,-16367.600304531494,518944.9632756088,10378226.636779228,9875649.273808151,13047358.384742692,0.0,0.0,687.3475985843688,0.0,0,0,0,0,35631.30899120559,0.0,179365.98441673815,0.0,2292.037834981838,10073162.259284314,0.0,10073162.259284314,2471618.7624873016,0.0,0.0,False,False,0.0,1.1920928955078125e-07,passed
constrained,2022-09-28,13202049.551318772,-61949.96882849767,-18945.729450468847,-43004.239378028826,10381490.627988698,10443440.596817195,13140099.582490275,0.0,0.0,723.3603392336518,0.0,0,0,0,0,30770.55116020547,0.0,192540.2871580366,0.0,2388.5134762951375,10652309.40875354,0.0,10652309.40875354,2549740.142565232,0.0,0.0,False,False,0.0,1.1920928955078125e-07,passed
unhedged,2022-09-29,1318652.487708442,10337482.99656713,30855.978260869564,10306627.01830626,10337482.99656713,0.0,11656135.484275572,0.0,0.0,72.25097187585197,0.0,0,0,0,0,101250.0,0.0,18577.207025167532,0.0,1174.7193167256753,0.0,0.0,0.0,1318652.487708442,0.0,0.0,False,False,0.0,1.1920928955078125e-07,passed
duration,2022-09-29,9318659.249988977,3682814.582128563,-10916.446153624953,3693731.028282188,10337482.99656713,6654668.414438566,13001473.832117539,0.0,0.0,510.58348857425153,0.0,0,0,0,0,44145.09825237111,0.0,137185.56341508962,0.0,2005.432733623629,6787761.782727337,0.0,6787761.782727337,2530897.4672616394,0.0,0.0,False,False,0.0,1.1920928955078125e-07,passed
unweighted,2022-09-29,12545468.407033082,501249.64814579574,-16384.524857514723,517634.17300331045,10350435.976393556,9849186.32824776,13046718.055178877,0.0,0.0,687.3852614667267,0.0,0,0,0,0,35631.30899120559,0.0,180053.36967820488,0.0,2292.037834981838,10046170.054812714,0.0,10046170.054812714,2499298.3522203676,0.0,0.0,False,False,0.0,1.1920928955078125e-07,passed
constrained,2022-09-29,13202772.951294186,-61871.481991476234,-18983.323482516957,-42888.15850895928,10353689.027873527,10415560.509865003,13140901.46930271,0.0,0.0,723.3999754134566,0.0,0,0,0,0,30770.55116020547,0.0,193263.68713345006,0.0,2388.5134762951375,10623871.720062302,0.0,10623871.720062302,2578901.231231883,0.0,0.0,False,False,0.0,1.1920928955078125e-07,passed
unhedged,2022-09-30,1318724.7426392753,10297677.230153294,31202.445652173912,10266474.78450112,10297677.230153294,0.0,11616401.97279257,0.0,0.0,72.25493083335459,0.0,0,0,0,0,101250.0,0.0,18649.461956000887,0.0,1174.7193167256753,0.0,0.0,0.0,1318724.7426392753,0.0,0.0,False,False,0.0,1.1920928955078125e-07,passed
duration,2022-09-30,9319169.86145473,3683401.919490501,-10874.88696972568,3694276.8064602264,10297677.230153294,6614275.310662794,13002571.780945232,0.0,0.0,510.61146575398743,0.0,0,0,0,0,44145.09825237111,0.0,137696.1748808436,0.0,2005.432733623629,6746560.81687605,0.0,6746560.81687605,2572609.044578681,0.0,0.0,False,False,0.0,1.1920928955078125e-07,passed
unweighted,2022-09-30,12546155.829959495,499239.317605011,-16401.44941049795,515640.76701550896,10310489.938441835,9811250.620836824,13045395.147564506,0.0,0.0,687.4229264128953,0.0,0,0,0,0,35631.30899120559,0.0,180740.79260461777,0.0,2292.037834981838,10007475.633253561,0.0,10007475.633253561,2538680.1967059337,0.0,0.0,False,False,0.0,1.1920928955078125e-07,passed
constrained,2022-09-30,13203496.390907956,-62016.75932534355,-19020.917514565077,-42995.84181077847,10313708.245004129,10375725.00432947,13141479.631582612,0.0,0.0,723.4396137706935,0.0,0,0,0,0,30770.55116020547,0.0,193987.12674722075,0.0,2388.5134762951375,10583239.50441606,0.0,10583239.50441606,2620256.8864918966,0.0,0.0,False,False,0.0,1.1920928955078125e-07,passed
unhedged,2022-10-03,1318941.5311876892,10390712.37424134,32241.84782608696,10358470.526415253,10390712.37424134,0.0,11709653.90542903,0.0,0.0,216.78854841389693,0.0,0.0,-0.0,0.0,0,101250.0,0.0,18866.250504414784,0.0,1174.7193167256753,0.0,0.0,0.0,1318941.5311876892,0.0,0.0,False,False,0.0,1.1920928955078125e-07,passed
duration,2022-10-03,9354612.18224444,3646521.1641503004,-10967.49106646837,3657488.655216769,10390712.37424134,6744191.21009104,13001133.34639474,0.0,0.0,1532.002275655046,0.0,3.391370988504464,33913.709885044635,33913.709885044635,0,44145.09825237111,0.0,139228.17715649866,0.0,2008.8241046121334,6879075.034292861,0.0,6879075.034292861,2475537.1479515797,0.0,0.0,False,False,-1.488983603081806e-09,1.1920928955078125e-07,passed
unweighted,2022-10-03,12606065.800992187,446077.0139794514,-16725.400050136413,462802.4140295878,10409289.364752943,9963212.350773493,13052142.814971639,0.0,0.0,2062.494789555669,0.0,6.901463822752126,57854.37770696052,69014.63822752125,0,35631.30899120559,0.0,182803.28739417344,0.0,2298.93929880459,10162476.597788963,0.0,10162476.597788963,2443589.2032032236,0.0,0.0,False,False,-1.3175256441400052e-09,1.1920928955078125e-07,passed
constrained,2022-10-03,13165876.651330967,-21775.61513008229,-19088.596238529928,-2687.0188915523613,10416005.714185784,10437781.329315865,13144101.036200885,0.0,0.0,2170.5566931609064,0.0,9.469605534837303,-39780.82666461597,94696.05534837302,0,30770.55116020547,0.0,196157.68344038166,0.0,2397.9830818299747,10646536.955902183,0.0,10646536.955902183,2519339.695428783,0.0,0.0,False,False,1.142161920597573e-10,1.1920928955078125e-07,passed
unhedged,2022-10-04,1319013.8019565213,10422890.954488251,32588.315217391304,10390302.63927086,10422890.954488251,0.0,11741904.756444773,0.0,0.0,72.27076883218251,0.0,0,0,0,0,101250.0,0.0,18938.521273246966,0.0,1174.7193167256753,0.0,0.0,0.0,1319013.8019565213,0.0,0.0,False,False,0.0,1.1920928955078125e-07,passed
duration,2022-10-04,9355124.763733879,3645511.2630552184,-10927.472887167967,3656438.7359423866,10422890.954488251,6777379.691433032,13000636.026789097,0.0,0.0,512.581489438191,0.0,0,0,0,0,44145.09825237111,0.0,139740.75864593685,0.0,2008.8241046121334,6912927.2852616925,0.0,6912927.2852616925,2442197.4784721863,0.0,0.0,False,False,0.0,1.1920928955078125e-07,passed
unweighted,2022-10-04,12606756.54432375,447756.92476711265,-16744.36092922238,464501.285696335,10441566.156194374,9993809.231427262,13054513.469090862,0.0,0.0,690.7433315627277,0.0,0,0,0,0,35631.30899120559,0.0,183494.03072573617,0.0,2298.93929880459,10193685.416055808,0.0,10193685.416055808,2413071.128267942,0.0,0.0,False,False,0.0,1.1920928955078125e-07,passed
constrained,2022-10-04,13166598.06922967,-21443.833328935,-19125.74635168634,-2318.086977248662,10448317.454713339,10469761.288042275,13145154.235900735,0.0,0.0,721.4178987033665,0.0,0,0,0,0,30770.55116020547,0.0,196879.10133908503,0.0,2397.9830818299747,10679156.51380312,0.0,10679156.51380312,2487441.555426549,0.0,0.0,False,False,0.0,1.1920928955078125e-07,passed
unhedged,2022-10-05,1319086.076685396,10340442.139816064,32934.782608695656,10307507.357207369,10340442.139816064,0.0,11659528.21650146,0.0,0.0,72.27472887467593,0.0,0,0,0,0,101250.0,0.0,19010.796002121642,0.0,1174.7193167256753,0.0,0.0,0.0,1319086.076685396,0.0,0.0,False,False,0.0,1.1920928955078125e-07,passed
duration,2022-10-05,9355637.373309974,3657041.582436341,-10887.454707867555,3667929.0371442083,10340442.139816064,6683400.5573797235,13012678.955746315,0.0,0.0,512.6095760948956,0.0,0,0,0,0,44145.09825237111,0.0,140253.36822203174,0.0,2008.8241046121334,6817068.568527319,0.0,6817068.568527319,2538568.804782655,0.0,0.0,False,False,0.0,1.1920928955078125e-07,passed
unweighted,2022-10-05,12607447.32550426,443464.6555994164,-16763.321808308345,460227.9774077248,10358888.782399355,9915424.12679994,13050911.981103677,0.0,0.0,690.7811805102974,0.0,0,0,0,0,35631.30899120559,0.0,184184.81190624647,0.0,2298.93929880459,10113732.609335938,0.0,10113732.609335938,2493714.7161683217,0.0,0.0,False,False,0.0,1.1920928955078125e-07,passed
constrained,2022-10-05,13167319.526658121,-22687.262011000497,-19162.89646484275,-3524.3655461577473,10365563.580847684,10388250.842858685,13144632.26464712,0.0,0.0,721.4574284516275,0.0,0,0,0,0,30770.55116020547,0.0,197600.55876753666,0.0,2397.9830818299747,10596015.859715858,0.0,10596015.859715858,2571303.666942263,0.0,0.0,False,False,0.0,1.1920928955078125e-07,passed
unhedged,2022-10-06,1319158.3553745293,10302068.32930158,33281.25,10268787.07930158,10302068.32930158,0.0,11621226.68467611,0.0,0.0,72.27868913323618,0.0,0,0,0,0,101250.0,0.0,19083.07469125488,0.0,1174.7193167256753,0.0,0.0,0.0,1319158.3553745293,0.0,0.0,False,False,0.0,1.1920928955078125e-07,passed
duration,2022-10-06,9356150.010974267,3656203.9511833712,-10847.436528567137,3667051.3877119385,10302068.32930158,6645864.378118209,13012353.962157639,0.0,0.0,512.6376642938703,0.0,0,0,0,0,44145.09825237111,0.0,140766.0058863256,0.0,2008.8241046121334,6778781.665680573,0.0,6778781.665680573,2577368.345293694,0.0,0.0,False,False,0.0,1.1920928955078125e-07,passed
unweighted,2022-10-06,12608138.144535797,441776.93046105065,-16782.282687394305,458559.21314844495,10320433.741676021,9878656.81121497,13049915.074996848,0.0,0.0,690.8190315365791,0.0,0,0,0,0,35631.30899120559,0.0,184875.63093778305,0.0,2298.93929880459,10076229.94743927,0.0,10076229.94743927,2531908.1970965266,0.0,0.0,False,False,0.0,1.1920928955078125e-07,passed
constrained,2022-10-06,13168041.023618488,-22709.62855640095,-19200.046577999154,-3509.581978401795,10327077.594792668,10349787.223349068,13145331.395062087,0.0,0.0,721.4969603661448,0.0,0,0,0,0,30770.55116020547,0.0,198322.0557279028,0.0,2397.9830818299747,10556782.96781605,0.0,10556782.96781605,2611258.0558024384,0.0,0.0,False,False,0.0,1.1920928955078125e-07,passed
unhedged,2022-10-07,1319230.638024139,10273806.381914444,33627.71739130435,10240178.66452314,10273806.381914444,0.0,11593037.019938583,0.0,0.0,72.28264960972592,0.0,0,0,0,0,101250.0,0.0,19155.357340864604,0.0,1174.7193167256753,0.0,0.0,0.0,1319230.638024139,0.0,0.0,False,False,0.0,1.1920928955078125e-07,passed
duration,2022-10-07,9356662.676728293,3647303.058527332,-10807.41834926673,3658110.4768765983,10273806.381914444,6626503.3233871125,13003965.735255625,0.0,0.0,512.665754025802,0.0,0,0,0,0,44145.09825237111,0.0,141278.67164035141,0.0,2008.8241046121334,6759033.389854855,0.0,6759033.389854855,2597629.2868734384,0.0,0.0,False,False,0.0,1.1920928955078125e-07,passed
unweighted,2022-10-07,12608829.00142043,440807.39093028015,-16801.243566480272,457608.63449676044,10291973.359694099,9851165.968763819,13049636.39235071,0.0,0.0,690.8568846341223,0.0,0,0,0,0,35631.30899120559,0.0,185566.48782241717,0.0,2298.93929880459,10048189.288139096,0.0,10048189.288139096,2560639.7132813353,0.0,0.0,False,False,0.0,1.1920928955078125e-07,passed
constrained,2022-10-07,13168762.560112935,-22036.269209476963,-19237.196691155565,-2799.072518321398,10298541.711441372,10320577.980650848,13146726.290903458,0.0,0.0,721.5364944469184,0.0,0,0,0,0,30770.55116020547,0.0,199043.59222234972,0.0,2397.9830818299747,10526989.540263865,0.0,10526989.540263865,2641773.0198490694,0.0,0.0,False,False,0.0,1.1920928955078125e-07,passed
unhedged,2022-10-11,1319519.8082316793,10249881.75888116,35013.58695652174,10214868.171924638,10249881.75888116,0.0,11569401.567112839,0.0,0.0,289.1702075402718,0.0,0,0,0,0,101250.0,0.0,19444.527548404876,0.0,1174.7193167256753,0.0,0.0,0.0,1319519.8082316793,0.0,0.0,False,False,0.0,1.1920928955078125e-07,passed
duration,2022-10-11,9358713.620672535,3661170.65911532,-10647.345632065095,3671818.004747385,10249881.75888116,6588711.09976584,13019884.279787855,0.0,0.0,2050.9439442418516,0.0,0,0,0,0,44145.09825237111,0.0,143329.61558459327,0.0,2008.8241046121334,6720485.321761157,0.0,6720485.321761157,2638228.298911378,0.0,0.0,False,False,0.0,1.1920928955078125e-07,passed
unweighted,2022-10-11,12611592.807531424,439547.72921957576,-16877.087082824128,456424.8163023999,10267944.251201002,9828396.521981426,13051140.536751,0.0,0.0,2763.8061109930277,0.0,0,0,0,0,35631.30899120559,0.0,188330.2939334102,0.0,2298.93929880459,10024964.452421054,0.0,10024964.452421054,2586628.3551103696,0.0,0.0,False,False,0.0,1.1920928955078125e-07,passed
constrained,2022-10-11,13171649.101474846,-22835.62262863289,-19385.797143781205,-3449.8254848516845,10274481.81528854,10297317.437917173,13148813.478846213,0.0,0.0,2886.5413619112223,0.0,0,0,0,0,30770.55116020547,0.0,201930.13358426094,0.0,2397.9830818299747,10503263.786675517,0.0,10503263.786675517,2668385.3147993293,0.0,0.0,False,False,0.0,1.1920928955078125e-07,passed
unhedged,2022-10-12,1319592.1106869248,10265236.363047402,35360.05434782609,10229876.308699576,10265236.363047402,0.0,11584828.473734327,0.0,0.0,72.3024552455172,0.0,0,0,0,0,101250.0,0.0,19516.830003650393,0.0,1174.7193167256753,0.0,0.0,0.0,1319592.1106869248,0.0,0.0,False,False,0.0,1.1920928955078125e-07,passed
duration,2022-10-12,9359226.426898325,3661538.0582351247,-10607.32745276469,3672145.3856878895,10265236.363047402,6603698.304812279,13020764.48513345,0.0,0.0,512.8062257897109,0.0,0,0,0,0,44145.09825237111,0.0,143842.42181038298,0.0,2008.8241046121334,6735772.270908524,0.0,6735772.270908524,2623454.1559898006,0.0,0.0,False,False,0.0,1.1920928955078125e-07,passed
unweighted,2022-10-12,12612283.853712657,440286.82658671186,-16896.047961910106,457182.87454862194,10283343.101942133,9843056.275355421,13052570.68029937,0.0,0.0,691.0461812335998,0.0,0,0,0,0,35631.30899120559,0.0,189021.3401146438,0.0,2298.93929880459,10039917.40086253,0.0,10039917.40086253,2572366.4528501276,0.0,0.0,False,False,0.0,1.1920928955078125e-07,passed
constrained,2022-10-12,13172370.835672185,-22740.201452702324,-19422.947256937623,-3317.254195764701,10289896.642924448,10312636.84437715,13149630.634219483,0.0,0.0,721.734197339043,0.0,0,0,0,0,30770.55116020547,0.0,202651.86778159998,0.0,2397.9830818299747,10518889.581264693,0.0,10518889.581264693,2653481.2544074915,0.0,0.0,False,False,0.0,1.1920928955078125e-07,passed
unhedged,2022-10-13,1319664.417103949,10222711.026782624,35706.52173913043,10187004.505043494,10222711.026782624,0.0,11542375.443886574,0.0,0.0,72.30641702422872,0.0,0,0,0,0,101250.0,0.0,19589.136420674622,0.0,1174.7193167256753,0.0,0.0,0.0,1319664.417103949,0.0,0.0,False,False,0.0,1.1920928955078125e-07,passed
duration,2022-10-13,9359739.261223089,3651289.358965598,-10567.309273464285,3661856.668239062,10222711.026782624,6571421.667817025,13011028.620188687,0.0,0.0,512.8343247640878,0.0,0,0,0,0,44145.09825237111,0.0,144355.25613514706,0.0,2008.8241046121334,6702850.101173366,0.0,6702850.101173366,2656889.1600497225,0.0,0.0,False,False,0.0,1.1920928955078125e-07,passed
unweighted,2022-10-13,12612974.937759439,438406.48093202437,-16915.00884099607,455321.48977302044,10240666.353013242,9802259.872081216,13051381.418691464,0.0,0.0,691.0840467810631,0.0,0,0,0,0,35631.30899120559,0.0,189712.42416142486,0.0,2298.93929880459,9998305.06952284,0.0,9998305.06952284,2614669.8682365976,0.0,0.0,False,False,0.0,1.1920928955078125e-07,passed
constrained,2022-10-13,13173092.609416608,-22491.043945504007,-19460.097370094034,-3030.946575409973,10247169.342322676,10269660.38626818,13150601.565471103,0.0,0.0,721.7737444229424,0.0,0,0,0,0,30770.55116020547,0.0,203373.64152602293,0.0,2397.9830818299747,10475053.593993543,0.0,10475053.593993543,2698039.015423065,0.0,0.0,False,False,0.0,1.1920928955078125e-07,passed
unhedged,2022-10-14,1319736.7274829685,10203251.123112807,36052.989130434784,10167198.133982372,10203251.123112807,0.0,11522987.850595776,0.0,0.0,72.31037901947275,0.0,0,0,0,0,101250.0,0.0,19661.446799694095,0.0,1174.7193167256753,0.0,0.0,0.0,1319736.7274829685,0.0,0.0,False,False,0.0,1.1920928955078125e-07,passed
duration,2022-10-14,9360252.12364836,3651713.2063859063,-10527.291094163873,3662240.49748007,10203251.123112807,6551537.916726901,13011965.330034267,0.0,0.0,512.8624252714217,0.0,0,0,0,0,44145.09825237111,0.0,144868.1185604185,0.0,2008.8241046121334,6682568.675061439,0.0,6682568.675061439,2677683.448586921,0.0,0.0,False,False,0.0,1.1920928955078125e-07,passed
unweighted,2022-10-14,12613666.059673835,437505.5300384451,-16933.969720082034,454439.4997585271,10221149.664153265,9783644.134114819,13051171.589712279,0.0,0.0,691.1219143960625,0.0,0,0,0,0,35631.30899120559,0.0,190403.54607582092,0.0,2298.93929880459,9979317.016797116,0.0,9979317.016797116,2634349.0428767186,0.0,0.0,False,False,0.0,1.1920928955078125e-07,passed
constrained,2022-10-14,13173814.422710273,-22577.86168759346,-19497.247483250445,-3080.6142043430154,10227631.758538619,10250209.620226212,13151236.56102268,0.0,0.0,721.8132936656475,0.0,0,0,0,0,30770.55116020547,0.0,204095.45481968857,0.0,2397.9830818299747,10455213.812630735,0.0,10455213.812630735,2718600.610079538,0.0,0.0,False,False,0.0,1.1920928955078125e-07,passed
unhedged,2022-10-17,1319953.6823941707,10207241.083264759,37092.391304347824,10170148.691960411,10207241.083264759,0.0,11527194.76565893,0.0,0.0,216.9549112021923,0.0,0,0,0,0,101250.0,0.0,19878.401710896287,0.0,1174.7193167256753,0.0,0.0,0.0,1319953.6823941707,0.0,0.0,False,False,0.0,1.1920928955078125e-07,passed
duration,2022-10-17,9361790.879542645,3658934.191823229,-10407.236556262651,3669341.428379492,10207241.083264759,6548306.89144153,13020725.071365874,0.0,0.0,1538.7558942846954,0.0,0,0,0,0,44145.09825237111,0.0,146406.87445470318,0.0,2008.8241046121334,6679273.02927036,0.0,6679273.02927036,2682517.850272285,0.0,0.0,False,False,0.0,1.1920928955078125e-07,passed
unweighted,2022-10-17,12615739.652643496,437817.86740335746,-16990.85235733993,454808.7197606974,10225047.689498564,9787229.822095206,13053557.520046854,0.0,0.0,2073.5929696615785,0.0,0,0,0,0,35631.30899120559,0.0,192477.1390454825,0.0,2298.93929880459,9982974.41853711,0.0,9982974.41853711,2632765.234106386,0.0,0.0,False,False,0.0,1.1920928955078125e-07,passed
constrained,2022-10-17,13175980.099908428,-22621.98941026428,-19608.697822719678,-3013.2915875446015,10231497.720340392,10254119.709750656,13153358.110498164,0.0,0.0,2165.677198154852,0.0,0,0,0,0,30770.55116020547,0.0,206261.13201784343,0.0,2397.9830818299747,10459202.103945669,0.0,10459202.103945669,2716777.9959627595,0.0,0.0,False,False,0.0,1.1920928955078125e-07,passed
unhedged,2022-10-18,1320026.008623343,10223460.44768392,37438.858695652176,10186021.588988267,10223460.44768392,0.0,11543486.456307262,0.0,0.0,72.3262291722931,0.0,0,0,0,0,101250.0,0.0,19950.72794006858,0.0,1174.7193167256753,0.0,0.0,0.0,1320026.008623343,0.0,0.0,False,False,0.0,1.1920928955078125e-07,passed
duration,2022-10-18,9362303.85438536,3659349.027276586,-10367.218376962228,3669716.245653548,10223460.44768392,6564111.4204073325,13021652.881661944,0.0,0.0,512.9748427141458,0.0,0,0,0,0,44145.09825237111,0.0,146919.84929741733,0.0,2008.8241046121334,6695393.648815479,0.0,6695393.648815479,2666910.20556988,0.0,0.0,False,False,0.0,1.1920928955078125e-07,passed
unweighted,2022-10-18,12616430.926049123,438543.06360844336,-17009.813236425885,455552.8768448692,10241296.07125622,9802753.007647777,13054973.989657566,0.0,0.0,691.2734056264162,0.0,0,0,0,0,35631.30899120559,0.0,193168.41245110892,0.0,2298.93929880459,9998808.067800732,0.0,9998808.067800732,2617622.8582483903,0.0,0.0,False,False,0.0,1.1920928955078125e-07,passed
constrained,2022-10-18,13176702.071420752,-22586.976143008877,-19645.847935876074,-2941.1282071328023,10247757.57514572,10270344.551288728,13154115.095277743,0.0,0.0,721.9715123232454,0.0,0,0,0,0,30770.55116020547,0.0,206983.10353016667,0.0,2397.9830818299747,10475751.442314502,0.0,10475751.442314502,2700950.6291062497,0.0,0.0,False,False,0.0,1.1920928955078125e-07,passed
unhedged,2022-10-19,1320098.3388155967,10158272.016219793,37785.32608695652,10120486.690132836,10158272.016219793,0.0,11478370.355035389,0.0,0.0,72.33019225369208,0.0,0,0,0,0,101250.0,0.0,20023.058132322272,0.0,1174.7193167256753,0.0,0.0,0.0,1320098.3388155967,0.0,0.0,False,False,0.0,1.1920928955078125e-07,passed
duration,2022-10-19,9362816.857336286,3658136.641019644,-10327.20019766182,3668463.841217306,10158272.016219793,6500135.37520015,13020953.49835593,0.0,0.0,513.0029509272426,0.0,0,0,0,0,44145.09825237111,0.0,147432.85224834457,0.0,2008.8241046121334,6630138.082704153,0.0,6630138.082704153,2732678.7746321335,0.0,0.0,False,False,0.0,1.1920928955078125e-07,passed
unweighted,2022-10-19,12617122.237332743,436111.2302288426,-17028.774115511857,453140.00434435444,10175772.41486117,9739661.184632327,13053233.467561586,0.0,0.0,691.3112836200744,0.0,0,0,0,0,35631.30899120559,0.0,193859.723734729,0.0,2298.93929880459,9934454.408324974,0.0,9934454.408324974,2682667.829007769,0.0,0.0,False,False,0.0,1.1920928955078125e-07,passed
constrained,2022-10-19,13177424.08249316,-22128.380839161833,-19682.998049032492,-2445.3827901293407,10182108.837932207,10204237.218771368,13155295.701653998,0.0,0.0,722.0110724084079,0.0,0,0,0,0,30770.55116020547,0.0,207705.11460257508,0.0,2397.9830818299747,10408321.963146796,0.0,10408321.963146796,2769102.1193463635,0.0,0.0,False,False,0.0,1.1920928955078125e-07,passed
unhedged,2022-10-20,1320170.672971148,10111115.27757475,38131.79347826087,10072983.484096488,10111115.27757475,0.0,11431285.950545898,0.0,0.0,72.33415555139072,0.0,0,0,0,0,101250.0,0.0,20095.392287873663,0.0,1174.7193167256753,0.0,0.0,0.0,1320170.672971148,0.0,0.0,False,False,0.0,1.1920928955078125e-07,passed
duration,2022-10-20,9363329.888396962,3656800.2095767157,-10287.182018361413,3667087.3915950772,10111115.27757475,6454315.067998033,13020130.097973678,0.0,0.0,513.0310606751591,0.0,0,0,0,0,44145.09825237111,0.0,147945.88330901973,0.0,2008.8241046121334,6583401.369357994,0.0,6583401.369357994,2779928.519038968,0.0,0.0,False,False,0.0,1.1920928955078125e-07,passed
unweighted,2022-10-20,12617813.586496431,434021.898214517,-17047.734994597817,451069.6332091148,10128371.459227983,9694349.561013466,13051835.484710949,0.0,0.0,691.3491636887193,0.0,0,0,0,0,35631.30899120559,0.0,194551.0728984177,0.0,2298.93929880459,9888236.552233735,0.0,9888236.552233735,2729577.0342626963,0.0,0.0,False,False,0.0,1.1920928955078125e-07,passed
constrained,2022-10-20,13178146.133127816,-22083.2912799834,-19720.148162188896,-2363.143117794505,10134621.078101868,10156704.369381852,13156062.841847833,0.0,0.0,722.0506346561015,0.0,0,0,0,0,30770.55116020547,0.0,208427.16523723118,0.0,2397.9830818299747,10359838.456769489,0.0,10359838.456769489,2818307.6763583273,0.0,0.0,False,False,0.0,1.1920928955078125e-07,passed
unhedged,2022-10-21,1320243.011090215,10139380.344384223,38478.260869565216,10100902.083514659,10139380.344384223,0.0,11459623.355474439,0.0,0.0,72.33811906701885,0.0,0,0,0,0,101250.0,0.0,20167.730406940682,0.0,1174.7193167256753,0.0,0.0,0.0,1320243.011090215,0.0,0.0,False,False,0.0,1.1920928955078125e-07,passed
duration,2022-10-21,9363842.94756893,3677005.798452448,-10247.163839061002,3687252.962291509,10139380.344384223,6462374.545931774,13040848.746021379,0.0,0.0,513.059171969071,0.0,0,0,0,0,44145.09825237111,0.0,148458.9424809888,0.0,2008.8241046121334,6591622.03685041,0.0,6591622.03685041,2772220.910718521,0.0,0.0,False,False,0.0,1.1920928955078125e-07,passed
unweighted,2022-10-21,12618504.97354227,436154.2508051449,-17066.695873683784,453220.9466788287,10156424.334465228,9720270.083660085,13054659.224347414,0.0,0.0,691.3870458379388,0.0,0,0,0,0,35631.30899120559,0.0,195242.45994425565,0.0,2298.93929880459,9914675.485333286,0.0,9914675.485333286,2703829.488208983,0.0,0.0,False,False,0.0,1.1920928955078125e-07,passed
constrained,2022-10-21,13178868.223326895,-21862.29798659622,-19757.298275345314,-2104.9997112509045,10162601.826471504,10184464.124458099,13157005.925340299,0.0,0.0,722.0901990793645,0.0,0,0,0,0,30770.55116020547,0.0,209149.25543631054,0.0,2397.9830818299747,10388153.40694726,0.0,10388153.40694726,2790714.8163796347,0.0,0.0,False,False,0.0,1.1920928955078125e-07,passed
unhedged,2022-10-24,1320460.0492306803,10124376.903476495,39517.663043478264,10084859.240433017,10124376.903476495,0.0,11444836.952707175,0.0,0.0,217.0381404652726,0.0,0,0,0,0,101250.0,0.0,20384.768547405954,0.0,1174.7193167256753,0.0,0.0,0.0,1320460.0492306803,0.0,0.0,False,False,0.0,1.1920928955078125e-07,passed
duration,2022-10-24,9365382.293767983,3683747.4419868654,-10127.109301159777,3693874.551288025,10124376.903476495,6440629.461489631,13049129.735754848,0.0,0.0,1539.3461990524083,0.0,0,0,0,0,44145.09825237111,0.0,149998.2886800412,0.0,2008.8241046121334,6569442.050719423,0.0,6569442.050719423,2795940.24304856,0.0,0.0,False,False,0.0,1.1920928955078125e-07,passed
unweighted,2022-10-24,12620579.36199341,435765.5121048629,-17123.57851094168,452889.0906158046,10141266.80622,9705501.294115137,13056344.874098273,0.0,0.0,2074.388451140374,0.0,0,0,0,0,35631.30899120559,0.0,197316.84839539602,0.0,2298.93929880459,9899611.319997441,0.0,9899611.319997441,2720968.0419959687,0.0,0.0,False,False,0.0,1.1920928955078125e-07,passed
constrained,2022-10-24,13181034.731332313,-21813.224615395247,-19868.748614814544,-1944.4760005807038,10147390.149485813,10169203.37410121,13159221.506716918,0.0,0.0,2166.5080054178834,0.0,0,0,0,0,30770.55116020547,0.0,211315.76344172843,0.0,2397.9830818299747,10372587.441583235,0.0,10372587.441583235,2808447.2897490785,0.0,0.0,False,False,0.0,1.1920928955078125e-07,passed
unhedged,2022-10-25,1320532.4032059808,10188722.263987072,39864.13043478261,10148858.133552289,10188722.263987072,0.0,11509254.667193053,0.0,0.0,72.35397530044429,0.0,0,0,0,0,101250.0,0.0,20457.1225227064,0.0,1174.7193167256753,0.0,0.0,0.0,1320532.4032059808,0.0,0.0,False,False,0.0,1.1920928955078125e-07,passed
duration,2022-10-25,9365895.465400519,3670003.1157658957,-10087.091121859366,3680090.206887755,10188722.263987072,6518719.148221177,13035898.581166415,0.0,0.0,513.1716325357556,0.0,0,0,0,0,44145.09825237111,0.0,150511.46031257696,0.0,2008.8241046121334,6649093.531185601,0.0,6649093.531185601,2716801.934214918,0.0,0.0,False,False,0.0,1.1920928955078125e-07,passed
unweighted,2022-10-25,12621270.900588589,437204.26050911134,-17142.539390027643,454346.799899139,10206076.203705458,9768871.943196347,13058475.1610977,0.0,0.0,691.5385951790959,0.0,0,0,0,0,35631.30899120559,0.0,198008.38699057512,0.0,2298.93929880459,9964249.382060274,0.0,9964249.382060274,2657021.5185283143,0.0,0.0,False,False,0.0,1.1920928955078125e-07,passed
constrained,2022-10-25,13181756.979810743,-22686.485887456514,-19905.89872797095,-2780.5871594855635,10212370.18821879,10235056.674106246,13159070.493923286,0.0,0.0,722.248478429392,0.0,0,0,0,0,30770.55116020547,0.0,212038.01192015782,0.0,2397.9830818299747,10439757.80758837,0.0,10439757.80758837,2741999.172222372,0.0,0.0,False,False,0.0,1.1920928955078125e-07,passed
unhedged,2022-10-26,1320604.7611458823,10223807.848874519,40210.59782608696,10183597.25104843,10223807.848874519,0.0,11544412.610020401,0.0,0.0,72.35793990152888,0.0,0,0,0,0,101250.0,0.0,20529.480462607928,0.0,1174.7193167256753,0.0,0.0,0.0,1320604.7611458823,0.0,0.0,False,False,0.0,1.1920928955078125e-07,passed
duration,2022-10-26,9366408.665152049,3671761.2566622524,-10047.07294255896,3681808.3296048115,10223807.848874519,6552046.592212266,13038169.9218143,0.0,0.0,513.1997515298426,0.0,0,0,0,0,44145.09825237111,0.0,151024.6600641068,0.0,2008.8241046121334,6683087.524056512,0.0,6683087.524056512,2683321.1410955368,0.0,0.0,False,False,0.0,1.1920928955078125e-07,passed
unweighted,2022-10-26,12621962.477076296,439855.85185351793,-17161.50026911361,457017.35212263156,10241270.130689535,9801414.278836017,13061818.328929814,0.0,0.0,691.5764877069741,0.0,0,0,0,0,35631.30899120559,0.0,198699.9634782821,0.0,2298.93929880459,9997442.564412737,0.0,9997442.564412737,2624519.9126635585,0.0,0.0,False,False,0.0,1.1920928955078125e-07,passed
constrained,2022-10-26,13182479.267864434,-21595.825029597992,-19943.048841127365,-1652.776188470627,10247595.163010823,10269190.988040421,13160883.442834835,0.0,0.0,722.2880536913872,0.0,0,0,0,0,30770.55116020547,0.0,212760.2999738492,0.0,2397.9830818299747,10474574.80780123,0.0,10474574.80780123,2707904.460063204,0.0,0.0,False,False,0.0,1.1920928955078125e-07,passed
unhedged,2022-10-27,1320677.123050603,10261470.521374526,40557.065217391304,10220913.456157135,10261470.521374526,0.0,11582147.644425128,0.0,0.0,72.36190472077578,0.0,0,0,0,0,101250.0,0.0,20601.842367328703,0.0,1174.7193167256753,0.0,0.0,0.0,1320677.123050603,0.0,0.0,False,False,0.0,1.1920928955078125e-07,passed
duration,2022-10-27,9366921.893024113,3680223.263317068,-10007.05476325855,3690230.3180803265,10261470.521374526,6581247.258057457,13047145.15634118,0.0,0.0,513.2278720643371,0.0,0,0,0,0,44145.09825237111,0.0,151537.88793617114,0.0,2008.8241046121334,6712872.203218606,0.0,6712872.203218606,2654049.6898055067,0.0,0.0,False,False,0.0,1.1920928955078125e-07,passed
unweighted,2022-10-27,12622654.0914586,440970.100395358,-17180.461148199578,458150.56154355756,10279099.666432848,9838129.56603749,13063624.191853957,0.0,0.0,691.6143823042512,0.0,0,0,0,0,35631.30899120559,0.0,199391.57786058635,0.0,2298.93929880459,10034892.157358238,0.0,10034892.157358238,2587761.9341003615,0.0,0.0,False,False,0.0,1.1920928955078125e-07,passed
constrained,2022-10-27,13183201.59549555,-22541.27035477536,-19980.198954283776,-2561.0714004915826,10285478.46476848,10308019.735123256,13160660.325140774,0.0,0.0,722.3276311159134,0.0,0,0,0,0,30770.55116020547,0.0,213482.62760496512,0.0,2397.9830818299747,10514180.129825722,0.0,10514180.129825722,2669021.4656698275,0.0,0.0,False,False,0.0,1.1920928955078125e-07,passed
unhedged,2022-10-28,1320749.4889203594,10220567.546049714,40903.53260869565,10179664.013441019,10220567.546049714,0.0,11541317.034970073,0.0,0.0,72.36586975632235,0.0,0,0,0,0,101250.0,0.0,20674.208237085026,0.0,1174.7193167256753,0.0,0.0,0.0,1320749.4889203594,0.0,0.0,False,False,0.0,1.1920928955078125e-07,passed
duration,2022-10-28,9367435.14901825,3679253.5441222624,-9967.03658395815,3689220.5807062206,10220567.546049714,6541314.001927451,13046688.693140512,0.0,0.0,513.2559941373765,0.0,0,0,0,0,44145.09825237111,0.0,152051.14393030852,0.0,2008.8241046121334,6672140.281966001,0.0,6672140.281966001,2695294.8670522496,0.0,0.0,False,False,0.0,1.1920928955078125e-07,passed
unweighted,2022-10-28,12623345.743737586,439637.8990901389,-17199.422027285545,456837.32111742446,10238067.30715706,9798429.408066921,13062983.642827725,0.0,0.0,691.6522789858282,0.0,0,0,0,0,35631.30899120559,0.0,200083.23013957217,0.0,2298.93929880459,9994397.996228259,0.0,9994397.996228259,2628947.747509327,0.0,0.0,False,False,0.0,1.1920928955078125e-07,passed
constrained,2022-10-28,13183923.962706262,-22056.1903625683,-20017.34906744019,-2038.8412951281098,10244406.239451032,10266462.429813601,13161867.772343693,0.0,0.0,722.3672107122838,0.0,0,0,0,0,30770.55116020547,0.0,214204.9948156774,0.0,2397.9830818299747,10471791.678409873,0.0,10471791.678409873,2712132.2842963897,0.0,0.0,False,False,0.0,1.1920928955078125e-07,passed
unhedged,2022-10-31,1347216.610322016,10160769.922773205,15692.934782608696,10145076.987990595,10160769.922773205,0.0,11507986.53309522,26250.0,0.0,217.12140165665187,0.0,0,0,0,0,127500.0,0.0,20891.329638741678,0.0,1174.7193167256753,0.0,0.0,0.0,1347216.610322016,0.0,0.0,False,False,0.0,1.1920928955078125e-07,passed
duration,2022-10-31,9395225.085748527,3653511.5285225958,-36096.98204605691,3689608.510568653,10160769.922773205,6507258.394250608,13048736.614271123,26250.0,0.0,1539.9367302767932,0.0,0,0,0,0,70395.09825237111,0.0,153591.0806605853,0.0,2008.8241046121334,6637403.56213562,0.0,6637403.56213562,2757821.523612907,0.0,0.0,False,False,0.0,1.1920928955078125e-07,passed
unweighted,2022-10-31,12651670.927975377,411860.5736309659,-43506.30466454344,455366.8782955093,10178116.393924223,9766255.820293257,13063531.501606343,26250.0,0.0,2075.1842377912253,0.0,0,0,0,0,61881.30899120559,0.0,202158.4143773634,0.0,2298.93929880459,9961580.936699122,0.0,9961580.936699122,2690089.991276255,0.0,0.0,False,False,0.0,1.1920928955078125e-07,passed
constrained,2022-10-31,13212341.301837666,-48419.077334739675,-46378.79940690942,-2040.277927830255,10184401.529440587,10232820.606775329,13163922.224502927,26250.0,0.0,2167.3391314037144,0.0,0,0,0,0,57020.55116020547,0.0,216372.33394708112,0.0,2397.9830818299747,10437477.018910835,0.0,10437477.018910835,2774864.2829268314,0.0,0.0,False,False,0.0,1.1920928955078125e-07,passed
unhedged,2022-11-01,1347290.430410253,10161215.497905744,16041.766754744174,10145173.731151,10161215.497905744,0.0,11508505.928315997,0.0,0.0,73.82008823682554,0.0,0.0,-0.0,0.0,0,127500.0,0.0,20965.149726978503,0.0,1174.7193167256753,0.0,0.0,0.0,1347290.430410253,0.0,0.0,False,False,0.0,1.1920928955078125e-07,passed
duration,2022-11-01,9403460.306951202,3638350.608251525,-36116.339406296356,3674466.9476578212,10161215.497905744,6522864.889654219,13041810.915202728,0.0,0.0,514.8068540152162,0.0,0.7721186467305801,7721.186467305801,7721.186467305801,0,70395.09825237111,0.0,154105.88751460053,0.0,2009.596223258864,6653322.187447304,0.0,6653322.187447304,2750138.1195038985,0.0,0.0,False,False,9.667404654578604e-10,1.1920928955078125e-07,passed
unweighted,2022-11-01,12679366.513148084,384155.35207412136,-43771.68215004814,427927.0342241695,10184951.376670089,9800796.024595968,13063521.865222206,0.0,0.0,693.2422426305711,0.0,7.470975375757441,27009.813905452582,74709.7537575744,0,61881.30899120559,0.0,202851.65661999397,0.0,2306.4102741803476,9996811.945087887,0.0,9996811.945087887,2682554.568060197,0.0,0.0,False,False,-1.8055512640557936e-10,1.1920928955078125e-07,passed
constrained,2022-11-01,13207912.27212557,-43840.841980393125,-46382.51898533144,2541.677004938312,10197889.545308158,10241730.38728855,13164071.430145176,0.0,0.0,723.9639069512486,0.0,6.2628753940202495,-5146.730743652917,62628.75394020249,0,57020.55116020547,0.0,217096.29785403237,0.0,2404.245957223995,10446564.99503432,0.0,10446564.99503432,2761347.27709125,0.0,0.0,False,False,-1.6783641143547356e-10,1.1920928955078125e-07,passed
unhedged,2022-11-02,1347364.2545434262,10158246.144086543,16390.598726879656,10141855.545359664,10158246.144086543,0.0,11505610.398629969,0.0,0.0,73.82413317332976,0.0,0,0,0,0,127500.0,0.0,21038.973860151833,0.0,1174.7193167256753,0.0,0.0,0.0,1347364.2545434262,0.0,0.0,False,False,0.0,1.1920928955078125e-07,passed
duration,2022-11-02,9403975.565050215,3634223.0614619106,-36074.31982334347,3670297.381285254,10158246.144086543,6524023.082624634,13038198.626512125,0.0,0.0,515.2580990120769,0.0,0,0,0,0,70395.09825237111,0.0,154621.1456136126,0.0,2009.596223258864,6654503.544277127,0.0,6654503.544277127,2749472.0207730876,0.0,0.0,False,False,0.0,1.1920928955078125e-07,passed
unweighted,2022-11-02,12680061.272957025,385517.54655353667,-43789.7832673813,429307.329820918,10181746.636641365,9796229.090087827,13065578.819510562,0.0,0.0,694.759808940813,0.0,0,0,0,0,61881.30899120559,0.0,203546.41642893478,0.0,2306.4102741803476,9992153.671889585,0.0,9992153.671889585,2687907.6010674406,0.0,0.0,False,False,0.0,1.1920928955078125e-07,passed
constrained,2022-11-02,13208635.993345961,-42322.28324525986,-46417.051040143226,4094.767794883366,10194525.227349807,10236847.510595066,13166313.710100701,0.0,0.0,723.7212203908712,0.0,0,0,0,0,57020.55116020547,0.0,217820.01907442324,0.0,2404.245957223995,10441584.460806968,0.0,10441584.460806968,2767051.5325389933,0.0,0.0,False,False,0.0,1.1920928955078125e-07,passed
unhedged,2022-11-03,1347438.0827217575,10130105.277281485,16739.430699015134,10113365.84658247,10130105.277281485,0.0,11477543.360003242,0.0,0.0,73.82817833125591,0.0,0,0,0,0,127500.0,0.0,21112.80203848309,0.0,1174.7193167256753,0.0,0.0,0.0,1347438.0827217575,0.0,0.0,False,False,0.0,1.1920928955078125e-07,passed
duration,2022-11-03,9404490.851382546,3632462.0700895144,-36032.300240390585,3668494.370329905,10130105.277281485,6497643.207191971,13036952.921472061,0.0,0.0,515.2863323315978,0.0,0,0,0,0,70395.09825237111,0.0,155136.4319459442,0.0,2009.596223258864,6627596.07133581,0.0,6627596.07133581,2776894.780046736,0.0,0.0,False,False,0.0,1.1920928955078125e-07,passed
unweighted,2022-11-03,12680756.070834994,384451.8868039863,-43807.88438471447,428259.77118870075,10153591.838227578,9769139.951423591,13065207.95763898,0.0,0.0,694.7978779692203,0.0,0,0,0,0,61881.30899120559,0.0,204241.214306904,0.0,2306.4102741803476,9964522.750452062,0.0,9964522.750452062,2716233.320382932,0.0,0.0,False,False,0.0,1.1920928955078125e-07,passed
constrained,2022-11-03,13209359.75422231,-42206.51864588319,-46451.58309495501,4245.064449071819,10166370.934107842,10208577.452753726,13167153.235576427,0.0,0.0,723.7608763482422,0.0,0,0,0,0,57020.55116020547,0.0,218543.77995077148,0.0,2404.245957223995,10412749.001808802,0.0,10412749.001808802,2796610.7524135076,0.0,0.0,False,False,0.0,1.1920928955078125e-07,passed
unhedged,2022-11-04,1347511.9149454685,10126262.705201335,17088.262671150613,10109174.442530185,10126262.705201335,0.0,11473774.620146804,0.0,0.0,73.83222371106967,0.0,0,0,0,0,127500.0,0.0,21186.63426219416,0.0,1174.7193167256753,0.0,0.0,0.0,1347511.9149454685,0.0,0.0,False,False,0.0,1.1920928955078125e-07,passed
duration,2022-11-04,9405006.165949747,3644987.1919188583,-35990.28065743769,3680977.472576296,10126262.705201335,6481275.513282477,13049993.357868604,0.0,0.0,515.3145672008395,0.0,0,0,0,0,70395.09825237111,0.0,155651.74651314504,0.0,2009.596223258864,6610901.023548126,0.0,6610901.023548126,2794105.1424016207,0.0,0.0,False,False,0.0,1.1920928955078125e-07,passed
unweighted,2022-11-04,12681450.906784084,384555.4025084304,-43825.985502047624,428381.38801047805,10149482.3717353,9764926.96922687,13066006.309292514,0.0,0.0,694.8359490893781,0.0,0,0,0,0,61881.30899120559,0.0,204936.05025599338,0.0,2306.4102741803476,9960225.508611409,0.0,9960225.508611409,2721225.3981726747,0.0,0.0,False,False,0.0,1.1920928955078125e-07,passed
constrained,2022-11-04,13210083.554756789,-42285.221363854725,-46486.11514976678,4200.893785912056,10162135.941797923,10204421.163161777,13167798.333392933,0.0,0.0,723.80053447932,0.0,0,0,0,0,57020.55116020547,0.0,219267.5804852508,0.0,2404.245957223995,10408509.586425012,0.0,10408509.586425012,2801573.9683317766,0.0,0.0,False,False,0.0,1.1920928955078125e-07,passed
unhedged,2022-11-07,1347733.4358910955,10099237.854198541,18134.75858755705,10081103.095610984,10099237.854198541,0.0,11446971.290089637,0.0,0.0,221.5209456270095,0.0,0,0,0,0,127500.0,0.0,21408.155207821168,0.0,1174.7193167256753,0.0,0.0,0.0,1347733.4358910955,0.0,0.0,False,False,0.0,1.1920928955078125e-07,passed
duration,2022-11-07,9406552.279076021,3647759.0822117217,-35864.22190857903,3683623.304120301,10099237.854198541,6451478.77198682,13054311.361287743,0.0,0.0,1546.1131262741983,0.0,0,0,0,0,70395.09825237111,0.0,157197.85963941924,0.0,2009.596223258864,6580508.347426556,0.0,6580508.347426556,2826043.931649465,0.0,0.0,False,False,0.0,1.1920928955078125e-07,passed
unweighted,2022-11-07,12683535.643078908,383576.8404115789,-43880.28885404712,427457.129265626,10122258.696879482,9738681.856467903,13067112.483490488,0.0,0.0,2084.73629482463,0.0,0,0,0,0,61881.30899120559,0.0,207020.786550818,0.0,2306.4102741803476,9933455.493597262,0.0,9933455.493597262,2750080.1494816467,0.0,0.0,False,False,0.0,1.1920928955078125e-07,passed
constrained,2022-11-07,13212255.194330739,-42273.652148385416,-46589.71131420214,4316.059165816725,10134810.105381452,10177083.757529836,13169981.542182354,0.0,0.0,2171.6395739503205,0.0,0,0,0,0,57020.55116020547,0.0,221439.22005920112,0.0,2404.245957223995,10380625.432680434,0.0,10380625.432680434,2831629.7616503052,0.0,0.0,False,False,0.0,1.1920928955078125e-07,passed
unhedged,2022-11-08,1347807.2842985417,10144383.216272555,18483.59055969253,10125899.625712862,10144383.216272555,0.0,11492190.500571096,0.0,0.0,73.84840744617395,0.0,0,0,0,0,127500.0,0.0,21482.003615267342,0.0,1174.7193167256753,0.0,0.0,0.0,1347807.2842985417,0.0,0.0,False,False,0.0,1.1920928955078125e-07,passed
duration,2022-11-08,9407067.706598165,3645458.303141551,-35822.202325626145,3681280.5054671774,10144383.216272555,6498924.913131004,13052526.009739716,0.0,0.0,515.427522143349,0.0,0,0,0,0,70395.09825237111,0.0,157713.2871615626,0.0,2009.596223258864,6628903.411393625,0.0,6628903.411393625,2778164.29520454,0.0,0.0,False,False,0.0,1.1920928955078125e-07,passed
unweighted,2022-11-08,12684230.631333325,385097.01795427984,-43898.389971380275,428995.40792566014,10167723.765428258,9782626.747473978,13069327.649287606,0.0,0.0,694.988254416734,0.0,0,0,0,0,61881.30899120559,0.0,207715.77480523475,0.0,2306.4102741803476,9978279.282423457,0.0,9978279.282423457,2705951.348909868,0.0,0.0,False,False,0.0,1.1920928955078125e-07,passed
constrained,2022-11-08,13212979.15351947,-42380.121233520586,-46624.243369013915,4244.12213549333,10180458.110778484,10222838.232012006,13170599.03228595,0.0,0.0,723.9591887313873,0.0,0,0,0,0,57020.55116020547,0.0,222163.1792479325,0.0,2404.245957223995,10427294.996652246,0.0,10427294.996652246,2785684.1568672247,0.0,0.0,False,False,0.0,1.1920928955078125e-07,passed
unhedged,2022-11-09,1347881.1367524758,10151925.204804508,18832.422531828008,10133092.78227268,10151925.204804508,0.0,11499806.341556983,0.0,0.0,73.85245393402874,0.0,0,0,0,0,127500.0,0.0,21555.85606920137,0.0,1174.7193167256753,0.0,0.0,0.0,1347881.1367524758,0.0,0.0,False,False,0.0,1.1920928955078125e-07,passed
duration,2022-11-09,9407583.16236291,3652940.3780827415,-35780.182742673256,3688720.560825415,10151925.204804508,6498984.826721766,13060523.540445652,0.0,0.0,515.4557647462934,0.0,0,0,0,0,70395.09825237111,0.0,158228.74292630889,0.0,2009.596223258864,6628964.523256201,0.0,6628964.523256201,2778618.6391067095,0.0,0.0,False,False,0.0,1.1920928955078125e-07,passed
unweighted,2022-11-09,12684925.657669289,385480.9051663637,-43916.49108871343,429397.3962550771,10175194.635671174,9789713.73050481,13070406.562835652,0.0,0.0,695.0263359639794,0.0,0,0,0,0,61881.30899120559,0.0,208410.80114119872,0.0,2306.4102741803476,9985508.005114907,0.0,9985508.005114907,2699417.6525543816,0.0,0.0,False,False,0.0,1.1920928955078125e-07,passed
constrained,2022-11-09,13213703.1523772,-42516.58793474024,-46658.775423825704,4142.187489085467,10187895.061317202,10230411.649251942,13171186.56444246,0.0,0.0,723.998857729137,0.0,0,0,0,0,57020.55116020547,0.0,222887.17810566165,0.0,2404.245957223995,10435019.88223698,0.0,10435019.88223698,2778683.2701402195,0.0,0.0,False,False,0.0,1.1920928955078125e-07,passed
unhedged,2022-11-10,1347954.99325312,10335249.355712317,19181.25450396349,10316068.101208353,10335249.355712317,0.0,11683204.348965436,0.0,0.0,73.8565006442368,0.0,0,0,0,0,127500.0,0.0,21629.712569845608,0.0,1174.7193167256753,0.0,0.0,0.0,1347954.99325312,0.0,0.0,False,False,0.0,1.1920928955078125e-07,passed
duration,2022-11-10,9408098.646371806,3640787.616773718,-35738.16315972035,3676525.779933438,10335249.355712317,6694461.738938599,13048886.263145525,0.0,0.0,515.4840088952333,0.0,0,0,0,0,70395.09825237111,0.0,158744.22693520412,0.0,2009.596223258864,6828350.973717371,0.0,6828350.973717371,2579747.672654435,0.0,0.0,False,False,0.0,1.1920928955078125e-07,passed
unweighted,2022-11-10,12685620.722088886,391566.13097823656,-43934.59220604659,435500.7231842831,10359442.638216743,9967876.507238507,13077186.853067122,0.0,0.0,695.0644195973873,0.0,0,0,0,0,61881.30899120559,0.0,209105.8655607961,0.0,2306.4102741803476,10167234.037383277,0.0,10167234.037383277,2518386.6847056095,0.0,0.0,False,False,0.0,1.1920928955078125e-07,passed
constrained,2022-11-10,13214427.190906094,-43113.07946421392,-46693.307478637485,3580.228014423563,10372637.145399276,10415750.22486349,13171314.11144188,0.0,0.0,724.0385288950056,0.0,0,0,0,0,57020.55116020547,0.0,223611.21663455665,0.0,2404.245957223995,10624065.22936076,0.0,10624065.22936076,2590361.961545335,0.0,0.0,False,False,0.0,1.1920928955078125e-07,passed
unhedged,2022-11-14,1348250.4597272293,10311189.844623195,20576.582392505406,10290613.262230689,10311189.844623195,0.0,11659440.304350425,0.0,0.0,295.4664741093293,0.0,0,0,0,0,127500.0,0.0,21925.179043954937,0.0,1174.7193167256753,0.0,0.0,0.0,1348250.4597272293,0.0,0.0,False,False,0.0,1.1920928955078125e-07,passed
duration,2022-11-14,9410160.864879865,3639375.5103868768,-35570.08482790881,3674945.5952147855,10311189.844623195,6671814.334236318,13049536.375266742,0.0,0.0,2062.218508059159,0.0,0,0,0,0,70395.09825237111,0.0,160806.44544326328,0.0,2009.596223258864,6805250.620921045,0.0,6805250.620921045,2604910.2439588206,0.0,0.0,False,False,0.0,1.1920928955078125e-07,passed
unweighted,2022-11-14,12688401.36064537,390545.5358434765,-44006.99667537923,434552.5325188557,10335267.069207696,9944721.533364221,13078946.896488847,0.0,0.0,2780.638556484133,0.0,0,0,0,0,61881.30899120559,0.0,211886.50411728024,0.0,2306.4102741803476,10143615.964031506,0.0,10143615.964031506,2544785.396613864,0.0,0.0,False,False,0.0,1.1920928955078125e-07,passed
constrained,2022-11-14,13217323.741776869,-43144.98810693699,-46831.43569788461,3686.447590947624,10348402.017820235,10391547.005927172,13174178.753669932,0.0,0.0,2896.550870774314,0.0,0,0,0,0,57020.55116020547,0.0,226507.76750533096,0.0,2404.245957223995,10599377.946045715,0.0,10599377.946045715,2617945.7957311533,0.0,0.0,False,False,0.0,1.1920928955078125e-07,passed
unhedged,2022-11-15,1348324.3364647487,10353622.174928134,20925.414364640885,10332696.760563493,10353622.174928134,0.0,11701946.511392884,0.0,0.0,73.8767375194002,0.0,0,0,0,0,127500.0,0.0,21999.055781474337,0.0,1174.7193167256753,0.0,0.0,0.0,1348324.3364647487,0.0,0.0,False,False,0.0,1.1920928955078125e-07,passed
duration,2022-11-15,9354223.010523139,3694196.896222138,20925.414364640885,3673271.481857497,10353622.174928134,6659425.278705996,13048419.906745277,-56453.47960959681,0.0,515.6252528708428,0.0,0,0,0,0,13941.618642774301,0.0,161322.07069613412,0.0,2009.596223258864,6792613.784280117,0.0,6792613.784280117,2561609.226243022,0.0,0.0,False,False,-6.621121428906918e-10,1.1920928955078125e-07,passed
unweighted,2022-11-15,12651080.4545583,430315.5127407751,-6008.936836563069,436324.4495773382,10377648.061208034,9947332.548467258,13081395.967299076,-38016.16095614933,0.0,695.2548690792173,0.0,0,0,0,0,23865.148035056256,0.0,212581.75898635946,0.0,2306.4102741803476,10146279.199436603,0.0,10146279.199436603,2504801.2551216967,0.0,0.0,False,False,-5.893525667488575e-10,1.1920928955078125e-07,passed
constrained,2022-11-15,13179106.38440696,-4079.5040884720256,-7924.373465427499,3844.869376955473,10390743.740907535,10394823.244996008,13175026.880318487,-38941.5942872689,0.0,724.2369173597544,0.0,0,0,0,0,18078.95687293657,0.0,227232.00442269072,0.0,2404.245957223995,10602719.709895927,0.0,10602719.709895927,2576386.674511032,0.0,0.0,False,False,8.003553375601768e-11,1.1920928955078125e-07,passed
unhedged,2022-11-16,1348398.2172503085,10418581.891374407,21274.24633677636,10397307.64503763,10418581.891374407,0.0,11766980.108624715,0.0,0.0,73.88078555976972,0.0,0,0,0,0,127500.0,0.0,22072.936567034107,0.0,1174.7193167256753,0.0,0.0,0.0,1348398.2172503085,0.0,0.0,False,False,0.0,1.1920928955078125e-07,passed
duration,2022-11-16,9354735.570688099,3682652.0397702456,20962.34865937527,3661689.6911108703,10418581.891374407,6735929.851604163,13037387.610458344,0.0,0.0,512.5601649601012,0.0,0,0,0,0,13941.618642774301,0.0,161834.63086109422,0.0,2009.596223258864,6870648.448636246,0.0,6870648.448636246,2484087.1220518528,0.0,0.0,False,False,0.0,1.1920928955078125e-07,passed
unweighted,2022-11-16,12651773.664446222,432581.8191434088,-6030.462421914143,438612.28156532295,10443140.544192752,10010558.725049343,13084355.48358963,0.0,0.0,693.2098879218102,0.0,0,0,0,0,23865.148035056256,0.0,213274.96887428127,0.0,2306.4102741803476,10210769.89955033,0.0,10210769.89955033,2441003.764895892,0.0,0.0,False,False,0.0,1.1920928955078125e-07,passed
constrained,2022-11-16,13179828.527222544,-3978.056099717911,-7962.413350615871,3984.3572508979605,10456519.871219182,10460497.9273189,13175850.471122826,0.0,0.0,722.1428155843168,0.0,0,0,0,0,18078.95687293657,0.0,227954.14723827504,0.0,2404.245957223995,10669707.885865279,0.0,10669707.885865279,2510120.6413572654,0.0,0.0,False,False,0.0,1.1920928955078125e-07,passed
unhedged,2022-11-17,1348472.1020841305,10367329.898183214,21623.078308911845,10345706.819874302,10367329.898183214,0.0,11715802.000267344,0.0,0.0,73.88483382202685,0.0,0,0,0,0,127500.0,0.0,22146.821400856134,0.0,1174.7193167256753,0.0,0.0,0.0,1348472.1020841305,0.0,0.0,False,False,0.0,1.1920928955078125e-07,passed
duration,2022-11-17,9355248.158938548,3682135.0842067758,20999.28295410967,3661135.801252666,10367329.898183214,6685194.813976438,13037383.243145324,0.0,0.0,512.5882504489273,0.0,0,0,0,0,13941.618642774301,0.0,162347.21911154315,0.0,2009.596223258864,6818898.7102559665,0.0,6818898.7102559665,2536349.448682581,0.0,0.0,False,False,0.0,1.1920928955078125e-07,passed
unweighted,2022-11-17,12652466.912318246,430330.66941046045,-6051.98800726521,436382.65741772566,10391711.033994261,9961380.3645838,13082797.581728706,0.0,0.0,693.2478720247746,0.0,0,0,0,0,23865.148035056256,0.0,213968.21674630605,0.0,2306.4102741803476,10160607.971875476,0.0,10160607.971875476,2491858.9404427707,0.0,0.0,False,False,0.0,1.1920928955078125e-07,passed
constrained,2022-11-17,13180550.709607597,-4208.734144468984,-8000.453235804234,3791.7190913352506,10404998.691934401,10409207.426078869,13176341.975463128,0.0,0.0,722.1823850534856,0.0,0,0,0,0,18078.95687293657,0.0,228676.32962332852,0.0,2404.245957223995,10617391.574600447,0.0,10617391.574600447,2563159.1350071505,0.0,0.0,False,False,0.0,1.1920928955078125e-07,passed
unhedged,2022-11-18,1348545.9909664367,10340057.25213258,21971.91028104732,10318085.341851532,10340057.25213258,0.0,11688603.243099017,0.0,0.0,73.88888230617158,0.0,0,0,0,0,127500.0,0.0,22220.710283162305,0.0,1174.7193167256753,0.0,0.0,0.0,1348545.9909664367,0.0,0.0,False,False,0.0,1.1920928955078125e-07,passed
duration,2022-11-18,9355760.775276026,3680092.4662765646,21036.21724884406,3659056.2490277207,10340057.25213258,6659964.785856014,13035853.241552591,0.0,0.0,512.6163374781609,0.0,0,0,0,0,13941.618642774301,0.0,162859.8354490213,0.0,2009.596223258864,6793164.081573134,0.0,6793164.081573134,2562596.6937028915,0.0,0.0,False,False,0.0,1.1920928955078125e-07,passed
unweighted,2022-11-18,12653160.198176457,429077.73298251815,-6073.513592616279,435151.24657513446,10364332.185471348,9935254.45248883,13082237.931158975,0.0,0.0,693.2858582101762,0.0,0,0,0,0,23865.148035056256,0.0,214661.50260451622,0.0,2306.4102741803476,10133959.541538607,0.0,10133959.541538607,2519200.6566378493,0.0,0.0,False,False,0.0,1.1920928955078125e-07,passed
constrained,2022-11-18,13181272.93156429,-4313.611581536982,-8038.493120992603,3724.8815394556204,10377570.019016564,10381883.6305981,13176959.319982752,0.0,0.0,722.221956692636,0.0,0,0,0,0,18078.95687293657,0.0,229398.55158002116,0.0,2404.245957223995,10589521.303210063,0.0,10589521.303210063,2591751.628354227,0.0,0.0,False,False,0.0,1.1920928955078125e-07,passed
unhedged,2022-11-21,1348767.6819064775,10325324.44859095,23018.40619745376,10302306.042393496,10325324.44859095,0.0,11674092.130497426,0.0,0.0,221.6909400408622,0.0,0,0,0,0,127500.0,0.0,22442.401223203167,0.0,1174.7193167256753,0.0,0.0,0.0,1348767.6819064775,0.0,0.0,False,False,0.0,1.1920928955078125e-07,passed
duration,2022-11-21,9357298.792826012,3693258.507804266,21147.020133047237,3672111.487671219,10325324.44859095,6632065.940786683,13050557.300630279,0.0,0.0,1538.0175499860197,0.0,0,0,0,0,13941.618642774301,0.0,164397.85299900733,0.0,2009.596223258864,6764707.259602417,0.0,6764707.259602417,2592591.5332235945,0.0,0.0,False,False,0.0,1.1920928955078125e-07,passed
unweighted,2022-11-21,12655240.28368901,429879.81259553076,-6138.090348669492,436017.90294420026,10349615.055714857,9919735.243119325,13085120.096284542,0.0,0.0,2080.085512554273,0.0,0,0,0,0,23865.148035056256,0.0,216741.5881170705,0.0,2306.4102741803476,10118129.947981711,0.0,10118129.947981711,2537110.3357072994,0.0,0.0,False,False,0.0,1.1920928955078125e-07,passed
constrained,2022-11-21,13183439.834885875,-3338.805919647283,-8152.612776557708,4813.806856910424,10362858.800339723,10366197.60625937,13180101.028966228,0.0,0.0,2166.9033215846866,0.0,0,0,0,0,18078.95687293657,0.0,231565.45490160584,0.0,2404.245957223995,10573521.558384558,0.0,10573521.558384558,2609918.2765013166,0.0,0.0,False,False,0.0,1.1920928955078125e-07,passed
unhedged,2022-11-22,1348841.5869849382,10369614.40732268,23367.238169589236,10346247.16915309,10369614.40732268,0.0,11718455.994307619,0.0,0.0,73.90507846069522,0.0,0,0,0,0,127500.0,0.0,22516.306301663863,0.0,1174.7193167256753,0.0,0.0,0.0,1348841.5869849382,0.0,0.0,False,False,0.0,1.1920928955078125e-07,passed
duration,2022-11-22,9357811.521526989,3673419.7586098807,21183.954427781628,3652235.804182099,10369614.40732268,6696194.6487128,13031231.280136868,0.0,0.0,512.7287009768188,0.0,0,0,0,0,13941.618642774301,0.0,164910.58169998415,0.0,2009.596223258864,6830118.541687056,0.0,6830118.541687056,2527692.979839932,0.0,0.0,False,False,0.0,1.1920928955078125e-07,passed
unweighted,2022-11-22,12655933.721512778,429986.41265086643,-6159.615934020563,436146.028584887,10394236.363425568,9964249.950774701,13085920.134163644,0.0,0.0,693.4378237668425,0.0,0,0,0,0,23865.148035056256,0.0,217435.02594083734,0.0,2306.4102741803476,10163534.949790195,0.0,10163534.949790195,2492398.771722583,0.0,0.0,False,False,0.0,1.1920928955078125e-07,passed
constrained,2022-11-22,13184162.215150801,-4329.644805377292,-8190.652661746077,3861.007856368785,10407655.632068878,10411985.276874255,13179832.570345424,0.0,0.0,722.3802649267018,0.0,0,0,0,0,18078.95687293657,0.0,232287.83516653255,0.0,2404.245957223995,10620224.98241174,0.0,10620224.98241174,2563937.232739061,0.0,0.0,False,False,0.0,1.1920928955078125e-07,passed
unhedged,2022-11-23,1348915.4961129925,10400970.702858485,23716.07014172472,10377254.63271676,10400970.702858485,0.0,11749886.198971478,0.0,0.0,73.90912805427797,0.0,0,0,0,0,127500.0,0.0,22590.21542971814,0.0,1174.7193167256753,0.0,0.0,0.0,1348915.4961129925,0.0,0.0,False,False,0.0,1.1920928955078125e-07,passed
duration,2022-11-23,9358324.27832269,3669358.7300936,21220.888722516018,3648137.841371084,10400970.702858485,6731611.972764884,13027683.00841629,0.0,0.0,512.7567957006395,0.0,0,0,0,0,13941.618642774301,0.0,165423.3384956848,0.0,2009.596223258864,6866244.212220182,0.0,6866244.212220182,2492080.0661025075,0.0,0.0,False,False,0.0,1.1920928955078125e-07,passed
unweighted,2022-11-23,12656627.197333135,431200.39048116904,-6181.141519371633,437381.5320005407,10425891.064464366,9994690.673983198,13087827.587814303,0.0,0.0,693.47582035698,0.0,0,0,0,0,23865.148035056256,0.0,218128.50176119432,0.0,2306.4102741803476,10194584.487462861,0.0,10194584.487462861,2462042.7098702732,0.0,0.0,False,False,0.0,1.1920928955078125e-07,passed
constrained,2022-11-23,13184884.634998208,-4257.37712576243,-8228.692546934442,3971.315421172012,10439457.812825402,10443715.189951165,13180627.257872446,0.0,0.0,722.4198474064469,0.0,0,0,0,0,18078.95687293657,0.0,233010.255013939,0.0,2404.245957223995,10652589.493750188,0.0,10652589.493750188,2532295.1412480194,0.0,0.0,False,False,0.0,1.1920928955078125e-07,passed
unhedged,2022-11-25,1349063.3265187682,10420171.378115272,24413.73408599568,10395757.644029276,10420171.378115272,0.0,11769234.70463404,0.0,0.0,147.83040577569045,0.0,0,0,0,0,127500.0,0.0,22738.04583549383,0.0,1174.7193167256753,0.0,0.0,0.0,1349063.3265187682,0.0,0.0,False,False,0.0,1.1920928955078125e-07,passed
duration,2022-11-25,9359349.876204418,3670493.153816576,21294.757311984806,3649198.396504591,10420171.378115272,6749678.224298697,13029843.030020993,0.0,0.0,1025.5978817287832,0.0,0,0,0,0,13941.618642774301,0.0,166448.93637741357,0.0,2009.596223258864,6884671.788784671,0.0,6884671.788784671,2474678.0874197474,0.0,0.0,False,False,0.0,1.1920928955078125e-07,passed
unweighted,2022-11-25,12658014.262971956,432095.09821911814,-6224.19269007377,438319.2909091919,10445098.396413963,10013003.298194846,13090109.361191075,0.0,0.0,1387.065638821572,0.0,0,0,0,0,23865.148035056256,0.0,219515.5674000159,0.0,2306.4102741803476,10213263.364158744,0.0,10213263.364158744,2444750.8988132123,0.0,0.0,False,False,0.0,1.1920928955078125e-07,passed
constrained,2022-11-25,13186329.593449138,-4122.494316691627,-8304.772317311179,4182.278000619552,10458670.502418498,10462792.99673519,13182207.099132447,0.0,0.0,1444.958450930193,0.0,0,0,0,0,18078.95687293657,0.0,234455.2134648692,0.0,2404.245957223995,10672048.856669893,0.0,10672048.856669893,2514280.7367792446,0.0,0.0,False,False,0.0,1.1920928955078125e-07,passed
unhedged,2022-11-28,1349285.1025049295,10413784.056403978,25460.230002402113,10388323.826401576,10413784.056403978,0.0,11763069.158908907,0.0,0.0,221.7759861613158,0.0,0,0,0,0,127500.0,0.0,22959.821821655147,0.0,1174.7193167256753,0.0,0.0,0.0,1349285.1025049295,0.0,0.0,False,False,0.0,1.1920928955078125e-07,passed
duration,2022-11-28,9360888.483775927,3671762.82103964,21405.560196187977,3650357.260843452,10413784.056403978,6742021.235364338,13032651.304815566,0.0,0.0,1538.6075715087354,0.0,0,0,0,0,13941.618642774301,0.0,167987.5439489223,0.0,2009.596223258864,6876861.660071625,0.0,6876861.660071625,2484026.8237043014,0.0,0.0,False,False,0.0,1.1920928955078125e-07,passed
unweighted,2022-11-28,12660095.146456692,431836.9420278828,-6288.769446126989,438125.7114740098,10438737.945514495,10006901.003486613,13091932.088484576,0.0,0.0,2080.883484736085,0.0,0,0,0,0,23865.148035056256,0.0,221596.45088475198,0.0,2306.4102741803476,10207039.023556346,0.0,10207039.023556346,2453056.1229003463,0.0,0.0,False,False,0.0,1.1920928955078125e-07,passed
constrained,2022-11-28,13188497.32804836,-4172.159933145351,-8418.89197287629,4246.7320397309395,10452317.860893894,10456490.02082704,13184325.168115214,0.0,0.0,2167.734599221498,0.0,0,0,0,0,18078.95687293657,0.0,236622.94806409068,0.0,2404.245957223995,10665619.82124358,0.0,10665619.82124358,2522877.506804779,0.0,0.0,False,False,0.0,1.1920928955078125e-07,passed
unhedged,2022-11-29,1349359.0359352038,10389464.253493357,25809.061974537595,10363655.191518819,10389464.253493357,0.0,11738823.289428562,0.0,0.0,73.93343027424999,0.0,0,0,0,0,127500.0,0.0,23033.755251929397,0.0,1174.7193167256753,0.0,0.0,0.0,1349359.0359352038,0.0,0.0,False,False,0.0,1.1920928955078125e-07,passed
duration,2022-11-29,9361401.409172298,3676667.7021051124,21442.494490922374,3655225.20761419,10389464.253493357,6712796.551388244,13038069.11127741,0.0,0.0,512.9253963716328,0.0,0,0,0,0,13941.618642774301,0.0,168500.46934529394,0.0,2009.596223258864,6847052.4824160095,0.0,6847052.4824160095,2514348.926756289,0.0,0.0,False,False,0.0,1.1920928955078125e-07,passed
unweighted,2022-11-29,12660788.850300336,430992.8777047313,-6310.295031478054,437303.17273620935,10414180.808306776,9983187.930602044,13091781.728005068,0.0,0.0,693.7038436438888,0.0,0,0,0,0,23865.148035056256,0.0,222290.15472839586,0.0,2306.4102741803476,10182851.689214084,0.0,10182851.689214084,2477937.161086252,0.0,0.0,False,False,0.0,1.1920928955078125e-07,passed
constrained,2022-11-29,13189219.9854362,-4199.3711376965275,-8456.931858064649,4257.560720368121,10427637.213882567,10431836.585020263,13185020.614298502,0.0,0.0,722.6573878396302,0.0,0,0,0,0,18078.95687293657,0.0,237345.6054519303,0.0,2404.245957223995,10640473.316720668,0.0,10640473.316720668,2548746.668715531,0.0,0.0,False,False,0.0,1.1920928955078125e-07,passed
unhedged,2022-11-30,1349432.973416625,10443087.335263375,26157.893946673074,10416929.441316701,10443087.335263375,0.0,11792520.30868,0.0,0.0,73.93748142127879,0.0,0,0,0,0,127500.0,0.0,23107.692733350676,0.0,1174.7193167256753,0.0,0.0,0.0,1349432.973416625,0.0,0.0,False,False,0.0,1.1920928955078125e-07,passed
duration,2022-11-30,9361914.362674171,3681057.3734887904,21479.42878565676,3659577.944703134,10443087.335263375,6762029.961774586,13042971.73616296,0.0,0.0,512.9535018727183,0.0,0,0,0,0,13941.618642774301,0.0,169013.42284716666,0.0,2009.596223258864,6897270.561010078,0.0,6897270.561010078,2464643.8016640935,0.0,0.0,False,False,0.0,1.1920928955078125e-07,passed
unweighted,2022-11-30,12632143.38816812,463017.74576690776,23007.383370196607,440010.36239671113,10467853.945130326,10004836.199363418,13095161.133935029,-29339.203987025736,0.0,693.7418548110873,0.0,0,0,0,0,-5474.05595196948,0.0,222983.89658320695,0.0,2306.4102741803476,10204932.923350686,0.0,10204932.923350686,2427210.4648174345,0.0,0.0,False,False,-8.512870408594608e-10,1.1920928955078125e-07,passed
constrained,2022-11-30,13158517.020678235,27656.34728582311,22930.690000214323,4725.657285608788,10481330.405751007,10453674.058465183,13186173.36796406,-31425.661743467346,0.0,722.6969855036587,0.0,0,0,0,0,-13346.704870530775,0.0,238068.30243743397,0.0,2404.245957223995,10662747.539634487,0.0,10662747.539634487,2495769.4810437486,0.0,0.0,False,False,-3.2741809263825417e-10,1.1920928955078125e-07,passed
unhedged,2022-12-01,1349506.9149494153,10525052.953972345,26506.72591880855,10498546.228053536,10525052.953972345,0.0,11874559.86892176,0.0,0.0,73.9415327901952,0.0,0.0,-0.0,0.0,0,127500.0,0.0,23181.63426614087,0.0,1174.7193167256753,0.0,0.0,0.0,1349506.9149494153,0.0,0.0,False,False,0.0,1.1920928955078125e-07,passed
duration,2022-12-01,9256212.91224631,3785396.785989682,21593.781484588846,3763803.004505093,10525052.953972345,6739656.167982664,13041609.698235992,0.0,0.0,512.9816089142114,0.0,10.620381165561128,-106203.81165561127,106203.81165561127,0,13941.618642774301,0.0,169526.40445608087,0.0,2020.2166044244252,6874449.291342317,0.0,6874449.291342317,2381763.620903992,0.0,0.0,False,False,7.309495231311303e-10,1.1920928955078125e-07,passed
unweighted,2022-12-01,12241805.81617814,857485.9612472448,22976.837284258636,834509.1239629862,10555446.234720038,9697960.273472793,13099291.777425384,0.0,0.0,692.1722404491156,0.0,48.0750383726565,-390981.6691920565,480750.383726565,0,-5474.05595196948,0.0,223676.06882365607,0.0,2354.485312553004,9891919.478942249,0.0,9891919.478942249,2349886.3372358903,0.0,0.0,False,False,-1.3958825206827896e-09,1.1920928955078125e-07,passed
constrained,2022-12-01,13071966.985975502,115183.8034202371,22903.043514168454,92280.75990606865,10559166.219388783,10443982.415968545,13187150.789395738,0.0,0.0,721.0146312713623,0.0,21.52715705316105,-87249.52217695033,215271.5705316105,0,-13346.704870530775,0.0,238789.31706870534,0.0,2425.773114277156,10652862.064287916,0.0,10652862.064287916,2419104.9216875862,0.0,0.0,False,False,-1.0343619294417294e-09,1.1920928955078125e-07,passed
unhedged,2022-12-02,1349580.860533796,10531727.10392435,26855.55789094403,10504871.546033407,10531727.10392435,0.0,11881307.964458147,0.0,0.0,73.94558438076638,0.0,0,0,0,0,127500.0,0.0,23255.579850521637,0.0,1174.7193167256753,0.0,0.0,0.0,1349580.860533796,0.0,0.0,False,False,0.0,1.1920928955078125e-07,passed
duration,2022-12-02,9256720.101994926,3782196.823498588,21635.554429585594,3760561.2690690025,10531727.10392435,6749530.280425763,13038916.925493514,0.0,0.0,507.1897486168891,0.0,0,0,0,0,13941.618642774301,0.0,170033.59420469776,0.0,2020.2166044244252,6884520.886034278,0.0,6884520.886034278,2372199.215960648,0.0,0.0,False,False,0.0,1.1920928955078125e-07,passed
unweighted,2022-12-02,12242476.60005848,857628.8353124431,22959.060252230338,834669.7750602127,10562376.84625532,9704748.010942876,13100105.435370922,0.0,0.0,670.7838803399354,0.0,0,0,0,0,-5474.05595196948,0.0,224346.852703996,0.0,2354.485312553004,9898842.971161734,0.0,9898842.971161734,2343633.628896745,0.0,0.0,False,False,0.0,1.1920928955078125e-07,passed
constrained,2022-12-02,13072683.258139119,115098.44486945572,22864.41969506928,92234.02517438645,10566119.100776028,10451020.655906573,13187781.703008574,0.0,0.0,716.2721636164933,0.0,0,0,0,0,-13346.704870530775,0.0,239505.58923232183,0.0,2425.773114277156,10660041.069024704,0.0,10660041.069024704,2412642.189114414,0.0,0.0,False,False,0.0,1.1920928955078125e-07,passed
unhedged,2022-12-05,1349802.7215987039,10472203.674906963,27902.05380735047,10444301.621099614,10472203.674906963,0.0,11822006.396505667,0.0,0.0,221.86106490786187,0.0,0,0,0,0,127500.0,0.0,23477.4409154295,0.0,1174.7193167256753,0.0,0.0,0.0,1349802.7215987039,0.0,0.0,False,False,0.0,1.1920928955078125e-07,passed
duration,2022-12-05,9258241.837994182,3777287.524845114,21760.87326457584,3755526.651580538,10472203.674906963,6694916.1500618495,13035529.362839296,0.0,0.0,1521.7359992563725,0.0,0,0,0,0,13941.618642774301,0.0,171555.33020395413,0.0,2020.2166044244252,6828814.473063086,0.0,6828814.473063086,2429427.3649310963,0.0,0.0,False,False,0.0,1.1920928955078125e-07,passed
unweighted,2022-12-05,12244489.17223924,854784.970401852,22905.729156145455,831879.2412457066,10502668.138956996,9647883.168555144,13099274.142641092,0.0,0.0,2012.5721807610244,0.0,0,0,0,0,-5474.05595196948,0.0,226359.42488475703,0.0,2354.485312553004,9840840.831926247,0.0,9840840.831926247,2403648.340312993,0.0,0.0,False,False,0.0,1.1920928955078125e-07,passed
constrained,2022-12-05,13074832.310125308,114744.20537071009,22748.54823777177,91995.65713293832,10506397.788908858,10391653.583538149,13189576.515496017,0.0,0.0,2149.051986189559,0.0,0,0,0,0,-13346.704870530775,0.0,241654.6412185114,0.0,2425.773114277156,10599486.655208912,0.0,10599486.655208912,2475345.6549163964,0.0,0.0,False,False,0.0,1.1920928955078125e-07,passed
unhedged,2022-12-06,1349876.6833916684,10519687.195701381,28250.885779485947,10491436.309921896,10519687.195701381,0.0,11869563.87909305,0.0,0.0,73.96179296448827,0.0,0,0,0,0,127500.0,0.0,23551.402708393987,0.0,1174.7193167256753,0.0,0.0,0.0,1349876.6833916684,0.0,0.0,False,False,0.0,1.1920928955078125e-07,passed
duration,2022-12-06,9258749.138916815,3774054.4252218404,21802.646209572584,3752251.779012268,10519687.195701381,6745632.77047954,13032803.564138655,0.0,0.0,507.3009226322174,0.0,0,0,0,0,13941.618642774301,0.0,172062.63112658635,0.0,2020.2166044244252,6880545.425889132,0.0,6880545.425889132,2378203.713027683,0.0,0.0,False,False,0.0,1.1920928955078125e-07,passed
unweighted,2022-12-06,12245160.10315279,856601.7806098977,22887.952124117157,833713.8284857805,10550581.486763615,9693979.706153717,13101761.883762687,0.0,0.0,670.9309135489166,0.0,0,0,0,0,-5474.05595196948,0.0,227030.35579830594,0.0,2354.485312553004,9887859.300276792,0.0,9887859.300276792,2357300.8028759975,0.0,0.0,False,False,0.0,1.1920928955078125e-07,passed
constrained,2022-12-06,13075548.739292987,114808.93353070074,22709.9244186726,92099.00911202814,10554357.782444412,10439548.84891371,13190357.672823688,0.0,0.0,716.4291676785797,0.0,0,0,0,0,-13346.704870530775,0.0,242371.07038618997,0.0,2425.773114277156,10648339.825891985,0.0,10648339.825891985,2427208.913401002,0.0,0.0,False,False,0.0,1.1920928955078125e-07,passed
unhedged,2022-12-07,1349950.6492373336,10576583.32519722,28599.71775162143,10547983.607445598,10576583.32519722,0.0,11926533.974434553,0.0,0.0,73.96584566519596,0.0,0,0,0,0,127500.0,0.0,23625.368554059183,0.0,1174.7193167256753,0.0,0.0,0.0,1349950.6492373336,0.0,0.0,False,False,0.0,1.1920928955078125e-07,passed
duration,2022-12-07,9259256.467636755,3774160.3571834974,21844.419154569336,3752315.938028928,10576583.32519722,6802422.9680137215,13033416.824820252,0.0,0.0,507.32871994003654,0.0,0,0,0,0,13941.618642774301,0.0,172569.95984652638,0.0,2020.2166044244252,6938471.427373996,0.0,6938471.427373996,2320785.0402627587,0.0,0.0,False,False,0.0,1.1920928955078125e-07,passed
unweighted,2022-12-07,12245831.070829675,859075.8208583615,22870.175092088863,836205.6457662727,10607940.244025484,9748864.42316712,13104906.891688036,0.0,0.0,670.967676885426,0.0,0,0,0,0,-5474.05595196948,0.0,227701.32347519137,0.0,2354.485312553004,9943841.711630464,0.0,9943841.711630464,2301989.359199211,0.0,0.0,False,False,0.0,1.1920928955078125e-07,passed
constrained,2022-12-07,13076265.207717057,114913.81862717669,22671.30059957343,92242.51802760326,10611760.876809746,10496847.05818257,13191179.026344234,0.0,0.0,716.4684240706265,0.0,0,0,0,0,-13346.704870530775,0.0,243087.5388102606,0.0,2425.773114277156,10706783.99934622,0.0,10706783.99934622,2369481.2083708365,0.0,0.0,False,False,0.0,1.1920928955078125e-07,passed
unhedged,2022-12-08,1350024.619135922,10533711.094319053,28948.549723756907,10504762.544595296,10533711.094319053,0.0,11883735.713454975,0.0,0.0,73.96989858848974,0.0,0,0,0,0,127500.0,0.0,23699.338452647673,0.0,1174.7193167256753,0.0,0.0,0.0,1350024.619135922,0.0,0.0,False,False,0.0,1.1920928955078125e-07,passed
duration,2022-12-08,9259763.82415553,3775685.580167109,21886.19209956608,3753799.388067543,10533711.094319053,6758025.514151943,13035449.40432264,0.0,0.0,507.3565187752247,0.0,0,0,0,0,13941.618642774301,0.0,173077.3163653016,0.0,2020.2166044244252,6893186.024434982,0.0,6893186.024434982,2366577.799720548,0.0,0.0,False,False,0.0,1.1920928955078125e-07,passed
unweighted,2022-12-08,12246502.075271914,857410.1542261274,22852.398060060565,834557.7561660669,10564891.08072671,9707480.926500581,13103912.229498042,0.0,0.0,671.0044422391802,0.0,0,0,0,0,-5474.05595196948,0.0,228372.32791743055,0.0,2354.485312553004,9901630.545030594,0.0,9901630.545030594,2344871.53024132,0.0,0.0,False,False,0.0,1.1920928955078125e-07,passed
constrained,2022-12-08,13076981.715399675,114691.07942573477,22632.67678047426,92058.40264526052,10568687.749313142,10453996.669887407,13191672.79482541,0.0,0.0,716.5076826177537,0.0,0,0,0,0,-13346.704870530775,0.0,243804.04649287835,0.0,2425.773114277156,10663076.603285154,0.0,10663076.603285154,2413905.1121145207,0.0,0.0,False,False,0.0,1.1920928955078125e-07,passed
unhedged,2022-12-09,1350098.5930876557,10501937.004309386,29297.38169589238,10472639.622613493,10501937.004309386,0.0,11852035.597397042,0.0,0.0,73.97395173367113,0.0,0,0,0,0,127500.0,0.0,23773.312404381344,0.0,1174.7193167256753,0.0,0.0,0.0,1350098.5930876557,0.0,0.0,False,False,0.0,1.1920928955078125e-07,passed
duration,2022-12-09,9260271.208474662,3782440.509392331,21927.965044562825,3760512.544347768,10501937.004309386,6719496.494917055,13042711.717866993,0.0,0.0,507.3843191321939,0.0,0,0,0,0,13941.618642774301,0.0,173584.7006844338,0.0,2020.2166044244252,6853886.424815396,0.0,6853886.424815396,2406384.7836592663,0.0,0.0,False,False,0.0,1.1920928955078125e-07,passed
unweighted,2022-12-09,12247173.116481518,856518.8053668188,22834.621028032267,833684.1843387865,10532609.676745372,9676090.871378554,13103691.921848338,0.0,0.0,671.0412096045911,0.0,0,0,0,0,-5474.05595196948,0.0,229043.36912703514,0.0,2354.485312553004,9869612.688806126,0.0,9869612.688806126,2377560.4276753925,0.0,0.0,False,False,0.0,1.1920928955078125e-07,passed
constrained,2022-12-09,13077698.262342986,114836.81179618146,22594.052961375084,92242.75883480637,10536354.506239073,10421517.694442892,13192535.074139167,0.0,0.0,716.5469433106482,0.0,0,0,0,0,-13346.704870530775,0.0,244520.593436189,0.0,2425.773114277156,10629948.04833175,0.0,10629948.04833175,2447750.214011235,0.0,0.0,False,False,0.0,1.1920928955078125e-07,passed
unhedged,2022-12-12,1350320.539263948,10484258.746809518,30343.877612298824,10453914.86919722,10484258.746809518,0.0,11834579.286073467,0.0,0.0,221.94617629237473,0.0,0,0,0,0,127500.0,0.0,23995.25858067372,0.0,1174.7193167256753,0.0,0.0,0.0,1350320.539263948,0.0,0.0,False,False,0.0,1.1920928955078125e-07,passed
duration,2022-12-12,9261793.528249435,3780381.813815534,22053.28387955307,3758328.529935981,10484258.746809518,6703876.932993984,13042175.34206497,0.0,0.0,1522.3197747729719,0.0,0,0,0,0,13941.618642774301,0.0,175107.02045920677,0.0,2020.2166044244252,6837954.471653864,0.0,6837954.471653864,2423839.0565955713,0.0,0.0,False,False,0.0,1.1920928955078125e-07,passed
unweighted,2022-12-12,12249186.460734677,855705.84372633,22781.28993194738,832924.5537943826,10514912.42279728,9659206.57907095,13104892.304461006,0.0,0.0,2013.3442531581968,0.0,0,0,0,0,-5474.05595196948,0.0,231056.71338019334,0.0,2354.485312553004,9852390.71065237,0.0,9852390.71065237,2396795.7500823066,0.0,0.0,False,False,0.0,1.1920928955078125e-07,passed
constrained,2022-12-12,13079848.138758598,114757.33965253732,22478.181504077576,92279.15814845974,10518656.262429697,10403898.92277716,13194605.478411134,0.0,0.0,2149.876415612176,0.0,0,0,0,0,-13346.704870530775,0.0,246670.46985180117,0.0,2425.773114277156,10611976.901232703,0.0,10611976.901232703,2467871.2375258952,0.0,0.0,False,False,0.0,1.1920928955078125e-07,passed
unhedged,2022-12-13,1350394.529430483,10559557.20243665,30692.7095844343,10528864.492852217,10559557.20243665,0.0,11909951.731867133,0.0,0.0,73.99016653490253,0.0,0,0,0,0,127500.0,0.0,24069.24874720862,0.0,1174.7193167256753,0.0,0.0,0.0,1350394.529430483,0.0,0.0,False,False,0.0,1.1920928955078125e-07,passed
duration,2022-12-13,9262301.023785232,3783476.129263973,22095.056824549814,3761381.072439423,10559557.20243665,6776081.073172677,13045777.153049204,0.0,0.0,507.4955357965082,0.0,0,0,0,0,13941.618642774301,0.0,175614.51599500328,0.0,2020.2166044244252,6911602.694636131,0.0,6911602.694636131,2350698.329149101,0.0,0.0,False,False,0.0,1.1920928955078125e-07,passed
unweighted,2022-12-13,12249857.649033897,859064.8698878983,22763.512899919082,836301.3569879793,10590576.08462658,9731511.214738682,13108922.518921794,0.0,0.0,671.1882992200553,0.0,0,0,0,0,-5474.05595196948,0.0,231727.9016794134,0.0,2354.485312553004,9926141.439033456,0.0,9926141.439033456,2323716.2100004405,0.0,0.0,False,False,0.0,1.1920928955078125e-07,passed
constrained,2022-12-13,13080564.842766201,115017.87751476753,22439.5576849784,92578.31982978914,10594362.885034043,10479345.007519277,13195582.72028097,0.0,0.0,716.7040076032281,0.0,0,0,0,0,-13346.704870530775,0.0,247387.1738594044,0.0,2425.773114277156,10688931.907669663,0.0,10688931.907669663,2391632.9350965377,0.0,0.0,False,False,0.0,1.1920928955078125e-07,passed
unhedged,2022-12-14,1350468.5236512742,10569794.650448173,31041.541556569784,10538753.108891603,10569794.650448173,0.0,11920263.174099447,0.0,0.0,73.99422079115175,0.0,0,0,0,0,127500.0,0.0,24143.242967999773,0.0,1174.7193167256753,0.0,0.0,0.0,1350468.5236512742,0.0,0.0,False,False,0.0,1.1920928955078125e-07,passed
duration,2022-12-14,9262808.547129001,3783549.1742882193,22136.829769546566,3761412.3445186727,10569794.650448173,6786245.476159954,13046357.72141722,0.0,0.0,507.52334376983345,0.0,0,0,0,0,13941.618642774301,0.0,176122.03933877312,0.0,2020.2166044244252,6921970.385683154,0.0,6921970.385683154,2340838.1614458477,0.0,0.0,False,False,0.0,1.1920928955078125e-07,passed
unweighted,2022-12-14,12250528.874110559,859544.2572551296,22745.73586789079,836798.5213872389,10600853.6212959,9741309.36404077,13110073.131365689,0.0,0.0,671.2250766623765,0.0,0,0,0,0,-5474.05595196948,0.0,232399.12675607577,0.0,2354.485312553004,9936135.551321585,0.0,9936135.551321585,2314393.3227889743,0.0,0.0,False,False,0.0,1.1920928955078125e-07,passed
constrained,2022-12-14,13081281.58604526,115110.7506123745,22400.933865879237,92709.81674649526,10604644.14044628,10489533.389833905,13196392.336657634,0.0,0.0,716.7432790584862,0.0,0,0,0,0,-13346.704870530775,0.0,248103.9171384629,0.0,2425.773114277156,10699324.057630584,0.0,10699324.057630584,2381957.528414676,0.0,0.0,False,False,0.0,1.1920928955078125e-07,passed
unhedged,2022-12-15,1350542.5219265425,10587931.533259813,31390.37352870526,10556541.159731107,10587931.533259813,0.0,11938474.055186355,0.0,0.0,73.99827526835725,0.0,0,0,0,0,127500.0,0.0,24217.24124326813,0.0,1174.7193167256753,0.0,0.0,0.0,1350542.5219265425,0.0,0.0,False,False,0.0,1.1920928955078125e-07,passed
duration,2022-12-15,9263316.09828227,3777668.1773577128,22178.60271454331,3755489.5746431695,10587931.533259813,6810263.3559021,13040984.275639983,0.0,0.0,507.5511532686651,0.0,0,0,0,0,13941.618642774301,0.0,176629.59049204178,0.0,2020.2166044244252,6946468.623020142,0.0,6946468.623020142,2316847.475262128,0.0,0.0,False,False,0.0,1.1920928955078125e-07,passed
unweighted,2022-12-15,12251200.135966675,859898.4612639055,22727.95883586249,837170.502428043,10619238.652338317,9759340.19107441,13111098.597230582,0.0,0.0,671.2618561163545,0.0,0,0,0,0,-5474.05595196948,0.0,233070.38861219212,0.0,2354.485312553004,9954526.9948959,0.0,9954526.9948959,2296673.1410707757,0.0,0.0,False,False,0.0,1.1920928955078125e-07,passed
constrained,2022-12-15,13081998.368597921,115071.97615670052,22362.31004678006,92709.66610992045,10623062.382617945,10507990.406461244,13197070.344754621,0.0,0.0,716.7825526613742,0.0,0,0,0,0,-13346.704870530775,0.0,248820.69969112426,0.0,2425.773114277156,10718150.21459047,0.0,10718150.21459047,2363848.1540074516,0.0,0.0,False,False,0.0,1.1920928955078125e-07,passed
unhedged,2022-12-16,1350616.5242565114,10580603.25707685,31739.20550084074,10548864.051576009,10580603.25707685,0.0,11931219.78133336,0.0,0.0,74.00232996884733,0.0,0,0,0,0,127500.0,0.0,24291.243573236978,0.0,1174.7193167256753,0.0,0.0,0.0,1350616.5242565114,0.0,0.0,False,False,0.0,1.1920928955078125e-07,passed
duration,2022-12-16,9263823.67724656,3788808.0596895255,22220.375659540063,3766587.684029985,10580603.25707685,6791795.197387325,13052631.736936085,0.0,0.0,507.5789642892778,0.0,0,0,0,0,13941.618642774301,0.0,177137.16945633106,0.0,2020.2166044244252,6927631.101335071,0.0,6927631.101335071,2336192.5759114884,0.0,0.0,False,False,0.0,1.1920928955078125e-07,passed
unweighted,2022-12-16,12251871.434604263,860400.6033099915,22710.181803834195,837690.4215061574,10611604.986461425,9751204.383151434,13112272.037914254,0.0,0.0,671.2986375875771,0.0,0,0,0,0,-5474.05595196948,0.0,233741.6872497797,0.0,2354.485312553004,9946228.470814463,0.0,9946228.470814463,2305642.9637898,0.0,0.0,False,False,0.0,1.1920928955078125e-07,passed
constrained,2022-12-16,13082715.190426338,115221.79622155106,22323.686227680893,92898.10999387017,10615387.070881823,10500165.274660273,13197936.986647889,0.0,0.0,716.82182841748,0.0,0,0,0,0,-13346.704870530775,0.0,249537.52151954174,0.0,2425.773114277156,10710168.580153478,0.0,10710168.580153478,2372546.61027286,0.0,0.0,False,False,0.0,1.1920928955078125e-07,passed
unhedged,2022-12-19,1350838.5555768395,10533751.531912621,32785.701417247175,10500965.830495374,10533751.531912621,0.0,11884590.08748946,0.0,0.0,222.03132032812573,0.0,0,0,0,0,127500.0,0.0,24513.274893565103,0.0,1174.7193167256753,0.0,0.0,0.0,1350838.5555768395,0.0,0.0,False,False,0.0,1.1920928955078125e-07,passed
duration,2022-12-19,9265346.581020802,3792167.5049505886,22345.694494530304,3769821.8104560585,10533751.531912621,6741584.026962033,13057514.08597139,0.0,0.0,1522.9037742428482,0.0,0,0,0,0,13941.618642774301,0.0,178660.0732305739,0.0,2020.2166044244252,6876415.707501274,0.0,6876415.707501274,2388930.8735195287,0.0,0.0,False,False,0.0,1.1920928955078125e-07,passed
unweighted,2022-12-19,12253885.551226012,858668.4640200386,22656.85070774931,836011.6133122894,10564390.586457167,9705722.122437129,13112554.01524605,0.0,0.0,2014.1166217494756,0.0,0,0,0,0,-5474.05595196948,0.0,235755.80387152918,0.0,2354.485312553004,9899836.564885871,0.0,9899836.564885871,2354048.986340141,0.0,0.0,False,False,0.0,1.1920928955078125e-07,passed
constrained,2022-12-19,13084865.89158765,115112.1950302158,22207.814770383382,92904.38025983241,10568136.802895453,10453024.607865239,13199978.086617867,0.0,0.0,2150.7011613119394,0.0,0,0,0,0,-13346.704870530775,0.0,251688.22268085368,0.0,2425.773114277156,10662085.100022543,0.0,10662085.100022543,2422780.791565107,0.0,0.0,False,False,0.0,1.1920928955078125e-07,passed
unhedged,2022-12-20,1350912.5741278299,10479637.780795695,33134.53338938266,10446503.247406313,10479637.780795695,0.0,11830550.354923526,0.0,0.0,74.01855099038221,0.0,0,0,0,0,127500.0,0.0,24587.293444555486,0.0,1174.7193167256753,0.0,0.0,0.0,1350912.5741278299,0.0,0.0,False,False,0.0,1.1920928955078125e-07,passed
duration,2022-12-20,9265854.271244422,3802647.9722306835,22387.467439527056,3780260.5047911564,10479637.780795695,6676989.808565011,13068502.243475106,0.0,0.0,507.69022361934185,0.0,0,0,0,0,13941.618642774301,0.0,179167.76345419325,0.0,2020.2166044244252,6810529.604736311,0.0,6810529.604736311,2455324.6665081102,0.0,0.0,False,False,0.0,1.1920928955078125e-07,passed
unweighted,2022-12-20,12254556.997009642,857097.558188382,22639.073675721014,834458.4845126609,10509706.218930293,9652608.66074191,13111654.555198025,0.0,0.0,671.4457836300135,0.0,0,0,0,0,-5474.05595196948,0.0,236427.2496551592,0.0,2354.485312553004,9845660.833956748,0.0,9845660.833956748,2408896.163052894,0.0,0.0,False,False,0.0,1.1920928955078125e-07,passed
constrained,2022-12-20,13085582.870540615,115079.85300203234,22169.19095128421,92910.66205074813,10513387.201754613,10398307.34875258,13200662.723542647,0.0,0.0,716.9789529647678,0.0,0,0,0,0,-13346.704870530775,0.0,252405.20163381845,0.0,2425.773114277156,10606273.495727632,0.0,10606273.495727632,2479309.374812983,0.0,0.0,False,False,0.0,1.1920928955078125e-07,passed
unhedged,2022-12-21,1350986.5967346316,10483374.198033547,33483.36536151813,10449890.83267203,10483374.198033547,0.0,11834360.794768179,0.0,0.0,74.0226068017073,0.0,0,0,0,0,127500.0,0.0,24661.316051357193,0.0,1174.7193167256753,0.0,0.0,0.0,1350986.5967346316,0.0,0.0,False,False,0.0,1.1920928955078125e-07,passed
duration,2022-12-21,9266361.98928668,3807617.2693127845,22429.240384523797,3785188.028928261,10483374.198033547,6675756.928720763,13073979.258599464,0.0,0.0,507.7180422581732,0.0,0,0,0,0,13941.618642774301,0.0,179675.48149645142,0.0,2020.2166044244252,6809272.067295179,0.0,6809272.067295179,2457089.921991501,0.0,0.0,False,False,0.0,1.1920928955078125e-07,passed
unweighted,2022-12-21,12255228.479584819,857549.9029322,22621.296643692713,834928.6062885072,10513468.62042741,9655918.71749521,13112778.38251702,0.0,0.0,671.4825751762837,0.0,0,0,0,0,-5474.05595196948,0.0,237098.73223033547,0.0,2354.485312553004,9849037.091845116,0.0,9849037.091845116,2406191.387739703,0.0,0.0,False,False,0.0,1.1920928955078125e-07,passed
constrained,2022-12-21,13086299.888780095,115081.71491347898,22130.56713218504,92951.14778129394,10517154.328665406,10402072.613751927,13201381.603693573,0.0,0.0,717.018239479512,0.0,0,0,0,0,-13346.704870530775,0.0,253122.21987329796,0.0,2425.773114277156,10610114.066026967,0.0,10610114.066026967,2476185.8227531277,0.0,0.0,False,False,0.0,1.1920928955078125e-07,passed
unhedged,2022-12-22,1351060.6233974663,10486509.85322788,33832.19733365362,10452677.655894225,10486509.85322788,0.0,11837570.476625346,0.0,0.0,74.02666283468716,0.0,0,0,0,0,127500.0,0.0,24735.34271419188,0.0,1174.7193167256753,0.0,0.0,0.0,1351060.6233974663,0.0,0.0,False,False,0.0,1.1920928955078125e-07,passed
duration,2022-12-22,9266869.735149108,3801343.9114633137,22471.01332952055,3778872.8981337934,10486509.85322788,6685165.941764566,13068213.64661242,0.0,0.0,507.7458624280989,0.0,0,0,0,0,13941.618642774301,0.0,180183.22735887952,0.0,2020.2166044244252,6818869.260599857,0.0,6818869.260599857,2448000.4745492507,0.0,0.0,False,False,0.0,1.1920928955078125e-07,passed
unweighted,2022-12-22,12255899.998953566,857317.9614501474,22603.519611664422,834714.441838483,10516685.31006567,9659367.348615523,13113217.960403714,0.0,0.0,671.5193687472492,0.0,0,0,0,0,-5474.05595196948,0.0,237770.25159908272,0.0,2354.485312553004,9852554.695587834,0.0,9852554.695587834,2403345.3033657316,0.0,0.0,False,False,0.0,1.1920928955078125e-07,passed
constrained,2022-12-22,13087016.94630825,115037.49163986964,22091.94331308587,92945.54832678377,10520380.269185774,10405342.777545905,13202054.437948119,0.0,0.0,717.0575281549245,0.0,0,0,0,0,-13346.704870530775,0.0,253839.27740145288,0.0,2425.773114277156,10613449.633096823,0.0,10613449.633096823,2473567.313211426,0.0,0.0,False,False,0.0,1.1920928955078125e-07,passed
unhedged,2022-12-23,1351134.6541165567,10449746.21879755,34181.029305789096,10415565.18949176,10449746.21879755,0.0,11800880.872914106,0.0,0.0,74.03071909048595,0.0,0,0,0,0,127500.0,0.0,24809.373433282366,0.0,1174.7193167256753,0.0,0.0,0.0,1351134.6541165567,0.0,0.0,False,False,0.0,1.1920928955078125e-07,passed
duration,2022-12-23,9267377.508833226,3804064.4613736905,22512.786274517293,3781551.675099173,10449746.21879755,6645681.757423858,13071441.970206916,0.0,0.0,507.77368411794305,0.0,0,0,0,0,13941.618642774301,0.0,180691.00104299746,0.0,2020.2166044244252,6778595.392572336,0.0,6778595.392572336,2488782.11626089,0.0,0.0,False,False,0.0,1.1920928955078125e-07,passed
unweighted,2022-12-23,12256571.555117892,855967.1117457933,22585.742579636124,833381.3691661571,10479536.813037068,9623569.701291274,13112538.666863685,0.0,0.0,671.5561643261462,0.0,0,0,0,0,-5474.05595196948,0.0,238441.80776340887,0.0,2354.485312553004,9816041.0953171,0.0,9816041.0953171,2440530.459800793,0.0,0.0,False,False,0.0,1.1920928955078125e-07,passed
constrained,2022-12-23,13087734.043127226,115071.50489145693,22053.3194939867,93018.18539747024,10483191.917239256,10368120.4123478,13202805.548018683,0.0,0.0,717.0968189761043,0.0,0,0,0,0,-13346.704870530775,0.0,254556.374220429,0.0,2425.773114277156,10575482.820594756,0.0,10575482.820594756,2512251.22253247,0.0,0.0,False,False,0.0,1.1920928955078125e-07,passed
unhedged,2022-12-27,1351430.8175599186,10401563.434434481,35576.35719433101,10365987.07724015,10401563.434434481,0.0,11752994.2519944,0.0,0.0,296.16344336187467,0.0,0,0,0,0,127500.0,0.0,25105.53687664424,0.0,1174.7193167256753,0.0,0.0,0.0,1351430.8175599186,0.0,0.0,False,False,0.0,1.1920928955078125e-07,passed
duration,2022-12-27,9269408.881817102,3809020.4003960313,22679.878054504286,3786340.522341527,10401563.434434481,6592543.03403845,13078429.282213133,0.0,0.0,2031.3729838766158,0.0,0,0,0,0,13941.618642774301,0.0,182722.37402687408,0.0,2020.2166044244252,6724393.894719219,0.0,6724393.894719219,2545014.9870978836,0.0,0.0,False,False,0.0,1.1920928955078125e-07,passed
unweighted,2022-12-27,12259258.147771347,854353.3009307872,22514.63445152294,831838.6664792643,10430909.911390094,9576556.610459305,13113611.448702134,0.0,0.0,2686.5926534552127,0.0,0,0,0,0,-5474.05595196948,0.0,241128.40041686408,0.0,2354.485312553004,9768087.74266849,0.0,9768087.74266849,2491170.4051028565,0.0,0.0,False,False,0.0,1.1920928955078125e-07,passed
constrained,2022-12-27,13090602.823354429,115073.33133124787,21898.824217590016,93174.50711365786,10434517.38841435,10319444.0570831,13205676.154685676,0.0,0.0,2868.780227202922,0.0,0,0,0,0,-13346.704870530775,0.0,257425.1544476319,0.0,2425.773114277156,10525832.938224763,0.0,10525832.938224763,2564769.885129666,0.0,0.0,False,False,0.0,1.1920928955078125e-07,passed
unhedged,2022-12-28,1351504.8685636206,10386862.186705645,35925.189166466494,10350936.99753918,10386862.186705645,0.0,11738367.055269266,0.0,0.0,74.05100370198488,0.0,0,0,0,0,127500.0,0.0,25179.587880346226,0.0,1174.7193167256753,0.0,0.0,0.0,1351504.8685636206,0.0,0.0,False,False,0.0,1.1920928955078125e-07,passed
duration,2022-12-28,9269916.794632545,3813330.0481313635,22721.650999501035,3790608.3971318626,10386862.186705645,6573532.138574282,13083246.842763908,0.0,0.0,507.9128154423088,0.0,0,0,0,0,13941.618642774301,0.0,183230.2868423164,0.0,2020.2166044244252,6705002.781345768,0.0,6705002.781345768,2564914.013286777,0.0,0.0,False,False,0.0,1.1920928955078125e-07,passed
unweighted,2022-12-28,12259929.887943828,854046.159166806,22496.857419494645,831549.3017473114,10416026.766137134,9561980.606970329,13113976.047110634,0.0,0.0,671.7401724811643,0.0,0,0,0,0,-5474.05595196948,0.0,241800.14058934525,0.0,2354.485312553004,9753220.219109736,0.0,9753220.219109736,2506709.668834092,0.0,0.0,False,False,0.0,1.1920928955078125e-07,passed
constrained,2022-12-28,13091320.11665982,115088.27847027694,21860.200398490848,93228.07807178609,10419612.539514696,10304524.26104442,13206408.395130098,0.0,0.0,717.2933053914458,0.0,0,0,0,0,-13346.704870530775,0.0,258142.44775302336,0.0,2425.773114277156,10510614.746265309,0.0,10510614.746265309,2580705.370394511,0.0,0.0,False,False,0.0,1.1920928955078125e-07,passed
unhedged,2022-12-29,1351578.923624912,10405770.212333692,36274.021138601966,10369496.19119509,10405770.212333692,0.0,11757349.135958605,0.0,0.0,74.0550612914376,0.0,0,0,0,0,127500.0,0.0,25253.642941637663,0.0,1174.7193167256753,0.0,0.0,0.0,1351578.923624912,0.0,0.0,False,False,0.0,1.1920928955078125e-07,passed
duration,2022-12-29,9270424.735278826,3808854.2782450244,22763.42394449778,3786090.8543005264,10405770.212333692,6596915.934088668,13079279.01352385,0.0,0.0,507.9406462814659,0.0,0,0,0,0,13941.618642774301,0.0,183738.22748859785,0.0,2020.2166044244252,6728854.252770442,0.0,6728854.252770442,2541570.4825083846,0.0,0.0,False,False,0.0,1.1920928955078125e-07,passed
unweighted,2022-12-29,12260601.664923988,854600.163581664,22479.080387466347,832121.0831941976,10435146.427573651,9580546.263991987,13115201.828505652,0.0,0.0,671.7769801598042,0.0,0,0,0,0,-5474.05595196948,0.0,242471.91756950505,0.0,2354.485312553004,9772157.189271828,0.0,9772157.189271828,2488444.47565216,0.0,0.0,False,False,0.0,1.1920928955078125e-07,passed
constrained,2022-12-29,13092037.44926895,115145.4652551105,21821.576579391673,93323.88867571883,10438755.432792695,10323609.967537586,13207182.91452406,0.0,0.0,717.3326091300696,0.0,0,0,0,0,-13346.704870530775,0.0,258859.78036215343,0.0,2425.773114277156,10530082.166888338,0.0,10530082.166888338,2561955.2823806126,0.0,0.0,False,False,0.0,1.1920928955078125e-07,passed
unhedged,2022-12-30,1351652.9827440148,10381128.789404817,36622.85311073745,10344505.936294079,10381128.789404817,0.0,11732781.772148833,0.0,0.0,74.05911910277791,0.0,0,0,0,0,127500.0,0.0,25327.70206074044,0.0,1174.7193167256753,0.0,0.0,0.0,1351652.9827440148,0.0,0.0,False,False,0.0,1.1920928955078125e-07,passed
duration,2022-12-30,9270932.703757472,3807926.210220448,22805.19688949453,3785121.0133309537,10381128.789404817,6573202.579184368,13078858.913977921,0.0,0.0,507.96847864612937,0.0,0,0,0,0,13941.618642774301,0.0,184246.19596724398,0.0,2020.2166044244252,6704666.630768056,0.0,6704666.630768056,2566266.0729894163,0.0,0.0,False,False,0.0,1.1920928955078125e-07,passed
unweighted,2022-12-30,12261273.478713848,853585.805185,22461.303355438056,831124.5018295619,10410295.49755774,9556709.692372741,13114859.283898847,0.0,0.0,671.8137898594141,0.0,0,0,0,0,-5474.05595196948,0.0,243143.73135936446,0.0,2354.485312553004,9747843.886220196,0.0,9747843.886220196,2513429.5924936514,0.0,0.0,False,False,0.0,1.1920928955078125e-07,passed
constrained,2022-12-30,13092754.82118398,115208.53213950279,21782.952760292508,93425.57937921028,10413879.597966759,10298671.065827256,13207963.353323482,0.0,0.0,717.3719150293618,0.0,0,0,0,0,-13346.704870530775,0.0,259577.1522771828,0.0,2425.773114277156,10504644.487143802,0.0,10504644.487143802,2588110.334040178,0.0,0.0,False,False,0.0,1.1920928955078125e-07,passed
