date,comparisons,max_absolute_error_bps,status
2000-01-03,30,4.954370247389761e-11,pass
2000-01-04,30,4.676814491233472e-11,pass
2000-01-05,30,4.8433479449272454e-11,pass
2000-01-06,30,4.8155923693116165e-11,pass
2000-01-07,30,4.9682480351975755e-11,pass
2000-01-10,30,4.9960036108132044e-11,pass
2000-01-11,30,5.037636974236648e-11,pass
2000-01-12,30,4.7878367936959876e-11,pass
2000-01-13,30,4.954370247389761e-11,pass
2000-01-14,30,4.871103520542874e-11,pass
2000-01-18,30,4.9682480351975755e-11,pass
2000-01-19,30,4.912736883966318e-11,pass
2000-01-20,30,4.9682480351975755e-11,pass
2000-01-21,30,4.954370247389761e-11,pass
2000-01-24,30,4.9682480351975755e-11,pass
2000-01-25,30,4.8433479449272454e-11,pass
2000-01-26,30,4.704570066849101e-11,pass
2000-01-27,30,4.926614671774132e-11,pass
2000-01-28,30,4.898859096158503e-11,pass
2000-01-31,30,4.8433479449272454e-11,pass
2000-02-01,30,4.9404924595819466e-11,pass
2000-02-02,30,4.711508960753008e-11,pass
2000-02-03,30,4.9057979900624105e-11,pass
2000-02-04,30,4.926614671774132e-11,pass
2000-02-07,30,4.884981308350689e-11,pass
2000-02-08,30,4.8155923693116165e-11,pass
2000-02-09,30,4.9960036108132044e-11,pass
2000-02-10,30,4.5380366131553274e-11,pass
2000-02-11,30,4.9682480351975755e-11,pass
2000-02-14,30,4.829470157119431e-11,pass
2000-02-15,30,4.9404924595819466e-11,pass
2000-02-16,30,4.85722573273506e-11,pass
2000-02-17,30,4.593547764386585e-11,pass
2000-02-18,30,5.037636974236648e-11,pass
2000-02-22,30,4.926614671774132e-11,pass
2000-02-23,30,4.954370247389761e-11,pass
2000-02-24,30,4.98212582300539e-11,pass
2000-02-25,30,4.98212582300539e-11,pass
2000-02-28,30,4.891920202254596e-11,pass
2000-02-29,30,4.9682480351975755e-11,pass
2000-03-01,30,4.85722573273506e-11,pass
2000-03-02,30,4.6351811278100286e-11,pass
2000-03-03,30,4.98212582300539e-11,pass
2000-03-06,30,4.85722573273506e-11,pass
2000-03-07,30,4.3576253716537394e-11,pass
2000-03-08,30,4.746203430272544e-11,pass
2000-03-09,30,5.037636974236648e-11,pass
2000-03-10,30,4.773959005888173e-11,pass
2000-03-13,30,4.274358644806853e-11,pass
2000-03-14,30,4.8780424144467815e-11,pass
2000-03-15,30,4.85722573273506e-11,pass
2000-03-16,30,4.9960036108132044e-11,pass
2000-03-17,30,4.7878367936959876e-11,pass
2000-03-20,30,4.954370247389761e-11,pass
2000-03-21,30,4.808653475407709e-11,pass
2000-03-22,30,4.8155923693116165e-11,pass
2000-03-23,30,4.579669976578771e-11,pass
2000-03-24,30,4.6906922790412864e-11,pass
2000-03-27,30,4.884981308350689e-11,pass
2000-03-28,30,4.704570066849101e-11,pass
2000-03-29,30,4.9682480351975755e-11,pass
2000-03-30,30,4.794775687599895e-11,pass
2000-03-31,30,4.8502868388311526e-11,pass
2000-04-03,30,4.919675777870225e-11,pass
2000-04-04,30,4.9057979900624105e-11,pass
2000-04-05,30,4.4200754167889045e-11,pass
2000-04-06,30,4.6906922790412864e-11,pass
2000-04-07,30,4.9335535656780394e-11,pass
2000-04-10,30,4.954370247389761e-11,pass
2000-04-11,30,4.912736883966318e-11,pass
2000-04-12,30,4.9960036108132044e-11,pass
2000-04-13,30,4.5380366131553274e-11,pass
2000-04-14,30,4.6282422339061213e-11,pass
2000-04-17,30,4.9404924595819466e-11,pass
2000-04-18,30,4.8780424144467815e-11,pass
2000-04-19,30,4.989064716909297e-11,pass
2000-04-20,30,4.399258735077183e-11,pass
2000-04-24,30,4.669875597329565e-11,pass
2000-04-25,30,4.739264536368637e-11,pass
2000-04-26,30,4.191091917959966e-11,pass
2000-04-27,30,4.718447854656915e-11,pass
2000-04-28,30,4.773959005888173e-11,pass
2000-05-01,30,4.954370247389761e-11,pass
2000-05-02,30,4.218847493575595e-11,pass
2000-05-03,30,4.8433479449272454e-11,pass
2000-05-04,30,4.746203430272544e-11,pass
2000-05-05,30,4.73232564246473e-11,pass
2000-05-08,30,4.9960036108132044e-11,pass
2000-05-09,30,4.794775687599895e-11,pass
2000-05-10,30,4.8433479449272454e-11,pass
2000-05-11,30,4.829470157119431e-11,pass
2000-05-12,30,4.98212582300539e-11,pass
2000-05-15,30,4.85722573273506e-11,pass
2000-05-16,30,4.871103520542874e-11,pass
2000-05-17,30,4.288236432614667e-11,pass
2000-05-18,30,4.746203430272544e-11,pass
2000-05-19,30,4.9404924595819466e-11,pass
2000-05-22,30,4.98212582300539e-11,pass
2000-05-23,30,4.676814491233472e-11,pass
2000-05-24,30,5.051514762044462e-11,pass
2000-05-25,30,4.9960036108132044e-11,pass
2000-05-26,30,4.440892098500626e-11,pass
2000-05-30,30,4.7531423241764514e-11,pass
2000-05-31,30,4.98212582300539e-11,pass
2000-06-01,30,4.7878367936959876e-11,pass
2000-06-02,30,4.3298697960381105e-11,pass
2000-06-05,30,4.773959005888173e-11,pass
2000-06-06,30,4.9335535656780394e-11,pass
2000-06-07,30,4.496403249731884e-11,pass
2000-06-08,30,4.98212582300539e-11,pass
2000-06-09,30,4.8433479449272454e-11,pass
2000-06-12,30,4.6976311729451936e-11,pass
2000-06-13,30,4.898859096158503e-11,pass
2000-06-14,30,4.829470157119431e-11,pass
2000-06-15,30,5.0237591864288333e-11,pass
2000-06-16,30,4.975186929101483e-11,pass
2000-06-19,30,4.475586568020162e-11,pass
2000-06-20,30,4.9057979900624105e-11,pass
2000-06-21,30,4.8780424144467815e-11,pass
2000-06-22,30,4.767020111984266e-11,pass
2000-06-23,30,4.9682480351975755e-11,pass
2000-06-26,30,4.9404924595819466e-11,pass
2000-06-27,30,4.7253867485608225e-11,pass
2000-06-28,30,4.9682480351975755e-11,pass
2000-06-29,30,4.864164626638967e-11,pass
2000-06-30,30,4.961309141293668e-11,pass
2000-07-03,30,4.9682480351975755e-11,pass
2000-07-05,30,4.676814491233472e-11,pass
2000-07-06,30,4.9960036108132044e-11,pass
2000-07-07,30,5.0029425047171117e-11,pass
2000-07-10,30,4.649058915617843e-11,pass
2000-07-11,30,4.565792188770956e-11,pass
2000-07-12,30,4.829470157119431e-11,pass
2000-07-13,30,4.864164626638967e-11,pass
2000-07-14,30,4.8502868388311526e-11,pass
2000-07-17,30,5.0237591864288333e-11,pass
2000-07-18,30,4.6351811278100286e-11,pass
2000-07-19,30,5.009881398621019e-11,pass
2000-07-20,30,4.9057979900624105e-11,pass
2000-07-21,30,4.7600812180803587e-11,pass
2000-07-24,30,4.73232564246473e-11,pass
2000-07-25,30,4.6906922790412864e-11,pass
2000-07-26,30,4.884981308350689e-11,pass
2000-07-27,30,4.975186929101483e-11,pass
2000-07-28,30,4.794775687599895e-11,pass
2000-07-31,30,4.954370247389761e-11,pass
2000-08-01,30,4.767020111984266e-11,pass
2000-08-02,30,4.829470157119431e-11,pass
2000-08-03,30,4.947431353485854e-11,pass
2000-08-04,30,4.954370247389761e-11,pass
2000-08-07,30,4.822531263215524e-11,pass
2000-08-08,30,4.7600812180803587e-11,pass
2000-08-09,30,4.7253867485608225e-11,pass
2000-08-10,30,4.975186929101483e-11,pass
2000-08-11,30,5.0029425047171117e-11,pass
2000-08-14,30,4.704570066849101e-11,pass
2000-08-15,30,4.8502868388311526e-11,pass
2000-08-16,30,4.9335535656780394e-11,pass
2000-08-17,30,4.98212582300539e-11,pass
2000-08-18,30,4.642120021713936e-11,pass
2000-08-21,30,4.954370247389761e-11,pass
2000-08-22,30,4.711508960753008e-11,pass
2000-08-23,30,4.73232564246473e-11,pass
2000-08-24,30,4.7600812180803587e-11,pass
2000-08-25,30,4.919675777870225e-11,pass
2000-08-28,30,4.6074255521943996e-11,pass
2000-08-29,30,4.822531263215524e-11,pass
2000-08-30,30,4.954370247389761e-11,pass
2000-08-31,30,4.9404924595819466e-11,pass
2000-09-01,30,4.9057979900624105e-11,pass
2000-09-05,30,4.98212582300539e-11,pass
2000-09-06,30,5.037636974236648e-11,pass
2000-09-07,30,4.9682480351975755e-11,pass
2000-09-08,30,4.3298697960381105e-11,pass
2000-09-11,30,4.975186929101483e-11,pass
2000-09-12,30,4.891920202254596e-11,pass
2000-09-13,30,4.98212582300539e-11,pass
2000-09-14,30,4.926614671774132e-11,pass
2000-09-15,30,5.0584536559483695e-11,pass
2000-09-18,30,4.912736883966318e-11,pass
2000-09-19,30,4.891920202254596e-11,pass
2000-09-20,30,4.9682480351975755e-11,pass
2000-09-21,30,4.961309141293668e-11,pass
2000-09-22,30,4.884981308350689e-11,pass
2000-09-25,30,4.6282422339061213e-11,pass
2000-09-26,30,4.919675777870225e-11,pass
2000-09-27,30,4.989064716909297e-11,pass
2000-09-28,30,4.822531263215524e-11,pass
2000-09-29,30,4.884981308350689e-11,pass
2000-10-02,30,4.989064716909297e-11,pass
2000-10-03,30,4.6074255521943996e-11,pass
2000-10-04,30,4.85722573273506e-11,pass
2000-10-05,30,4.9682480351975755e-11,pass
2000-10-06,30,4.871103520542874e-11,pass
2000-10-10,30,4.912736883966318e-11,pass
2000-10-11,30,4.989064716909297e-11,pass
2000-10-12,30,4.961309141293668e-11,pass
2000-10-13,30,4.9960036108132044e-11,pass
2000-10-16,30,4.947431353485854e-11,pass
2000-10-17,30,4.926614671774132e-11,pass
2000-10-18,30,4.975186929101483e-11,pass
2000-10-19,30,4.891920202254596e-11,pass
2000-10-20,30,4.947431353485854e-11,pass
2000-10-23,30,4.794775687599895e-11,pass
2000-10-24,30,4.836409051023338e-11,pass
2000-10-25,30,4.9057979900624105e-11,pass
2000-10-26,30,4.9335535656780394e-11,pass
2000-10-27,30,4.864164626638967e-11,pass
2000-10-30,30,5.0029425047171117e-11,pass
2000-10-31,30,4.6629367034256575e-11,pass
2000-11-01,30,4.891920202254596e-11,pass
2000-11-02,30,4.7531423241764514e-11,pass
2000-11-03,30,4.836409051023338e-11,pass
2000-11-06,30,4.919675777870225e-11,pass
2000-11-07,30,4.85722573273506e-11,pass
2000-11-08,30,4.891920202254596e-11,pass
2000-11-09,30,4.8780424144467815e-11,pass
2000-11-10,30,4.947431353485854e-11,pass
2000-11-13,30,4.871103520542874e-11,pass
2000-11-14,30,4.739264536368637e-11,pass
2000-11-15,30,4.8502868388311526e-11,pass
2000-11-16,30,4.822531263215524e-11,pass
2000-11-17,30,4.989064716909297e-11,pass
2000-11-20,30,4.739264536368637e-11,pass
2000-11-21,30,4.912736883966318e-11,pass
2000-11-22,30,4.975186929101483e-11,pass
2000-11-24,30,5.072331443756184e-11,pass
2000-11-27,30,4.85722573273506e-11,pass
2000-11-28,30,4.642120021713936e-11,pass
2000-11-29,30,4.9682480351975755e-11,pass
2000-11-30,30,4.9682480351975755e-11,pass
2000-12-01,30,4.954370247389761e-11,pass
2000-12-04,30,4.614364446098307e-11,pass
2000-12-05,30,4.829470157119431e-11,pass
2000-12-06,30,4.808653475407709e-11,pass
2000-12-07,30,4.801714581503802e-11,pass
2000-12-08,30,4.73232564246473e-11,pass
2000-12-11,30,4.871103520542874e-11,pass
2000-12-12,30,5.0029425047171117e-11,pass
2000-12-13,30,4.8155923693116165e-11,pass
2000-12-14,30,4.822531263215524e-11,pass
2000-12-15,30,4.669875597329565e-11,pass
2000-12-18,30,4.6004866582904924e-11,pass
2000-12-19,30,4.9057979900624105e-11,pass
2000-12-20,30,4.7253867485608225e-11,pass
2000-12-21,30,5.0584536559483695e-11,pass
2000-12-22,30,4.891920202254596e-11,pass
2000-12-26,30,5.0029425047171117e-11,pass
2000-12-27,30,4.829470157119431e-11,pass
2000-12-28,30,5.016820292524926e-11,pass
2000-12-29,30,4.315992008230296e-11,pass
2001-01-02,30,4.9057979900624105e-11,pass
2001-01-03,30,4.6351811278100286e-11,pass
2001-01-04,30,4.3576253716537394e-11,pass
2001-01-05,30,4.836409051023338e-11,pass
2001-01-08,30,4.8780424144467815e-11,pass
2001-01-09,30,4.8502868388311526e-11,pass
2001-01-10,30,5.051514762044462e-11,pass
2001-01-11,30,4.8780424144467815e-11,pass
2001-01-12,30,4.871103520542874e-11,pass
2001-01-16,30,4.912736883966318e-11,pass
2001-01-17,30,4.801714581503802e-11,pass
2001-01-18,30,4.7878367936959876e-11,pass
2001-01-19,30,4.954370247389761e-11,pass
2001-01-22,30,4.975186929101483e-11,pass
2001-01-23,30,4.884981308350689e-11,pass
2001-01-24,30,4.9682480351975755e-11,pass
2001-01-25,30,4.884981308350689e-11,pass
2001-01-26,30,4.975186929101483e-11,pass
2001-01-29,30,4.98212582300539e-11,pass
2001-01-30,30,4.711508960753008e-11,pass
2001-01-31,30,4.8433479449272454e-11,pass
2001-02-01,30,4.8433479449272454e-11,pass
2001-02-02,30,4.8155923693116165e-11,pass
2001-02-05,30,4.9335535656780394e-11,pass
2001-02-06,30,4.891920202254596e-11,pass
2001-02-07,30,4.579669976578771e-11,pass
2001-02-08,30,4.7253867485608225e-11,pass
2001-02-09,30,4.739264536368637e-11,pass
2001-02-12,30,4.864164626638967e-11,pass
2001-02-13,30,4.9404924595819466e-11,pass
2001-02-14,30,0.005003201740266805,pass
2001-02-15,30,4.704570066849101e-11,pass
2001-02-16,30,4.864164626638967e-11,pass
2001-02-20,30,5.0306980803327406e-11,pass
2001-02-21,30,4.919675777870225e-11,pass
2001-02-22,30,4.8155923693116165e-11,pass
2001-02-23,30,4.891920202254596e-11,pass
2001-02-26,30,4.808653475407709e-11,pass
2001-02-27,30,4.85722573273506e-11,pass
2001-02-28,30,5.037636974236648e-11,pass
2001-03-01,30,4.649058915617843e-11,pass
2001-03-02,30,4.989064716909297e-11,pass
2001-03-05,30,4.7878367936959876e-11,pass
2001-03-06,30,4.926614671774132e-11,pass
2001-03-07,30,5.0306980803327406e-11,pass
2001-03-08,30,4.683753385137379e-11,pass
2001-03-09,30,4.7600812180803587e-11,pass
2001-03-12,30,4.947431353485854e-11,pass
2001-03-13,30,4.8780424144467815e-11,pass
2001-03-14,30,4.961309141293668e-11,pass
2001-03-15,30,4.961309141293668e-11,pass
2001-03-16,30,4.9057979900624105e-11,pass
2001-03-19,30,4.85722573273506e-11,pass
2001-03-20,30,5.044575868140555e-11,pass
2001-03-21,30,4.9404924595819466e-11,pass
2001-03-22,30,4.898859096158503e-11,pass
2001-03-23,30,4.947431353485854e-11,pass
2001-03-26,30,4.6282422339061213e-11,pass
2001-03-27,30,4.7600812180803587e-11,pass
2001-03-28,30,4.794775687599895e-11,pass
2001-03-29,30,4.989064716909297e-11,pass
2001-03-30,30,4.919675777870225e-11,pass
2001-04-02,30,4.794775687599895e-11,pass
2001-04-03,30,4.794775687599895e-11,pass
2001-04-04,30,4.9057979900624105e-11,pass
2001-04-05,30,5.051514762044462e-11,pass
2001-04-06,30,4.836409051023338e-11,pass
2001-04-09,30,4.8155923693116165e-11,pass
2001-04-10,30,5.127842594987442e-11,pass
2001-04-11,30,4.9960036108132044e-11,pass
2001-04-12,30,4.926614671774132e-11,pass
2001-04-16,30,5.009881398621019e-11,pass
2001-04-17,30,4.884981308350689e-11,pass
2001-04-18,30,4.871103520542874e-11,pass
2001-04-19,30,4.794775687599895e-11,pass
2001-04-20,30,4.98212582300539e-11,pass
2001-04-23,30,4.864164626638967e-11,pass
2001-04-24,30,4.5449755070592346e-11,pass
2001-04-25,30,5.0306980803327406e-11,pass
2001-04-26,30,4.871103520542874e-11,pass
2001-04-27,30,4.9682480351975755e-11,pass
2001-04-30,30,4.98212582300539e-11,pass
2001-05-01,30,4.891920202254596e-11,pass
2001-05-02,30,4.961309141293668e-11,pass
2001-05-03,30,4.9960036108132044e-11,pass
2001-05-04,30,4.98212582300539e-11,pass
2001-05-07,30,4.6351811278100286e-11,pass
2001-05-08,30,4.898859096158503e-11,pass
2001-05-09,30,4.926614671774132e-11,pass
2001-05-10,30,4.836409051023338e-11,pass
2001-05-11,30,5.0029425047171117e-11,pass
2001-05-14,30,4.6629367034256575e-11,pass
2001-05-15,30,4.711508960753008e-11,pass
2001-05-16,30,4.9960036108132044e-11,pass
2001-05-17,30,4.926614671774132e-11,pass
2001-05-18,30,4.8780424144467815e-11,pass
2001-05-21,30,4.871103520542874e-11,pass
2001-05-22,30,4.836409051023338e-11,pass
2001-05-23,30,4.919675777870225e-11,pass
2001-05-24,30,4.85722573273506e-11,pass
2001-05-25,30,4.975186929101483e-11,pass
2001-05-29,30,4.8433479449272454e-11,pass
2001-05-30,30,4.898859096158503e-11,pass
2001-05-31,30,4.9057979900624105e-11,pass
2001-06-01,30,4.912736883966318e-11,pass
2001-06-04,30,4.871103520542874e-11,pass
2001-06-05,30,4.884981308350689e-11,pass
2001-06-06,30,4.919675777870225e-11,pass
2001-06-07,30,4.919675777870225e-11,pass
2001-06-08,30,4.718447854656915e-11,pass
2001-06-11,30,4.98212582300539e-11,pass
2001-06-12,30,4.884981308350689e-11,pass
2001-06-13,30,4.884981308350689e-11,pass
2001-06-14,30,4.836409051023338e-11,pass
2001-06-15,30,4.8433479449272454e-11,pass
2001-06-18,30,4.975186929101483e-11,pass
2001-06-19,30,5.0237591864288333e-11,pass
2001-06-20,30,4.926614671774132e-11,pass
2001-06-21,30,4.475586568020162e-11,pass
2001-06-22,30,4.912736883966318e-11,pass
2001-06-25,30,4.7600812180803587e-11,pass
2001-06-26,30,4.989064716909297e-11,pass
2001-06-27,30,4.739264536368637e-11,pass
2001-06-28,30,4.5727310826748635e-11,pass
2001-06-29,30,5.016820292524926e-11,pass
2001-07-02,30,4.919675777870225e-11,pass
2001-07-03,30,4.891920202254596e-11,pass
2001-07-05,30,5.009881398621019e-11,pass
2001-07-06,30,4.9057979900624105e-11,pass
2001-07-09,30,4.954370247389761e-11,pass
2001-07-10,30,4.676814491233472e-11,pass
2001-07-11,30,4.884981308350689e-11,pass
2001-07-12,30,4.85722573273506e-11,pass
2001-07-13,30,4.3923198411732756e-11,pass
2001-07-16,30,4.891920202254596e-11,pass
2001-07-17,30,4.475586568020162e-11,pass
2001-07-18,30,4.8502868388311526e-11,pass
2001-07-19,30,4.871103520542874e-11,pass
2001-07-20,30,4.98212582300539e-11,pass
2001-07-23,30,4.558853294867049e-11,pass
2001-07-24,30,4.6906922790412864e-11,pass
2001-07-25,30,4.773959005888173e-11,pass
2001-07-26,30,4.871103520542874e-11,pass
2001-07-27,30,4.898859096158503e-11,pass
2001-07-30,30,5.0029425047171117e-11,pass
2001-07-31,30,4.739264536368637e-11,pass
2001-08-01,30,4.975186929101483e-11,pass
2001-08-02,30,4.9335535656780394e-11,pass
2001-08-03,30,4.9404924595819466e-11,pass
2001-08-06,30,4.808653475407709e-11,pass
2001-08-07,30,4.989064716909297e-11,pass
2001-08-08,30,4.864164626638967e-11,pass
2001-08-09,30,4.9960036108132044e-11,pass
2001-08-10,30,5.0237591864288333e-11,pass
2001-08-13,30,0.004796676460541716,pass
2001-08-14,30,0.004902013688579121,pass
2001-08-15,30,0.004224894449775252,pass
2001-08-16,30,0.004922255803507802,pass
2001-08-17,30,0.00486385651907173,pass
2001-08-20,30,0.004363070195412266,pass
2001-08-21,30,0.0049252948867289925,pass
2001-08-22,30,0.004955784942348163,pass
2001-08-23,30,0.004702814973972513,pass
2001-08-24,30,0.004984892446671663,pass
2001-08-27,30,0.004674851815031356,pass
2001-08-28,30,0.004494812022443062,pass
2001-08-29,30,0.004954576268839661,pass
2001-08-30,30,0.00498960626926781,pass
2001-08-31,30,0.004902974734960486,pass
2001-09-04,30,0.004780930550618567,pass
2001-09-05,30,0.004870774412343848,pass
2001-09-06,30,0.004896392823208751,pass
2001-09-07,30,0.004757605755120742,pass
2001-09-10,30,0.004772045238896072,pass
2001-09-13,30,0.004951126709520914,pass
2001-09-14,30,0.004644238374706955,pass
2001-09-17,30,0.004937344294138335,pass
2001-09-18,30,0.0049673787101342515,pass
2001-09-19,30,0.004943965327686151,pass
2001-09-20,30,0.004497676631895486,pass
2001-09-21,30,0.00487861366610387,pass
2001-09-24,30,0.004842652282996407,pass
2001-09-25,30,0.00459000374555818,pass
2001-09-26,30,0.0049711247297745675,pass
2001-09-27,30,0.004657003830968454,pass
2001-09-28,30,0.004965437765402925,pass
2001-10-01,30,0.004972749850368219,pass
2001-10-02,30,0.004696297718209674,pass
2001-10-03,30,0.004851160206112426,pass
2001-10-04,30,0.0046827053920561745,pass
2001-10-05,30,0.004816813619773486,pass
2001-10-09,30,0.00499259800605667,pass
2001-10-10,30,0.004929670434986044,pass
2001-10-11,30,0.004968820950593256,pass
2001-10-12,30,0.004928139294424483,pass
2001-10-15,30,0.004861073432740892,pass
2001-10-16,30,0.0049616665865476195,pass
2001-10-17,30,0.004975544831073431,pass
2001-10-18,30,0.004783363569543786,pass
2001-10-19,30,0.004965445193801099,pass
2001-10-22,30,0.004776103651182861,pass
2001-10-23,30,0.00481607124624972,pass
2001-10-24,30,0.004991272368332078,pass
2001-10-25,30,0.0049454276705718225,pass
2001-10-26,30,0.0048226819214514105,pass
2001-10-29,30,0.004961566264644057,pass
2001-10-30,30,0.004905068490823616,pass
2001-10-31,30,0.004942866391258183,pass
2001-11-01,30,0.004878316713849418,pass
2001-11-02,30,0.004932354674344608,pass
2001-11-05,30,0.004838020609132521,pass
2001-11-06,30,0.004730244759290625,pass
2001-11-07,30,0.004758723090303452,pass
2001-11-08,30,0.004960107984723627,pass
2001-11-09,30,0.004484855967573642,pass
2001-11-13,30,0.0048147964802625065,pass
2001-11-14,30,0.004801382530172926,pass
2001-11-15,30,0.0048931775964433655,pass
2001-11-16,30,0.0046938074897695525,pass
2001-11-19,30,0.004933221890851547,pass
2001-11-20,30,0.004939901820932846,pass
2001-11-21,30,0.004725174288719436,pass
2001-11-23,30,0.004943048215813595,pass
2001-11-26,30,0.004569579913835109,pass
2001-11-27,30,0.004991978938065356,pass
2001-11-28,30,0.004996108535285093,pass
2001-11-29,30,0.004913860071412146,pass
2001-11-30,30,0.004978229133610623,pass
2001-12-03,30,0.004963065598426186,pass
2001-12-04,30,0.004896901370787798,pass
2001-12-05,30,0.004996000768434095,pass
2001-12-06,30,0.004960099192000134,pass
2001-12-07,30,0.0049241894594515,pass
2001-12-10,30,0.004751832267391176,pass
2001-12-11,30,0.004385899497957868,pass
2001-12-12,30,0.004932451575859198,pass
2001-12-13,30,0.0048915664281612425,pass
2001-12-14,30,0.0047869194054472874,pass
2001-12-17,30,0.004897086546967744,pass
2001-12-18,30,0.004952808430394584,pass
2001-12-19,30,0.004580881759266853,pass
2001-12-20,30,0.004914754843515778,pass
2001-12-21,30,0.004687123142249616,pass
2001-12-24,30,0.004983402342936816,pass
2001-12-26,30,0.004779202553567563,pass
2001-12-27,30,0.004844305442064378,pass
2001-12-28,30,0.004910982513428586,pass
2001-12-31,30,0.004996186056260843,pass
2002-01-02,30,0.004922617087635417,pass
2002-01-03,30,0.004996019341979574,pass
2002-01-04,30,0.004675068421139406,pass
2002-01-07,30,0.0046610850189948705,pass
2002-01-08,30,0.00499734454317835,pass
2002-01-09,30,0.004871579864715314,pass
2002-01-10,30,0.0049547798175453295,pass
2002-01-11,30,0.004705778738761657,pass
2002-01-14,30,0.004991747802884916,pass
2002-01-15,30,0.004967315203607825,pass
2002-01-16,30,0.014441995220410009,outside_rounding_tolerance
2002-01-17,30,0.004918243857870985,pass
2002-01-18,30,0.004670366963513417,pass
2002-01-22,30,0.004985340112395598,pass
2002-01-23,30,0.004652396528581626,pass
2002-01-24,30,0.004729854646973175,pass
2002-01-25,30,0.004631800170420974,pass
2002-01-28,30,0.004701299672754677,pass
2002-01-29,30,0.004808770113981509,pass
2002-01-30,30,0.004587441337702836,pass
2002-01-31,30,0.0049800119437948265,pass
2002-02-01,30,0.004988525409560518,pass
2002-02-04,30,0.004933255255343272,pass
2002-02-05,30,0.00493834034005769,pass
2002-02-06,30,0.004892058139555067,pass
2002-02-07,30,0.004944475775897628,pass
2002-02-08,30,0.004712390164265945,pass
2002-02-11,30,0.0046548959430070536,pass
2002-02-12,30,0.004907064258957705,pass
2002-02-13,30,0.004628541558984733,pass
2002-02-14,30,0.004976283066171483,pass
2002-02-15,30,0.004923566520459444,pass
2002-02-19,30,0.004566603066524788,pass
2002-02-20,30,0.004835817355719474,pass
2002-02-21,30,0.004974571370386371,pass
2002-02-22,30,0.004715005054722887,pass
2002-02-25,30,0.0049603207154941265,pass
2002-02-26,30,0.0049640150430463326,pass
2002-02-27,30,0.004789874968463836,pass
2002-02-28,30,0.004884311438566047,pass
2002-03-01,30,0.004901745163654603,pass
2002-03-04,30,0.004986771658319067,pass
2002-03-05,30,0.004902525579039696,pass
2002-03-06,30,0.004887488341612234,pass
2002-03-07,30,0.004925460888038913,pass
2002-03-08,30,0.004947988814785198,pass
2002-03-11,30,0.004865953868102291,pass
2002-03-12,30,0.0048710295202925025,pass
2002-03-13,30,0.0048924429554148,pass
2002-03-14,30,0.004692650905149809,pass
2002-03-15,30,0.004972977871095519,pass
2002-03-18,30,0.0047123517486757915,pass
2002-03-19,30,0.004787645867497525,pass
2002-03-20,30,0.0048319897835713554,pass
2002-03-21,30,0.004987836293504633,pass
2002-03-22,30,0.00460445318352376,pass
2002-03-25,30,0.004583386015999391,pass
2002-03-26,30,0.0047632641722583635,pass
2002-03-27,30,0.004994857904228045,pass
2002-03-28,30,0.004750889375237932,pass
2002-04-01,30,0.004824412010474843,pass
2002-04-02,30,0.004959077762670128,pass
2002-04-03,30,0.0046999774419576035,pass
2002-04-04,30,0.0049200595322873575,pass
2002-04-05,30,0.004756487670259935,pass
2002-04-08,30,0.004999819882486878,pass
2002-04-09,30,0.00475152128601164,pass
2002-04-10,30,0.00498757570868702,pass
2002-04-11,30,0.004932061780302255,pass
2002-04-12,30,0.004841915856833301,pass
2002-04-15,30,0.004997493180114443,pass
2002-04-16,30,0.004898908183698092,pass
2002-04-17,30,0.0047494821758115036,pass
2002-04-18,30,0.004848689846292942,pass
2002-04-19,30,0.004910239590136256,pass
2002-04-22,30,0.004929813748819067,pass
2002-04-23,30,0.0049337545809241545,pass
2002-04-24,30,0.004831063355886789,pass
2002-04-25,30,0.004992952234508796,pass
2002-04-26,30,0.004780150207397971,pass
2002-04-29,30,0.004883209665518251,pass
2002-04-30,30,0.004723503690615138,pass
2002-05-01,30,0.004883546791747961,pass
2002-05-02,30,0.004916856954223503,pass
2002-05-03,30,0.004839763418917897,pass
2002-05-06,30,0.004924060826930199,pass
2002-05-07,30,0.00469857813163721,pass
2002-05-08,30,0.004902449304428069,pass
2002-05-09,30,0.004899464438323786,pass
2002-05-10,30,0.004655160286207161,pass
2002-05-13,30,0.004323997271279967,pass
2002-05-14,30,0.0047836390464767176,pass
2002-05-15,30,0.004845955648077882,pass
2002-05-16,30,0.004867672236605336,pass
2002-05-17,30,0.0048546117472486605,pass
2002-05-20,30,0.0049096532404174775,pass
2002-05-21,30,0.004485809791884843,pass
2002-05-22,30,0.00491889139267454,pass
2002-05-23,30,0.0049549307452184665,pass
2002-05-24,30,0.004947290532103521,pass
2002-05-28,30,0.004832011283456561,pass
2002-05-29,30,0.004907821132202339,pass
2002-05-30,30,0.004989103915345461,pass
2002-05-31,30,0.004906399608262113,pass
2002-06-03,30,0.004549660047106774,pass
2002-06-04,30,0.004886985095313434,pass
2002-06-05,30,0.00478842444071037,pass
2002-06-06,30,0.004634582650812902,pass
2002-06-07,30,0.00496256577796339,pass
2002-06-10,30,0.004779896598597344,pass
2002-06-11,30,0.004678706033572899,pass
2002-06-12,30,0.004980243723182176,pass
2002-06-13,30,0.004801725213207653,pass
2002-06-14,30,0.004805519671011171,pass
2002-06-17,30,0.004971359534935993,pass
2002-06-18,30,0.004877828323757161,pass
2002-06-19,30,0.0048340033161065055,pass
2002-06-20,30,0.004924573479628269,pass
2002-06-21,30,0.0042355356691392565,pass
2002-06-24,30,0.0049880258219670015,pass
2002-06-25,30,0.004758166886192905,pass
2002-06-26,30,0.004670427843529723,pass
2002-06-27,30,0.004717904681234009,pass
2002-06-28,30,0.0049932504301436476,pass
2002-07-01,30,0.004617748050883552,pass
2002-07-02,30,0.00494264911624076,pass
2002-07-03,30,0.004967605914119044,pass
2002-07-05,30,0.004997197145806265,pass
2002-07-08,30,0.0048679617915825535,pass
2002-07-09,30,0.004987053114982598,pass
2002-07-10,30,0.004411746662852378,pass
2002-07-11,30,0.0047567491452682464,pass
2002-07-12,30,0.0049839616429736555,pass
2002-07-15,30,0.004955716024906964,pass
2002-07-16,30,0.0049503628074543116,pass
2002-07-17,30,0.0047084194716023875,pass
2002-07-18,30,0.004952770321087208,pass
2002-07-19,30,0.0049926150473555975,pass
2002-07-22,30,0.0043562959504972465,pass
2002-07-23,30,0.004726982710673289,pass
2002-07-24,30,0.004943638580653942,pass
2002-07-25,30,0.0048715602761484345,pass
2002-07-26,30,0.004838261664225074,pass
2002-07-29,30,0.0049202325137776,pass
2002-07-30,30,0.004976960452027224,pass
2002-07-31,30,0.004996093992265527,pass
2002-08-01,30,0.004942800371846023,pass
2002-08-02,30,0.004819489483887107,pass
2002-08-05,30,0.0046447615077716,pass
2002-08-06,30,0.00498481618746438,pass
2002-08-07,30,0.004566854916593366,pass
2002-08-08,30,0.004918112732135715,pass
2002-08-09,30,0.004798797785532383,pass
2002-08-12,30,0.004723702467790414,pass
2002-08-13,30,0.004942034415589269,pass
2002-08-14,30,0.004982786410492879,pass
2002-08-15,30,0.004807371366266633,pass
2002-08-16,30,0.0049470443366089745,pass
2002-08-19,30,0.004990648638028561,pass
2002-08-20,30,0.0049210884717210135,pass
2002-08-21,30,0.004801184319627727,pass
2002-08-22,30,0.004994016979537053,pass
2002-08-23,30,0.004871640976664149,pass
2002-08-26,30,0.0047194002270739555,pass
2002-08-27,30,0.0047191271158181225,pass
2002-08-28,30,0.0049454404918436445,pass
2002-08-29,30,0.00498493498167496,pass
2002-08-30,30,0.004674137458471339,pass
2002-09-03,30,0.004988431827959716,pass
2002-09-04,30,0.00467681500478101,pass
2002-09-05,30,0.004863814202157868,pass
2002-09-06,30,0.004601302643486571,pass
2002-09-09,30,0.0049240023269198074,pass
2002-09-10,30,0.004742538922408723,pass
2002-09-11,30,0.004996823899927616,pass
2002-09-12,30,0.00491527605853137,pass
2002-09-13,30,0.00490443915486527,pass
2002-09-16,30,0.0048047794834471524,pass
2002-09-17,30,0.004995471010460495,pass
2002-09-18,30,0.0047277396682948725,pass
2002-09-19,30,0.004936695603072194,pass
2002-09-20,30,0.004739150047290697,pass
2002-09-23,30,0.004987389604430015,pass
2002-09-24,30,0.004468213322152137,pass
2002-09-25,30,0.004894492936849404,pass
2002-09-26,30,0.004588854387033159,pass
2002-09-27,30,0.004940583400239729,pass
2002-09-30,30,0.004753241156993382,pass
2002-10-01,30,0.0047411020068222065,pass
2002-10-02,30,0.004824641640921445,pass
2002-10-03,30,0.004910556998180549,pass
2002-10-04,30,0.004998292710070573,pass
2002-10-07,30,0.004693254044285666,pass
2002-10-08,30,0.0049881693306441655,pass
2002-10-09,30,0.004760447392081202,pass
2002-10-10,30,0.00461330450160502,pass
2002-10-11,30,0.004959976371773922,pass
2002-10-15,30,0.004794433316746005,pass
2002-10-16,30,0.004780137471821488,pass
2002-10-17,30,0.0048040976995816775,pass
2002-10-18,30,0.0048880103879767045,pass
2002-10-21,30,0.004221811245735951,pass
2002-10-22,30,0.004968316272141449,pass
2002-10-23,30,0.004848062681722665,pass
2002-10-24,30,0.004883586590467837,pass
2002-10-25,30,0.004691728421671315,pass
2002-10-28,30,0.004797990139290831,pass
2002-10-29,30,0.004821892565093355,pass
2002-10-30,30,0.004280940577167103,pass
2002-10-31,30,0.004986063413744968,pass
2002-11-01,30,0.004933312279520319,pass
2002-11-04,30,0.004807095061870603,pass
2002-11-05,30,0.004715336558089311,pass
2002-11-06,30,0.004905629634663344,pass
2002-11-07,30,0.004707836675221788,pass
2002-11-08,30,0.004862891796048041,pass
2002-11-12,30,0.00492519712992634,pass
2002-11-13,30,0.004986899259859512,pass
2002-11-14,30,0.004821621860454095,pass
2002-11-15,30,0.004669557534635327,pass
2002-11-18,30,0.004946444508366343,pass
2002-11-19,30,0.0047537506376801875,pass
2002-11-20,30,0.004894851650671939,pass
2002-11-21,30,0.004722125249295717,pass
2002-11-22,30,0.004707577727011691,pass
2002-11-25,30,0.004575215029473112,pass
2002-11-26,30,0.003992233823524316,pass
2002-11-27,30,0.004872341998890528,pass
2002-11-29,30,0.004889409046249238,pass
2002-12-02,30,0.004967314975734549,pass
2002-12-03,30,0.004799887986378648,pass
2002-12-04,30,0.004967024640270545,pass
2002-12-05,30,0.004802060553157905,pass
2002-12-06,30,0.004943376789995346,pass
2002-12-09,30,0.004777844518980001,pass
2002-12-10,30,0.004928447911202449,pass
2002-12-11,30,0.004942640565702011,pass
2002-12-12,30,0.004993994557403458,pass
2002-12-13,30,0.004935487831064789,pass
2002-12-16,30,0.004716558309747487,pass
2002-12-17,30,0.004983346659492849,pass
2002-12-18,30,0.004667006330769108,pass
2002-12-19,30,0.004835566436642291,pass
2002-12-20,30,0.004993431802213788,pass
2002-12-23,30,0.004794106619986083,pass
2002-12-24,30,0.0047350551089786475,pass
2002-12-26,30,0.0048400015951674535,pass
2002-12-27,30,0.0048439416665269075,pass
2002-12-30,30,0.004995777358428322,pass
2002-12-31,30,0.004964230217868737,pass
2003-01-02,30,0.00495568475193664,pass
2003-01-03,30,0.004967609565087461,pass
2003-01-06,30,0.0049858934683677525,pass
2003-01-07,30,0.0049733631788534405,pass
2003-01-08,30,0.004995657071626969,pass
2003-01-09,30,0.004973136541047696,pass
2003-01-10,30,0.004938070194901445,pass
2003-01-13,30,0.004783479495909515,pass
2003-01-14,30,0.0049068084760628405,pass
2003-01-15,30,0.004683425161716714,pass
2003-01-16,30,0.00484261179635459,pass
2003-01-17,30,0.004705297787163665,pass
2003-01-21,30,0.004825523893386974,pass
2003-01-22,30,0.0048786681666052045,pass
2003-01-23,30,0.0049464676021848675,pass
2003-01-24,30,0.004800554294151493,pass
2003-01-27,30,0.004349115788476743,pass
2003-01-28,30,0.004957646418876638,pass
2003-01-29,30,0.004831813158190368,pass
2003-01-30,30,0.004776101582351644,pass
2003-01-31,30,0.004844621034824637,pass
2003-02-03,30,0.00489524693551846,pass
2003-02-04,30,0.004584299377399792,pass
2003-02-05,30,0.004863986572054002,pass
2003-02-06,30,0.004981597550371419,pass
2003-02-07,30,0.004865240752563449,pass
2003-02-10,30,0.004844053526839587,pass
2003-02-11,30,0.004899892204618395,pass
2003-02-12,30,0.004337093922023028,pass
2003-02-13,30,0.004913245407536793,pass
2003-02-14,30,0.004993476158642041,pass
2003-02-18,30,0.004786609674733988,pass
2003-02-19,30,0.004868323374915273,pass
2003-02-20,30,0.004729504989864353,pass
2003-02-21,30,0.004916083128914117,pass
2003-02-24,30,0.004704639387578813,pass
2003-02-25,30,0.004989625074156012,pass
2003-02-26,30,0.004940593520755265,pass
2003-02-27,30,0.00479514940525394,pass
2003-02-28,30,0.0047286848037925155,pass
2003-03-03,30,0.004874307820909585,pass
2003-03-04,30,0.004619407138264919,pass
2003-03-05,30,0.004745801154490414,pass
2003-03-06,30,0.004844118683608456,pass
2003-03-07,30,0.00475045281753822,pass
2003-03-10,30,0.004962032395111615,pass
2003-03-11,30,0.004892582025697867,pass
2003-03-12,30,0.004900222182468994,pass
2003-03-13,30,0.004799342243760885,pass
2003-03-14,30,0.004812005723921209,pass
2003-03-17,30,0.004963574550959082,pass
2003-03-18,30,0.004933510306046052,pass
2003-03-19,30,0.004941320570599206,pass
2003-03-20,30,0.004854281664377902,pass
2003-03-21,30,0.004805665394028158,pass
2003-03-24,30,0.004656026241986466,pass
2003-03-25,30,0.004865721274574519,pass
2003-03-26,30,0.004934746276538671,pass
2003-03-27,30,0.004896762990369563,pass
2003-03-28,30,0.004732801507714712,pass
2003-03-31,30,0.004961777860523764,pass
2003-04-01,30,0.004859981385801904,pass
2003-04-02,30,0.00489714898094934,pass
2003-04-03,30,0.0049423963125599935,pass
2003-04-04,30,0.0049656845729079135,pass
2003-04-07,30,0.004980698552863039,pass
2003-04-08,30,0.004987926854396751,pass
2003-04-09,30,0.00496602228471088,pass
2003-04-10,30,0.0048325999996851055,pass
2003-04-11,30,0.0049319382574436466,pass
2003-04-14,30,0.004907190385566862,pass
2003-04-15,30,0.004819204018208234,pass
2003-04-16,30,0.0048883179147932165,pass
2003-04-17,30,0.0049675163248455445,pass
2003-04-21,30,0.004914482514897789,pass
2003-04-22,30,0.004902279666582632,pass
2003-04-23,30,0.004992358495561899,pass
2003-04-24,30,0.004884198077995117,pass
2003-04-25,30,0.004872793181176505,pass
2003-04-28,30,0.004864026871970184,pass
2003-04-29,30,0.004943870049872734,pass
2003-04-30,30,0.0043847563946375345,pass
2003-05-01,30,0.004982202846115502,pass
2003-05-02,30,0.00485669271250988,pass
2003-05-05,30,0.004926763055249778,pass
2003-05-06,30,0.004911383142403025,pass
2003-05-07,30,0.004540396049829143,pass
2003-05-08,30,0.004521306189164687,pass
2003-05-09,30,0.004902438177842305,pass
2003-05-12,30,0.0049426182170686506,pass
2003-05-13,30,0.0048921939355822675,pass
2003-05-14,30,0.00488640438264798,pass
2003-05-15,30,0.004933904897697072,pass
2003-05-16,30,0.004711045618922827,pass
2003-05-19,30,0.004821630666326793,pass
2003-05-20,30,0.008597897040024671,outside_rounding_tolerance
2003-05-21,30,0.012779073572596888,outside_rounding_tolerance
2003-05-22,30,0.004997047855608006,pass
2003-05-23,30,0.004997721363975138,pass
2003-05-27,30,0.004677116857282337,pass
2003-05-28,30,0.004805737273405608,pass
2003-05-29,30,0.004958091039258816,pass
2003-05-30,30,0.004979742809704812,pass
2003-06-02,30,0.004729885680621049,pass
2003-06-03,30,0.004933922287397863,pass
2003-06-04,30,0.0048690930451456005,pass
2003-06-05,30,0.004813860659605429,pass
2003-06-06,30,0.004882070303233177,pass
2003-06-09,30,0.004909959015197973,pass
2003-06-10,30,0.004956020973542752,pass
2003-06-11,30,0.004923371021911538,pass
2003-06-12,30,0.0049843961903023315,pass
2003-06-13,30,0.004741713242467638,pass
2003-06-16,30,0.004997246879287487,pass
2003-06-17,30,0.004943437499072001,pass
2003-06-18,30,0.004817685770874824,pass
2003-06-19,30,0.004966966564920461,pass
2003-06-20,30,0.004886108027762903,pass
2003-06-23,30,0.004996571640741854,pass
2003-06-24,30,0.004886026646749864,pass
2003-06-25,30,0.0048570814550202845,pass
2003-06-26,30,0.00493751466823511,pass
2003-06-27,30,0.00492295211033944,pass
2003-06-30,30,0.00470953598352003,pass
2003-07-01,30,0.004840288033020057,pass
2003-07-02,30,0.004638455430791555,pass
2003-07-03,30,0.004951262597627237,pass
2003-07-07,30,0.00486972969414301,pass
2003-07-08,30,0.004846888088487489,pass
2003-07-09,30,0.004982293946714789,pass
2003-07-10,30,0.004864885964628307,pass
2003-07-11,30,0.004978422273767269,pass
2003-07-14,30,0.004756142027162458,pass
2003-07-15,30,0.0047579103413207535,pass
2003-07-16,30,0.004817951499910822,pass
2003-07-17,30,0.004970705813900356,pass
2003-07-18,30,0.004992752640001208,pass
2003-07-21,30,0.004995907085386664,pass
2003-07-22,30,0.004994668707375416,pass
2003-07-23,30,0.004739377089911512,pass
2003-07-24,30,0.004775016547876182,pass
2003-07-25,30,0.004527256853917305,pass
2003-07-28,30,0.004833378215371442,pass
2003-07-29,30,0.004906536967691499,pass
2003-07-30,30,0.004669947932731122,pass
2003-07-31,30,0.00474202677416824,pass
2003-08-01,30,0.004902419487723408,pass
2003-08-04,30,0.004948640711863184,pass
2003-08-05,30,0.004750537617934092,pass
2003-08-06,30,0.004930076017220508,pass
2003-08-07,30,0.0048713723767301875,pass
2003-08-08,30,0.0049560071395393646,pass
2003-08-11,30,0.0049237511324205785,pass
2003-08-12,30,0.004746226834467793,pass
2003-08-13,30,0.004734914751149122,pass
2003-08-14,30,0.004515776692581852,pass
2003-08-15,30,0.004608479031928403,pass
2003-08-18,30,0.004638678195792445,pass
2003-08-19,30,0.004910940766614247,pass
2003-08-20,30,0.00468930217031871,pass
2003-08-21,30,0.004985004993240949,pass
2003-08-22,30,0.004993424180602113,pass
2003-08-25,30,0.004493998464402682,pass
2003-08-26,30,0.00491020500398287,pass
2003-08-27,30,0.004742755173800517,pass
2003-08-28,30,0.004930335119543439,pass
2003-08-29,30,0.004642330606527412,pass
2003-09-02,30,0.004969826549114376,pass
2003-09-03,30,0.004788987621531793,pass
2003-09-04,30,0.004971806975076487,pass
2003-09-05,30,0.004940105633108316,pass
2003-09-08,30,0.004337288090627833,pass
2003-09-09,30,0.00487607478668467,pass
2003-09-10,30,0.004815911996691735,pass
2003-09-11,30,0.004892881371038049,pass
2003-09-12,30,0.004920066979524629,pass
2003-09-15,30,0.004924621530288942,pass
2003-09-16,30,0.004908628689972994,pass
2003-09-17,30,0.004898880758552604,pass
2003-09-18,30,0.004953453543246611,pass
2003-09-19,30,0.004915668579477672,pass
2003-09-22,30,0.004988728132745979,pass
2003-09-23,30,0.004930557371760069,pass
2003-09-24,30,0.004497382570141373,pass
2003-09-25,30,0.004956923082589937,pass
2003-09-26,30,0.004719533138811127,pass
2003-09-29,30,0.004846880127390429,pass
2003-09-30,30,0.0049698174454937405,pass
2003-10-01,30,0.004969164118726055,pass
2003-10-02,30,0.004953643564682697,pass
2003-10-03,30,0.0048471677260852886,pass
2003-10-06,30,0.004903116954113607,pass
2003-10-07,30,0.004873353112444523,pass
2003-10-08,30,0.004998889332058498,pass
2003-10-09,30,0.004871938708989054,pass
2003-10-10,30,0.004615828855178417,pass
2003-10-14,30,0.004786661841060802,pass
2003-10-15,30,0.004957553499940204,pass
2003-10-16,30,0.0049782785399750396,pass
2003-10-17,30,0.004785995078721017,pass
2003-10-20,30,0.004873930284782224,pass
2003-10-21,30,0.004817617158675569,pass
2003-10-22,30,0.004941093792662499,pass
2003-10-23,30,0.004906466299359202,pass
2003-10-24,30,0.004955823162296202,pass
2003-10-27,30,0.004704954005216311,pass
2003-10-28,30,0.004988328600741276,pass
2003-10-29,30,0.004995642438263004,pass
2003-10-30,30,0.004831430412653714,pass
2003-10-31,30,0.004759431362286182,pass
2003-11-03,30,0.004964824430880865,pass
2003-11-04,30,0.004574759780925919,pass
2003-11-05,30,0.004972773157592425,pass
2003-11-06,30,0.004754743938642503,pass
2003-11-07,30,0.004957006612543724,pass
2003-11-10,30,0.00449214902165096,pass
2003-11-12,30,0.0049135481317019725,pass
2003-11-13,30,0.004991837103986152,pass
2003-11-14,30,0.004904660169113839,pass
2003-11-17,30,0.0049871072190649235,pass
2003-11-18,30,0.004693157845958584,pass
2003-11-19,30,0.004841979119388218,pass
2003-11-20,30,0.00488640022631992,pass
2003-11-21,30,0.004677128055199931,pass
2003-11-24,30,0.004849704921539022,pass
2003-11-25,30,0.004846170155239915,pass
2003-11-26,30,0.004869803116262089,pass
2003-11-28,30,0.004908519626589669,pass
2003-12-01,30,0.004966659083935343,pass
2003-12-02,30,0.0049969778138231336,pass
2003-12-03,30,0.004944865489436845,pass
2003-12-04,30,0.004894656440782019,pass
2003-12-05,30,0.004987226020977675,pass
2003-12-08,30,0.004972370396816306,pass
2003-12-09,30,0.004779299623003386,pass
2003-12-10,30,0.004892451081137117,pass
2003-12-11,30,0.0049296507168700154,pass
2003-12-12,30,0.004910175328623478,pass
2003-12-15,30,0.004953255368991827,pass
2003-12-16,30,0.004696834121978299,pass
2003-12-17,30,0.004539863824662427,pass
2003-12-18,30,0.004859140629101533,pass
2003-12-19,30,0.004660712084741947,pass
2003-12-22,30,0.004358530888703971,pass
2003-12-23,30,0.004645734553165859,pass
2003-12-24,30,0.004606940766788137,pass
2003-12-26,30,0.004983367708696895,pass
2003-12-29,30,0.004861897166114071,pass
2003-12-30,30,0.004495525986331073,pass
2003-12-31,30,0.004546365606414304,pass
2004-01-02,30,0.00488270459689244,pass
2004-01-05,30,0.004817514567059811,pass
2004-01-06,30,0.004708935003872039,pass
2004-01-07,30,0.004892917317630974,pass
2004-01-08,30,0.004586716060156482,pass
2004-01-09,30,0.004749405179051841,pass
2004-01-12,30,0.004532797526837773,pass
2004-01-13,30,0.004960480842683412,pass
2004-01-14,30,0.0048874508787322135,pass
2004-01-15,30,0.004495307905083568,pass
2004-01-16,30,0.004799006164991904,pass
2004-01-20,30,0.0049402291157907285,pass
2004-01-21,30,0.004915617297096553,pass
2004-01-22,30,0.0049634982297874775,pass
2004-01-23,30,0.004668068115387669,pass
2004-01-26,30,0.004878970906799229,pass
2004-01-27,30,0.004595010255764587,pass
2004-01-28,30,0.004948722441416864,pass
2004-01-29,30,0.004657595122359304,pass
2004-01-30,30,0.0049906712429326205,pass
2004-02-02,30,0.004776706199333125,pass
2004-02-03,30,0.004837998552539857,pass
2004-02-04,30,0.004954149415981046,pass
2004-02-05,30,0.004788235939308383,pass
2004-02-06,30,0.004936624461646111,pass
2004-02-09,30,0.004999028628202562,pass
2004-02-10,30,0.004980290650852259,pass
2004-02-11,30,0.004862772408145699,pass
2004-02-12,30,0.004848452574077178,pass
2004-02-13,30,0.0047549789403827925,pass
2004-02-17,30,0.004966898762663596,pass
2004-02-18,30,0.004921390064985265,pass
2004-02-19,30,0.004905148476702648,pass
2004-02-20,30,0.004977606590100825,pass
2004-02-23,30,0.004909238950218109,pass
2004-02-24,30,0.004563495543397078,pass
2004-02-25,30,0.004919054434268655,pass
2004-02-26,30,0.0048484762250194935,pass
2004-02-27,30,0.004910134286037482,pass
2004-03-01,30,0.004903052521071372,pass
2004-03-02,30,0.004969833864096329,pass
2004-03-03,30,0.004910358758353217,pass
2004-03-04,30,0.004830917417764091,pass
2004-03-05,30,0.004992737125605884,pass
2004-03-08,30,0.004996008488369896,pass
2004-03-09,30,0.004524912032566331,pass
2004-03-10,30,0.004992526197386549,pass
2004-03-11,30,0.004536543749197874,pass
2004-03-12,30,0.004987488707169918,pass
2004-03-15,30,0.004758801991633366,pass
2004-03-16,30,0.004436788080958154,pass
2004-03-17,30,0.004820835259877754,pass
2004-03-18,30,0.00499132792916579,pass
2004-03-19,30,0.0048995786251782025,pass
2004-03-22,30,0.004967503142716545,pass
2004-03-23,30,0.004819366463196251,pass
2004-03-24,30,0.004952897037502346,pass
2004-03-25,30,0.004973029758686964,pass
2004-03-26,30,0.004827608871306455,pass
2004-03-29,30,0.00495644784419963,pass
2004-03-30,30,0.0047649139090638615,pass
2004-03-31,30,0.00478755245385265,pass
2004-04-01,30,0.004945411674617262,pass
2004-04-02,30,0.004869517057776163,pass
2004-04-05,30,0.004967326386468018,pass
2004-04-06,30,0.004342455618838725,pass
2004-04-07,30,0.004461473541439442,pass
2004-04-08,30,0.00493107180012109,pass
2004-04-12,30,0.004968883635103616,pass
2004-04-13,30,0.004579204470334108,pass
2004-04-14,30,0.004778383946926756,pass
2004-04-15,30,0.0047637782243231674,pass
2004-04-16,30,0.004935655969900976,pass
2004-04-19,30,0.00493853373563502,pass
2004-04-20,30,0.0048666399467267585,pass
2004-04-21,30,0.004402545464646246,pass
2004-04-22,30,0.004880454325673078,pass
2004-04-23,30,0.0049818587838368344,pass
2004-04-26,30,0.0046815248055248615,pass
2004-04-27,30,0.004985305075491664,pass
2004-04-28,30,0.004728708042529839,pass
2004-04-29,30,0.004900869333621105,pass
2004-04-30,30,0.004815610570793605,pass
2004-05-03,30,0.00485811135784997,pass
2004-05-04,30,0.00499579665046157,pass
2004-05-05,30,0.004920859288798374,pass
2004-05-06,30,0.004812815600982456,pass
2004-05-07,30,0.004831504307814538,pass
2004-05-10,30,0.0049050354859747625,pass
2004-05-11,30,0.004888000310759866,pass
2004-05-12,30,0.004989884925879484,pass
2004-05-13,30,0.004744736397457872,pass
2004-05-14,30,0.004776564182656928,pass
2004-05-17,30,0.0048036916758253945,pass
2004-05-18,30,0.004956374137846109,pass
2004-05-19,30,0.004988276637238331,pass
2004-05-20,30,0.0046358623595477155,pass
2004-05-21,30,0.004831168119792673,pass
2004-05-24,30,0.004879783947267513,pass
2004-05-25,30,0.0049590006155619815,pass
2004-05-26,30,0.0049076860507424325,pass
2004-05-27,30,0.004989967918311855,pass
2004-05-28,30,0.004904390075513576,pass
2004-06-01,30,0.004947095260735002,pass
2004-06-02,30,0.0049985160462118206,pass
2004-06-03,30,0.004947198964308508,pass
2004-06-04,30,0.004842942222943458,pass
2004-06-07,30,0.004924294941879848,pass
2004-06-08,30,0.004746481545719883,pass
2004-06-09,30,0.0049382506955159,pass
2004-06-10,30,0.0049216548799607684,pass
2004-06-14,30,0.004619017692289451,pass
2004-06-15,30,0.004999814728970375,pass
2004-06-16,30,0.00479120083891893,pass
2004-06-17,30,0.00448811726658227,pass
2004-06-18,30,0.004828773880055648,pass
2004-06-21,30,0.00485446822066915,pass
2004-06-22,30,0.004963623732520683,pass
2004-06-23,30,0.004855362513433992,pass
2004-06-24,30,0.004879266273447036,pass
2004-06-25,30,0.00453158765199857,pass
2004-06-28,30,0.004736435230759395,pass
2004-06-29,30,0.004927096541908205,pass
2004-06-30,30,0.004919439873379838,pass
2004-07-01,30,0.004970982432003779,pass
2004-07-02,30,0.004940745669257396,pass
2004-07-06,30,0.0047961280629643666,pass
2004-07-07,30,0.004961840037245868,pass
2004-07-08,30,0.004943236153395758,pass
2004-07-09,30,0.0049151700234201234,pass
2004-07-12,30,0.004668128211829381,pass
2004-07-13,30,0.004896763562967088,pass
2004-07-14,30,0.004867076697154249,pass
2004-07-15,30,0.004339057370142396,pass
2004-07-16,30,0.0047494651988361225,pass
2004-07-19,30,0.0049769964471924055,pass
2004-07-20,30,0.0047168541345010695,pass
2004-07-21,30,0.004962998030808019,pass
2004-07-22,30,0.004305747807326066,pass
2004-07-23,30,0.0049537239298763636,pass
2004-07-26,30,0.00477115823849239,pass
2004-07-27,30,0.0049064677674903745,pass
2004-07-28,30,0.004864836774184922,pass
2004-07-29,30,0.00498549164403006,pass
2004-07-30,30,0.004434885148979495,pass
2004-08-02,30,0.004805845345914883,pass
2004-08-03,30,0.004989229433274844,pass
2004-08-04,30,0.004879061494961201,pass
2004-08-05,30,0.0048416004002488355,pass
2004-08-06,30,0.004750254640611962,pass
2004-08-09,30,0.004742244202951551,pass
2004-08-10,30,0.004827354311565113,pass
2004-08-11,30,0.004992205359724555,pass
2004-08-12,30,0.004930124080509968,pass
2004-08-13,30,0.004531713847580332,pass
2004-08-16,30,0.004985541757762668,pass
2004-08-17,30,0.004339776601761103,pass
2004-08-18,30,0.004888058418514585,pass
2004-08-19,30,0.004949699680331654,pass
2004-08-20,30,0.00445212407891582,pass
2004-08-23,30,0.004889549385378444,pass
2004-08-24,30,0.004852555777132284,pass
2004-08-25,30,0.004967297141320048,pass
2004-08-26,30,0.004607823095165164,pass
2004-08-27,30,0.004932864652099078,pass
2004-08-30,30,0.0049072840892228076,pass
2004-08-31,30,0.004845213063091325,pass
2004-09-01,30,0.004979788395947926,pass
2004-09-02,30,0.004824677873882521,pass
2004-09-03,30,0.00479573555083046,pass
2004-09-07,30,0.00491146944198162,pass
2004-09-08,30,0.004748243366894944,pass
2004-09-09,30,0.004847611735150914,pass
2004-09-10,30,0.0046861722968749575,pass
2004-09-13,30,0.004984844220873308,pass
2004-09-14,30,0.004910856524834029,pass
2004-09-15,30,0.004963021171602855,pass
2004-09-16,30,0.004999202794994662,pass
2004-09-17,30,0.004981987548960398,pass
2004-09-20,30,0.0049723725734085455,pass
2004-09-21,30,0.004961683199855571,pass
2004-09-22,30,0.004944958914981923,pass
2004-09-23,30,0.0046371824139607165,pass
2004-09-24,30,0.004967617091011789,pass
2004-09-27,30,0.004540864932886524,pass
2004-09-28,30,0.00478608845555506,pass
2004-09-29,30,0.004660825237423616,pass
2004-09-30,30,0.004807005826445998,pass
2004-10-01,30,0.004760148607230175,pass
2004-10-04,30,0.004825839570801738,pass
2004-10-05,30,0.004999336311872771,pass
2004-10-06,30,0.0049956519122124066,pass
2004-10-07,30,0.0049677763979544265,pass
2004-10-08,30,0.004999787412418577,pass
2004-10-12,30,0.0046014629796059525,pass
2004-10-13,30,0.004949608723645027,pass
2004-10-14,30,0.004834098813397136,pass
2004-10-15,30,0.00494720036575691,pass
2004-10-18,30,0.004807486502639291,pass
2004-10-19,30,0.004695151313988122,pass
2004-10-20,30,0.004800046452743678,pass
2004-10-21,30,0.004853138700772197,pass
2004-10-22,30,0.004932649889100027,pass
2004-10-25,30,0.004993171807132768,pass
2004-10-26,30,0.004931375291589157,pass
2004-10-27,30,0.004977677349887744,pass
2004-10-28,30,0.004828026479650194,pass
2004-10-29,30,0.004590927219633167,pass
2004-11-01,30,0.004735372733585819,pass
2004-11-02,30,0.004990129902210372,pass
2004-11-03,30,0.004961842145420614,pass
2004-11-04,30,0.00491846831061904,pass
2004-11-05,30,0.004928622975228225,pass
2004-11-08,30,0.004594185590151012,pass
2004-11-09,30,0.004810723333928402,pass
2004-11-10,30,0.004701525419745223,pass
2004-11-12,30,0.004882041872919518,pass
2004-11-15,30,0.004899709245553829,pass
2004-11-16,30,0.004892154564783979,pass
2004-11-17,30,0.004987646811532853,pass
2004-11-18,30,0.004375946429172051,pass
2004-11-19,30,0.004978409731751232,pass
2004-11-22,30,0.004905064007465487,pass
2004-11-23,30,0.004880780085300684,pass
2004-11-24,30,0.004995051739731249,pass
2004-11-26,30,0.00469221532663211,pass
2004-11-29,30,0.004953688698405845,pass
2004-11-30,30,0.004943007464452975,pass
2004-12-01,30,0.004682386736537536,pass
2004-12-02,30,0.0048906754984701095,pass
2004-12-03,30,0.004999502488667318,pass
2004-12-06,30,0.004800585085493192,pass
2004-12-07,30,0.0049553792783041395,pass
2004-12-08,30,0.004959820762776013,pass
2004-12-09,30,0.004980079825397943,pass
2004-12-10,30,0.004832382185099293,pass
2004-12-13,30,0.004933686011884819,pass
2004-12-14,30,0.004475536513545708,pass
2004-12-15,30,0.004905887809950049,pass
2004-12-16,30,0.004853039427266115,pass
2004-12-17,30,0.004988522350445057,pass
2004-12-20,30,0.004896067694465378,pass
2004-12-21,30,0.004879289511316998,pass
2004-12-22,30,0.004762232205524075,pass
2004-12-23,30,0.004667433010016597,pass
2004-12-27,30,0.004937689951078905,pass
2004-12-28,30,0.004877644188203134,pass
2004-12-29,30,0.004983274907652269,pass
2004-12-30,30,0.004926591591833396,pass
2004-12-31,30,0.004956429765154424,pass
2005-01-03,30,0.004930529888258484,pass
2005-01-04,30,0.004874774910054724,pass
2005-01-05,30,0.004776174198362071,pass
2005-01-06,30,0.004914080190196457,pass
2005-01-07,30,0.004720624923945649,pass
2005-01-10,30,0.00497238864693994,pass
2005-01-11,30,0.00490861558039013,pass
2005-01-12,30,0.0049482260090077945,pass
2005-01-13,30,0.0049809889345053815,pass
2005-01-14,30,0.004934258686084547,pass
2005-01-18,30,0.0047583648413868085,pass
2005-01-19,30,0.004989623253182085,pass
2005-01-20,30,0.004920873049665819,pass
2005-01-21,30,0.004776577764153966,pass
2005-01-24,30,0.0049658962993776035,pass
2005-01-25,30,0.004950116687246764,pass
2005-01-26,30,0.004932455886022535,pass
2005-01-27,30,0.0047117922599704265,pass
2005-01-28,30,0.004735055098917251,pass
2005-01-31,30,0.004995734889864933,pass
2005-02-01,30,0.004754014168162346,pass
2005-02-02,30,0.00499569802886457,pass
2005-02-03,30,0.0049908189084929555,pass
2005-02-04,30,0.0048509042226141386,pass
2005-02-07,30,0.004851973875938387,pass
2005-02-08,30,0.0049827426323867385,pass
2005-02-09,30,0.004541821278999936,pass
2005-02-10,30,0.004969731059942251,pass
2005-02-11,30,0.004993215111034899,pass
2005-02-14,30,0.004775258521799719,pass
2005-02-15,30,0.004864268248402914,pass
2005-02-16,30,0.00494651807729507,pass
2005-02-17,30,0.004194559568432288,pass
2005-02-18,30,0.004909977588049563,pass
2005-02-22,30,0.0049778795036675705,pass
2005-02-23,30,0.004971270042217202,pass
2005-02-24,30,0.004910543475525331,pass
2005-02-25,30,0.004887351413365715,pass
2005-02-28,30,0.004825156460844249,pass
2005-03-01,30,0.004869977294971739,pass
2005-03-02,30,0.004979254343770445,pass
2005-03-03,30,0.004847004906743946,pass
2005-03-04,30,0.004780327135731066,pass
2005-03-07,30,0.004825271010186483,pass
2005-03-08,30,0.004980940203000439,pass
2005-03-09,30,0.004635291654675466,pass
2005-03-10,30,0.004894204432906446,pass
2005-03-11,30,0.004784548187503068,pass
2005-03-14,30,0.0049936064449446205,pass
2005-03-15,30,0.004995277560412847,pass
2005-03-16,30,0.0046526167912785965,pass
2005-03-17,30,0.004978073569056329,pass
2005-03-18,30,0.0049648322254791655,pass
2005-03-21,30,0.004478277111086282,pass
2005-03-22,30,0.004874109068991883,pass
2005-03-23,30,0.004683110746556141,pass
2005-03-24,30,0.004880357589373552,pass
2005-03-28,30,0.0048918838253808605,pass
2005-03-29,30,0.004794188123227738,pass
2005-03-30,30,0.004901154218792114,pass
2005-03-31,30,0.004719166041139422,pass
2005-04-01,30,0.004854126586656404,pass
2005-04-04,30,0.004666848926332401,pass
2005-04-05,30,0.004681532889266871,pass
2005-04-06,30,0.004894663912582975,pass
2005-04-07,30,0.004855828270658447,pass
2005-04-08,30,0.0047620353624960865,pass
2005-04-11,30,0.0049160956823446345,pass
2005-04-12,30,0.004739623201965859,pass
2005-04-13,30,0.004796181317240356,pass
2005-04-14,30,0.004970926438530032,pass
2005-04-15,30,0.004967343414513659,pass
2005-04-18,30,0.004847362533311195,pass
2005-04-19,30,0.004819687882753887,pass
2005-04-20,30,0.004888001702493816,pass
2005-04-21,30,0.004925946000128301,pass
2005-04-22,30,0.0048676260808872,pass
2005-04-25,30,0.004967569699892982,pass
2005-04-26,30,0.0049654778958713175,pass
2005-04-27,30,0.004951713535317204,pass
2005-04-28,30,0.004931426883375556,pass
2005-04-29,30,0.004864961232128873,pass
2005-05-02,30,0.004812084959116003,pass
2005-05-03,30,0.004941737747760078,pass
2005-05-04,30,0.004999719024276206,pass
2005-05-05,30,0.004943939080348514,pass
2005-05-06,30,0.0049811013392436765,pass
2005-05-09,30,0.0049869862637358375,pass
2005-05-10,30,0.004293730983193078,pass
2005-05-11,30,0.004935142763687339,pass
2005-05-12,30,0.004971041010909394,pass
2005-05-13,30,0.0042674384841817625,pass
2005-05-16,30,0.004986883915050755,pass
2005-05-17,30,0.004866558341032334,pass
2005-05-18,30,0.004944882170121456,pass
2005-05-19,30,0.004459297674730411,pass
2005-05-20,30,0.004410305373056533,pass
2005-05-23,30,0.004990411681740636,pass
2005-05-24,30,0.004831361299778569,pass
2005-05-25,30,0.004812402356613177,pass
2005-05-26,30,0.004989901736182634,pass
2005-05-27,30,0.004990900858425906,pass
2005-05-31,30,0.004740941931674625,pass
2005-06-01,30,0.0048675972945388946,pass
2005-06-02,30,0.004714398466609815,pass
2005-06-03,30,0.004843354738312544,pass
2005-06-06,30,0.004955668325146156,pass
2005-06-07,30,0.004916425626264043,pass
2005-06-08,30,0.0046350089523417015,pass
2005-06-09,30,0.004716395164278131,pass
2005-06-10,30,0.0036920986167671144,pass
2005-06-13,30,0.004871596252231658,pass
2005-06-14,30,0.00495344414243315,pass
2005-06-15,30,0.004970623854669287,pass
2005-06-16,30,0.004881240681722798,pass
2005-06-17,30,0.004972056535865188,pass
2005-06-20,30,0.00454014538450731,pass
2005-06-21,30,0.004967413343368032,pass
2005-06-22,30,0.0049571158717426345,pass
2005-06-23,30,0.004868273602368078,pass
2005-06-24,30,0.004928917388194454,pass
2005-06-27,30,0.004932892974582326,pass
2005-06-28,30,0.004937284314096568,pass
2005-06-29,30,0.004942431312965345,pass
2005-06-30,30,0.004946026631869049,pass
2005-07-01,30,0.004952526062029783,pass
2005-07-05,30,0.0049474685940437135,pass
2005-07-06,30,0.004723508083628869,pass
2005-07-07,30,0.0049082196600797046,pass
2005-07-08,30,0.004660108206336333,pass
2005-07-11,30,0.004936443609437902,pass
2005-07-12,30,0.004903503989586722,pass
2005-07-13,30,0.004958896997822593,pass
2005-07-14,30,0.004977357031393792,pass
2005-07-15,30,0.004945529171046514,pass
2005-07-18,30,0.004938744208732304,pass
2005-07-19,30,0.00497381506987804,pass
2005-07-20,30,0.0048634215179393925,pass
2005-07-21,30,0.004765254528471541,pass
2005-07-22,30,0.004961846068671227,pass
2005-07-25,30,0.004912376633595117,pass
2005-07-26,30,0.0049936551860946254,pass
2005-07-27,30,0.0049037264350515475,pass
2005-07-28,30,0.004973111081205128,pass
2005-07-29,30,0.004814451806459119,pass
2005-08-01,30,0.004816653954090033,pass
2005-08-02,30,0.004761633174005242,pass
2005-08-03,30,0.0048403619313380775,pass
2005-08-04,30,0.0049849116115496805,pass
2005-08-05,30,0.004849468186948758,pass
2005-08-08,30,0.004794562480439635,pass
2005-08-09,30,0.004962979615122376,pass
2005-08-10,30,0.0049264843847429685,pass
2005-08-11,30,0.0047818703783480965,pass
2005-08-12,30,0.004915997372234582,pass
2005-08-15,30,0.004885024583040076,pass
2005-08-16,30,0.004796452653665906,pass
2005-08-17,30,0.004954200916104656,pass
2005-08-18,30,0.004936193287521928,pass
2005-08-19,30,0.0049538798285037045,pass
2005-08-22,30,0.004848401369272892,pass
2005-08-23,30,0.004879938272014939,pass
2005-08-24,30,0.004622399013484713,pass
2005-08-25,30,0.004525980631733817,pass
2005-08-26,30,0.004718566258277157,pass
2005-08-29,30,0.004985113394515017,pass
2005-08-30,30,0.0049776797015482765,pass
2005-08-31,30,0.004972266615596577,pass
2005-09-01,30,0.004814009928674756,pass
2005-09-02,30,0.0048477793936074765,pass
2005-09-06,30,0.004833346193069965,pass
2005-09-07,30,0.004949599029940854,pass
2005-09-08,30,0.004611461161402319,pass
2005-09-09,30,0.004733588318678317,pass
2005-09-12,30,0.004970730441491988,pass
2005-09-13,30,0.004815875782951395,pass
2005-09-14,30,0.004934777251761058,pass
2005-09-15,30,0.0046755042842905326,pass
2005-09-16,30,0.0048421922631963765,pass
2005-09-19,30,0.004915001796251817,pass
2005-09-20,30,0.004973640675975943,pass
2005-09-21,30,0.00496371457478495,pass
2005-09-22,30,0.00496855194154211,pass
2005-09-23,30,0.004866296013650295,pass
2005-09-26,30,0.004904851770431984,pass
2005-09-27,30,0.004926602987023743,pass
2005-09-28,30,0.004717097286527361,pass
2005-09-29,30,0.004908052706684152,pass
2005-09-30,30,0.004176223915852706,pass
2005-10-03,30,0.004978481811107605,pass
2005-10-04,30,0.004712866752895617,pass
2005-10-05,30,0.004955953850638295,pass
2005-10-06,30,0.004828106962978529,pass
2005-10-07,30,0.004944905523870946,pass
2005-10-11,30,0.004860450332974664,pass
2005-10-12,30,0.004903512219808781,pass
2005-10-13,30,0.004678037129335344,pass
2005-10-14,30,0.004774175435678929,pass
2005-10-17,30,0.004134291786833666,pass
2005-10-18,30,0.004837327577042472,pass
2005-10-19,30,0.004994242743805444,pass
2005-10-20,30,0.004932358584272545,pass
2005-10-21,30,0.004927782562766381,pass
2005-10-24,30,0.004981081959884448,pass
2005-10-25,30,0.0048102021066309675,pass
2005-10-26,30,0.004645280036671973,pass
2005-10-27,30,0.004595877812416105,pass
2005-10-28,30,0.004914527505714417,pass
2005-10-31,30,0.004639082950147477,pass
2005-11-01,30,0.004942177631306333,pass
2005-11-02,30,0.004458648996813475,pass
2005-11-03,30,0.004420446108460707,pass
2005-11-04,30,0.004824273990428063,pass
2005-11-07,30,0.004825770864719248,pass
2005-11-08,30,0.004959862402315052,pass
2005-11-09,30,0.004960224929753676,pass
2005-11-10,30,0.004929476135270838,pass
2005-11-14,30,0.00490586330705034,pass
2005-11-15,30,0.004738806264753537,pass
2005-11-16,30,0.004983402853778185,pass
2005-11-17,30,0.004693362354660224,pass
2005-11-18,30,0.004984029986360161,pass
2005-11-21,30,0.004869862947690096,pass
2005-11-22,30,0.004946918198550643,pass
2005-11-23,30,0.004853497216489311,pass
2005-11-25,30,0.004856564183169931,pass
2005-11-28,30,0.004874886041297821,pass
2005-11-29,30,0.004884077456843161,pass
2005-11-30,30,0.004786918660765194,pass
2005-12-01,30,0.004911472197902111,pass
2005-12-02,30,0.004808997126973247,pass
2005-12-05,30,0.0048430629581708295,pass
2005-12-06,30,0.004799823090650968,pass
2005-12-07,30,0.00498234231531558,pass
2005-12-08,30,0.004936828517237979,pass
2005-12-09,30,0.004852976364100314,pass
2005-12-12,30,0.004747517914419075,pass
2005-12-13,30,0.004755715940080174,pass
2005-12-14,30,0.004712281210308977,pass
2005-12-15,30,0.004975914757177069,pass
2005-12-16,30,0.004786969016873366,pass
2005-12-19,30,0.004985156709588767,pass
2005-12-20,30,0.004821965564824615,pass
2005-12-21,30,0.004671129468156177,pass
2005-12-22,30,0.004622847464066937,pass
2005-12-23,30,0.004494839044438814,pass
2005-12-27,30,0.004915401470503844,pass
2005-12-28,30,0.004724095181637966,pass
2005-12-29,30,0.004662496152704754,pass
2005-12-30,30,0.004918679703397322,pass
2006-01-03,30,0.004861266400812969,pass
2006-01-04,30,0.00492936063072047,pass
2006-01-05,30,0.0048162877187840625,pass
2006-01-06,30,0.004885977570381894,pass
2006-01-09,30,0.004957648371203827,pass
2006-01-10,30,0.004763136385380062,pass
2006-01-11,30,0.004823359153263707,pass
2006-01-12,30,0.0046361399964889305,pass
2006-01-13,30,0.004935563628488682,pass
2006-01-17,30,0.004957438485969634,pass
2006-01-18,30,0.004997639728790415,pass
2006-01-19,30,0.004930671417130439,pass
2006-01-20,30,0.004733788569188935,pass
2006-01-23,30,0.0045680120588920126,pass
2006-01-24,30,0.0048022917752132965,pass
2006-01-25,30,0.0049650110243992795,pass
2006-01-26,30,0.004904039767189561,pass
2006-01-27,30,0.0047769112573176065,pass
2006-01-30,30,0.004958988581993395,pass
2006-01-31,30,0.004892823042418337,pass
2006-02-01,30,0.004712491672650976,pass
2006-02-02,30,0.004847356332021713,pass
2006-02-03,30,0.004981994918690225,pass
2006-02-06,30,0.004873007065295254,pass
2006-02-07,30,0.00497420042877561,pass
2006-02-08,30,0.0049216156011028245,pass
2006-02-09,30,0.004732285019543037,pass
2006-02-10,30,0.004762284259787752,pass
2006-02-13,30,0.004734713945631075,pass
2006-02-14,30,0.004955096179481977,pass
2006-02-15,30,0.004772851465578709,pass
2006-02-16,30,0.0049247521462236765,pass
2006-02-17,30,0.004806286821659733,pass
2006-02-21,30,0.004988624965757138,pass
2006-02-22,30,0.00490433416835967,pass
2006-02-23,30,0.004976176750381978,pass
2006-02-24,30,0.004410768324816794,pass
2006-02-27,30,0.004965294604850068,pass
2006-02-28,30,0.0046224795535732,pass
2006-03-01,30,0.004576347576723538,pass
2006-03-02,30,0.0045000513472504,pass
2006-03-03,30,0.00478291986266699,pass
2006-03-06,30,0.004935685544577018,pass
2006-03-07,30,0.004886141577523095,pass
2006-03-08,30,0.0049375496166681465,pass
2006-03-09,30,0.004917379257673993,pass
2006-03-10,30,0.00499093889466673,pass
2006-03-13,30,0.004976083579147361,pass
2006-03-14,30,0.004979158128443073,pass
2006-03-15,30,0.004423220646213033,pass
2006-03-16,30,0.004956814184803315,pass
2006-03-17,30,0.004818720149291078,pass
2006-03-20,30,0.004948019606473841,pass
2006-03-21,30,0.00468605024422919,pass
2006-03-22,30,0.004953008973934692,pass
2006-03-23,30,0.004838512855029342,pass
2006-03-24,30,0.004951658532370562,pass
2006-03-27,30,0.004868890483081256,pass
2006-03-28,30,0.00496852412740223,pass
2006-03-29,30,0.004946170896330537,pass
2006-03-30,30,0.00439596442212975,pass
2006-03-31,30,0.00489840686658527,pass
2006-04-03,30,0.004907927448824512,pass
2006-04-04,30,0.0049837158361265566,pass
2006-04-05,30,0.004815815532743795,pass
2006-04-06,30,0.004576961717892014,pass
2006-04-07,30,0.004938993536096614,pass
2006-04-10,30,0.004888906078720501,pass
2006-04-11,30,0.004947669885249639,pass
2006-04-12,30,0.004936448674552896,pass
2006-04-13,30,0.004975352894467933,pass
2006-04-17,30,0.004854022075118092,pass
2006-04-18,30,0.0049340009113107985,pass
2006-04-19,30,0.004945596160654819,pass
2006-04-20,30,0.004772419907178582,pass
2006-04-21,30,0.004850725769181552,pass
2006-04-24,30,0.004856377038425785,pass
2006-04-25,30,0.004743447543503754,pass
2006-04-26,30,0.0049724507009824,pass
2006-04-27,30,0.004980770931875544,pass
2006-04-28,30,0.004602463973685245,pass
2006-05-01,30,0.004982179647172735,pass
2006-05-02,30,0.004972888654058982,pass
2006-05-03,30,0.004907094252257216,pass
2006-05-04,30,0.004964674303956085,pass
2006-05-05,30,0.004972043605652732,pass
2006-05-08,30,0.004932681563693531,pass
2006-05-09,30,0.004457708175781283,pass
2006-05-10,30,0.0048969461710624,pass
2006-05-11,30,0.004956066649505764,pass
2006-05-12,30,0.004923066970474732,pass
2006-05-15,30,0.004954599443565688,pass
2006-05-16,30,0.00460172914946988,pass
2006-05-17,30,0.0045693808226748844,pass
2006-05-18,30,0.004855530725544899,pass
2006-05-19,30,0.004899921307657817,pass
2006-05-22,30,0.004617723880634417,pass
2006-05-23,30,0.004721076801092461,pass
2006-05-24,30,0.004408516794535133,pass
2006-05-25,30,0.0048877145527453925,pass
2006-05-26,30,0.004679274345428808,pass
2006-05-30,30,0.004909680726694621,pass
2006-05-31,30,0.004784270880853203,pass
2006-06-01,30,0.004756790766072272,pass
2006-06-02,30,0.00486853723433156,pass
2006-06-05,30,0.004976872738787774,pass
2006-06-06,30,0.004980548226132808,pass
2006-06-07,30,0.004811743389773748,pass
2006-06-08,30,0.004958973495589047,pass
2006-06-09,30,0.004815921081091634,pass
2006-06-12,30,0.004902788943855763,pass
2006-06-13,30,0.004895994166961848,pass
2006-06-14,30,0.004959217013572603,pass
2006-06-15,30,0.00476946741566342,pass
2006-06-16,30,0.004896876810711603,pass
2006-06-19,30,0.004964993623873815,pass
2006-06-20,30,0.004834916419171886,pass
2006-06-21,30,0.004845853853879811,pass
2006-06-22,30,0.004758840452048774,pass
2006-06-23,30,0.004874686616307411,pass
2006-06-26,30,0.004702574251252978,pass
2006-06-27,30,0.004538581503329975,pass
2006-06-28,30,0.004984034622859679,pass
2006-06-29,30,0.0049527554828870946,pass
2006-06-30,30,0.004466416800991135,pass
2006-07-03,30,0.004972869733568808,pass
2006-07-05,30,0.004990942037361168,pass
2006-07-06,30,0.004888799502930641,pass
2006-07-07,30,0.004687146521326069,pass
2006-07-10,30,0.00480606108958781,pass
2006-07-11,30,0.004566736089492429,pass
2006-07-12,30,0.004852053213724727,pass
2006-07-13,30,0.004543098901105269,pass
2006-07-14,30,0.0048659748326518315,pass
2006-07-17,30,0.004965565107081793,pass
2006-07-18,30,0.004868286015147216,pass
2006-07-19,30,0.004786729210989882,pass
2006-07-20,30,0.004941696947202701,pass
2006-07-21,30,0.004921372974281413,pass
2006-07-24,30,0.0049257185523454705,pass
2006-07-25,30,0.004951414938059173,pass
2006-07-26,30,0.004735699732361098,pass
2006-07-27,30,0.0047902495740881346,pass
2006-07-28,30,0.00493693938591333,pass
2006-07-31,30,0.004962520745374621,pass
2006-08-01,30,0.004986597850059615,pass
2006-08-02,30,0.0049162868461655185,pass
2006-08-03,30,0.004960189592534414,pass
2006-08-04,30,0.004831460553855749,pass
2006-08-07,30,0.004876005364820579,pass
2006-08-08,30,0.004992084813235098,pass
2006-08-09,30,0.004955570481052218,pass
2006-08-10,30,0.004963249112047152,pass
2006-08-11,30,0.004910465705582068,pass
2006-08-14,30,0.0048811092109163345,pass
2006-08-15,30,0.004743225746825508,pass
2006-08-16,30,0.004929800420452879,pass
2006-08-17,30,0.004863853731579271,pass
2006-08-18,30,0.004976926030048068,pass
2006-08-21,30,0.0049667735882441555,pass
2006-08-22,30,0.004960321940833401,pass
2006-08-23,30,0.004817389860287125,pass
2006-08-24,30,0.004930859158550072,pass
2006-08-25,30,0.0048628721140836495,pass
2006-08-28,30,0.004991134764098515,pass
2006-08-29,30,0.004853818894312578,pass
2006-08-30,30,0.004852844594990802,pass
2006-08-31,30,0.0049867771462902555,pass
2006-09-01,30,0.004930983278916834,pass
2006-09-05,30,0.004968783153744272,pass
2006-09-06,30,0.004986954778990471,pass
2006-09-07,30,0.004396092612088398,pass
2006-09-08,30,0.004673519440889784,pass
2006-09-11,30,0.004377633949989579,pass
2006-09-12,30,0.004802492057226493,pass
2006-09-13,30,0.004958893410622611,pass
2006-09-14,30,0.00494131227442296,pass
2006-09-15,30,0.004490369109114156,pass
2006-09-18,30,0.004883700031529936,pass
2006-09-19,30,0.004955310838744564,pass
2006-09-20,30,0.004940695117472416,pass
2006-09-21,30,0.0049725803694111725,pass
2006-09-22,30,0.004422822563049378,pass
2006-09-25,30,0.004955323730931882,pass
2006-09-26,30,0.004829891108032447,pass
2006-09-27,30,0.004673402511437552,pass
2006-09-28,30,0.004748224265438417,pass
2006-09-29,30,0.0047232872517344315,pass
2006-10-02,30,0.004991482140184744,pass
2006-10-03,30,0.0049816946955799635,pass
2006-10-04,30,0.004582585874171596,pass
2006-10-05,30,0.004998664374783468,pass
2006-10-06,30,0.004703880543618921,pass
2006-10-10,30,0.004707530320210984,pass
2006-10-11,30,0.004956579767595448,pass
2006-10-12,30,0.004668762739815091,pass
2006-10-13,30,0.004907237776269335,pass
2006-10-16,30,0.004852178687522746,pass
2006-10-17,30,0.004856919150753036,pass
2006-10-18,30,0.004759029061524034,pass
2006-10-19,30,0.004938699096762589,pass
2006-10-20,30,0.004889070616617697,pass
2006-10-23,30,0.004956234709793672,pass
2006-10-24,30,0.004820382916784216,pass
2006-10-25,30,0.004787215865387218,pass
2006-10-26,30,0.004779937120349964,pass
2006-10-27,30,0.004866816779094951,pass
2006-10-30,30,0.004908856535701389,pass
2006-10-31,30,0.004984005806465963,pass
2006-11-01,30,0.004977472315148557,pass
2006-11-02,30,0.0049982001788101416,pass
2006-11-03,30,0.004943560473480435,pass
2006-11-06,30,0.0049828163262849445,pass
2006-11-07,30,0.004894744356498393,pass
2006-11-08,30,0.004909931885649366,pass
2006-11-09,30,0.004749293184488912,pass
2006-11-10,30,0.0045734265209651515,pass
2006-11-13,30,0.004999558562909789,pass
2006-11-14,30,0.0049896345065414405,pass
2006-11-15,30,0.00489095633188219,pass
2006-11-16,30,0.0048965989972449275,pass
2006-11-17,30,0.004893137490677435,pass
2006-11-20,30,0.004813933628042277,pass
2006-11-21,30,0.00484334656596086,pass
2006-11-22,30,0.004875151156033541,pass
2006-11-24,30,0.004582541340350521,pass
2006-11-27,30,0.004657770227289859,pass
2006-11-28,30,0.004914052264548552,pass
2006-11-29,30,0.004992961650379657,pass
2006-11-30,30,0.004398569500782545,pass
2006-12-01,30,0.0049884516957476865,pass
2006-12-04,30,0.004691971809064888,pass
2006-12-05,30,0.004786777462115199,pass
2006-12-06,30,0.004918076200594035,pass
2006-12-07,30,0.004537850003885624,pass
2006-12-08,30,0.004893227835214842,pass
2006-12-11,30,0.004856500884845016,pass
2006-12-12,30,0.004829104624376468,pass
2006-12-13,30,0.0049081601841138855,pass
2006-12-14,30,0.00461438151515281,pass
2006-12-15,30,0.004681683770935141,pass
2006-12-18,30,0.004939762844949347,pass
2006-12-19,30,0.004882009695256206,pass
2006-12-20,30,0.004912130822307126,pass
2006-12-21,30,0.0048318313660561385,pass
2006-12-22,30,0.004788541294944992,pass
2006-12-26,30,0.004989035453720203,pass
2006-12-27,30,0.004991755082062177,pass
2006-12-28,30,0.0048890035157789224,pass
2006-12-29,30,0.004796927949926588,pass
2007-01-02,30,0.0049222471924792455,pass
2007-01-03,30,0.004911561285528276,pass
2007-01-04,30,0.004929789584953714,pass
2007-01-05,30,0.004969565904899831,pass
2007-01-08,30,0.004474884029576076,pass
2007-01-09,30,0.004711777610508228,pass
2007-01-10,30,0.004908283870522223,pass
2007-01-11,30,0.00483968365577736,pass
2007-01-12,30,0.0047854814325815065,pass
2007-01-16,30,0.00478531682668315,pass
2007-01-17,30,0.004895785115019424,pass
2007-01-18,30,0.004943342873514611,pass
2007-01-19,30,0.004719325261276497,pass
2007-01-22,30,0.004703653268614549,pass
2007-01-23,30,0.004952404367500329,pass
2007-01-24,30,0.004879563246032448,pass
2007-01-25,30,0.004966730771313599,pass
2007-01-26,30,0.004946414099496477,pass
2007-01-29,30,0.004964055716413784,pass
2007-01-30,30,0.004862433833976998,pass
2007-01-31,30,0.004836481586056873,pass
2007-02-01,30,0.0049280522162326035,pass
2007-02-02,30,0.0049879421262083445,pass
2007-02-05,30,0.004624353537041603,pass
2007-02-06,30,0.004967395644539518,pass
2007-02-07,30,0.0049880049168837814,pass
2007-02-08,30,0.004686923135224785,pass
2007-02-09,30,0.004958078305139502,pass
2007-02-12,30,0.0043608784476567575,pass
2007-02-13,30,0.004727547291763501,pass
2007-02-14,30,0.004629625557778239,pass
2007-02-15,30,0.004915504127067649,pass
2007-02-16,30,0.004968164580981815,pass
2007-02-20,30,0.004958111908190399,pass
2007-02-21,30,0.004734002531231463,pass
2007-02-22,30,0.004971572056741702,pass
2007-02-23,30,0.0048474492957834014,pass
2007-02-26,30,0.004939705245121662,pass
2007-02-27,30,0.004904496241561751,pass
2007-02-28,30,0.004854177457491726,pass
2007-03-01,30,0.00479417667516302,pass
2007-03-02,30,0.004988769087693745,pass
2007-03-05,30,0.004980233826099023,pass
2007-03-06,30,0.004726767297222323,pass
2007-03-07,30,0.004617650335714263,pass
2007-03-08,30,0.004903572819112134,pass
2007-03-09,30,0.00497672116801795,pass
2007-03-12,30,0.004966983033760641,pass
2007-03-13,30,0.004996432581907961,pass
2007-03-14,30,0.004922256193196084,pass
2007-03-15,30,0.004879168919863508,pass
2007-03-16,30,0.004883659594154266,pass
2007-03-19,30,0.004921307441563272,pass
2007-03-20,30,0.004797852209068032,pass
2007-03-21,30,0.004951256023510986,pass
2007-03-22,30,0.0048443762342559316,pass
2007-03-23,30,0.004753866460413536,pass
2007-03-26,30,0.004899518208228981,pass
2007-03-27,30,0.004748039734089882,pass
2007-03-28,30,0.004919328307761983,pass
2007-03-29,30,0.004543724854977338,pass
2007-03-30,30,0.004930858173157748,pass
2007-04-02,30,0.004980592905531878,pass
2007-04-03,30,0.004989316374284791,pass
2007-04-04,30,0.004822576703117365,pass
2007-04-05,30,0.00483107578545805,pass
2007-04-06,30,0.004980949904545562,pass
2007-04-09,30,0.00486657609405361,pass
2007-04-10,30,0.004870948536114805,pass
2007-04-11,30,0.004858012374667209,pass
2007-04-12,30,0.004919610866183088,pass
2007-04-13,30,0.004854248438421194,pass
2007-04-16,30,0.004891436173257158,pass
2007-04-17,30,0.004929336672523932,pass
2007-04-18,30,0.004891937584738937,pass
2007-04-19,30,0.004947479951833422,pass
2007-04-20,30,0.004942450718553593,pass
2007-04-23,30,0.004788240106912145,pass
2007-04-24,30,0.00473465381928273,pass
2007-04-25,30,0.004942221953491144,pass
2007-04-26,30,0.004982764095426417,pass
2007-04-27,30,0.004918553911104073,pass
2007-04-30,30,0.004833897003717058,pass
2007-05-01,30,0.004853574375948688,pass
2007-05-02,30,0.004864978975019363,pass
2007-05-03,30,0.004951740305778052,pass
2007-05-04,30,0.004959044928448675,pass
2007-05-07,30,0.0044445367403112,pass
2007-05-08,30,0.004657335230251469,pass
2007-05-09,30,0.004830404058200899,pass
2007-05-10,30,0.004986874831483523,pass
2007-05-11,30,0.004971433716777218,pass
2007-05-14,30,0.004776712120360682,pass
2007-05-15,30,0.00499494377012577,pass
2007-05-16,30,0.004983775957895231,pass
2007-05-17,30,0.0049918711866880905,pass
2007-05-18,30,0.004929754120822083,pass
2007-05-21,30,0.004621797044038201,pass
2007-05-22,30,0.0048841438232694045,pass
2007-05-23,30,0.004992001948270208,pass
2007-05-24,30,0.0048923602331135685,pass
2007-05-25,30,0.00498486025665712,pass
2007-05-29,30,0.00485883914838614,pass
2007-05-30,30,0.00441645610714525,pass
2007-05-31,30,0.004757451884593311,pass
2007-06-01,30,0.004733862219580276,pass
2007-06-04,30,0.004974665074389262,pass
2007-06-05,30,0.004899613055969754,pass
2007-06-06,30,0.004996644307614373,pass
2007-06-07,30,0.004844544366222614,pass
2007-06-08,30,0.004976878904341953,pass
2007-06-11,30,0.004970452298080907,pass
2007-06-12,30,0.004887398007275001,pass
2007-06-13,30,0.004909559641261274,pass
2007-06-14,30,0.004762570381885989,pass
2007-06-15,30,0.004996037809221199,pass
2007-06-18,30,0.0048960208230003355,pass
2007-06-19,30,0.004411423574005036,pass
2007-06-20,30,0.004963869658439202,pass
2007-06-21,30,0.0049680193716511445,pass
2007-06-22,30,0.0048856984180556395,pass
2007-06-25,30,0.004919432666505852,pass
2007-06-26,30,0.0049294305468072785,pass
2007-06-27,30,0.004964380204211527,pass
2007-06-28,30,0.004933512079072222,pass
2007-06-29,30,0.004765647730956002,pass
2007-07-02,30,0.004841403481517514,pass
2007-07-03,30,0.004880352619252015,pass
2007-07-05,30,0.004783096957533539,pass
2007-07-06,30,0.0047712824612772264,pass
2007-07-09,30,0.004761010405640587,pass
2007-07-10,30,0.004853616754549317,pass
2007-07-11,30,0.004983630042948439,pass
2007-07-12,30,0.004684336895807717,pass
2007-07-13,30,0.004567541994210389,pass
2007-07-16,30,0.00499959991392962,pass
2007-07-17,30,0.004894064752417049,pass
2007-07-18,30,0.004977142731774076,pass
2007-07-19,30,0.004563783288363821,pass
2007-07-20,30,0.004584277831023997,pass
2007-07-23,30,0.004372727965065715,pass
2007-07-24,30,0.004875200027426585,pass
2007-07-25,30,0.004922226915088368,pass
2007-07-26,30,0.004947143475778071,pass
2007-07-27,30,0.004947784583361758,pass
2007-07-30,30,0.004989874181418608,pass
2007-07-31,30,0.0048700893200831485,pass
2007-08-01,30,0.004842491332368581,pass
2007-08-02,30,0.004960288083194486,pass
2007-08-03,30,0.004976550200611052,pass
2007-08-06,30,0.004966739204637083,pass
2007-08-07,30,0.004738147387217673,pass
2007-08-08,30,0.0049857764308769426,pass
2007-08-09,30,0.004751485374529518,pass
2007-08-10,30,0.00465490681694769,pass
2007-08-13,30,0.00481873455263071,pass
2007-08-14,30,0.004911969213941547,pass
2007-08-15,30,0.004992380626747672,pass
2007-08-16,30,0.004776222086166904,pass
2007-08-17,30,0.004696589034347554,pass
2007-08-20,30,0.004898788764778894,pass
2007-08-21,30,0.004669469300250251,pass
2007-08-22,30,0.004943937798387865,pass
2007-08-23,30,0.004962453654944188,pass
2007-08-24,30,0.004938934112450055,pass
2007-08-27,30,0.004782975712158688,pass
2007-08-28,30,0.004893351941981372,pass
2007-08-29,30,0.004982437657452543,pass
2007-08-30,30,0.004505457861792017,pass
2007-08-31,30,0.004890583698013984,pass
2007-09-04,30,0.004990042402897021,pass
2007-09-05,30,0.00494080553144205,pass
2007-09-06,30,0.004912986594565738,pass
2007-09-07,30,0.004992363295749924,pass
2007-09-10,30,0.004779930243212216,pass
2007-09-11,30,0.0049229470516082285,pass
2007-09-12,30,0.004908370876133272,pass
2007-09-13,30,0.004926024746512714,pass
2007-09-14,30,0.004951603005676208,pass
2007-09-17,30,0.004761683571399833,pass
2007-09-18,30,0.0049389136360517005,pass
2007-09-19,30,0.004940974558040323,pass
2007-09-20,30,0.004719316965273723,pass
2007-09-21,30,0.004984898704235574,pass
2007-09-24,30,0.004827225711587224,pass
2007-09-25,30,0.004504659330203942,pass
2007-09-26,30,0.004980667720408394,pass
2007-09-27,30,0.004956634384947756,pass
2007-09-28,30,0.004471920728790768,pass
2007-10-01,30,0.0048059443426978765,pass
2007-10-02,30,0.004877777640063807,pass
2007-10-03,30,0.0049804737260045195,pass
2007-10-04,30,0.0049316644679109345,pass
2007-10-05,30,0.004819703794331498,pass
2007-10-09,30,0.007086234055653229,outside_rounding_tolerance
2007-10-10,30,0.004805893905959757,pass
2007-10-11,30,0.004697691011121274,pass
2007-10-12,30,0.0045671813780207016,pass
2007-10-15,30,0.00494643101485448,pass
2007-10-16,30,0.004269990928895684,pass
2007-10-17,30,0.004957507792405225,pass
2007-10-18,30,0.00489460441344125,pass
2007-10-19,30,0.004991279249980107,pass
2007-10-22,30,0.0049745873058337775,pass
2007-10-23,30,0.004284777805688145,pass
2007-10-24,30,0.004617271598048034,pass
2007-10-25,30,0.004905742977678873,pass
2007-10-26,30,0.004688883420631007,pass
2007-10-29,30,0.00480451648132707,pass
2007-10-30,30,0.004986263877071462,pass
2007-10-31,30,0.004985102111942918,pass
2007-11-01,30,0.004920114333173409,pass
2007-11-02,30,0.0048168365523321155,pass
2007-11-05,30,0.004644161597650021,pass
2007-11-06,30,0.0049356011956602774,pass
2007-11-07,30,0.00471429191011008,pass
2007-11-08,30,0.004969297112550342,pass
2007-11-09,30,0.00490512906521634,pass
2007-11-13,30,0.004994867562127525,pass
2007-11-14,30,0.004931910999317335,pass
2007-11-15,30,0.004894002529759467,pass
2007-11-16,30,0.0047604317056360035,pass
2007-11-19,30,0.004814267502289971,pass
2007-11-20,30,0.004951439321609907,pass
2007-11-21,30,0.004562115361386732,pass
2007-11-23,30,0.004761700880817621,pass
2007-11-26,30,0.004880540125928867,pass
2007-11-27,30,0.004941427303034596,pass
2007-11-28,30,0.004937363471610445,pass
2007-11-29,30,0.00487273954991041,pass
2007-11-30,30,0.004864201755723496,pass
2007-12-03,30,0.004915320561543757,pass
2007-12-04,30,0.004943356354467077,pass
2007-12-05,30,0.004758005675148391,pass
2007-12-06,30,0.004977092439781283,pass
2007-12-07,30,0.004735443116937743,pass
2007-12-10,30,0.004558225210407607,pass
2007-12-11,30,0.004837364156809465,pass
2007-12-12,30,0.004876020398315861,pass
2007-12-13,30,0.004866941283945825,pass
2007-12-14,30,0.0049460749084601074,pass
2007-12-17,30,0.004479440128199452,pass
2007-12-18,30,0.00494481728979812,pass
2007-12-19,30,0.004459548823762538,pass
2007-12-20,30,0.004983329308511086,pass
2007-12-21,30,0.00498339173642115,pass
2007-12-24,30,0.004908340279149992,pass
2007-12-26,30,0.004853722817693695,pass
2007-12-27,30,0.004905515901126867,pass
2007-12-28,30,0.004996876609222878,pass
2007-12-31,30,0.004576901317041027,pass
2008-01-02,30,0.00477287268062232,pass
2008-01-03,30,0.004867842942762879,pass
2008-01-04,30,0.00479845367974685,pass
2008-01-07,30,0.0049554655629294175,pass
2008-01-08,30,0.004970929792097456,pass
2008-01-09,30,0.004964759593405199,pass
2008-01-10,30,0.004827523190434335,pass
2008-01-11,30,0.004693151537046858,pass
2008-01-14,30,0.004841376363903804,pass
2008-01-15,30,0.004723806921874685,pass
2008-01-16,30,0.004855343640960963,pass
2008-01-17,30,0.004939746246143684,pass
2008-01-18,30,0.0047700782843107525,pass
2008-01-22,30,0.004925004510047959,pass
2008-01-23,30,0.004997872983872331,pass
2008-01-24,30,0.004916103494498336,pass
2008-01-25,30,0.00492283845347774,pass
2008-01-28,30,0.0046811173657484995,pass
2008-01-29,30,0.004929339493947582,pass
2008-01-30,30,0.004572617096562648,pass
2008-01-31,30,0.004900615918901341,pass
2008-02-01,30,0.00491539553490461,pass
2008-02-04,30,0.0048607492898755655,pass
2008-02-05,30,0.00491896380315493,pass
2008-02-06,30,0.00496983110408189,pass
2008-02-07,30,0.004955589284136308,pass
2008-02-08,30,0.004817612336283084,pass
2008-02-11,30,0.004816648997985062,pass
2008-02-12,30,0.004693944444869591,pass
2008-02-13,30,0.004516012750629961,pass
2008-02-14,30,0.0049195529574358465,pass
2008-02-15,30,0.0047217407146693535,pass
2008-02-19,30,0.004963296887511293,pass
2008-02-20,30,0.004919667439123865,pass
2008-02-21,30,0.004461038472375334,pass
2008-02-22,30,0.004743250489741557,pass
2008-02-25,30,0.004881584447016807,pass
2008-02-26,30,0.004942813199501628,pass
2008-02-27,30,0.0049909342877269,pass
2008-02-28,30,0.004986097878086071,pass
2008-02-29,30,0.004645086247867525,pass
2008-03-03,30,0.004735037757858107,pass
2008-03-04,30,0.004721171950813896,pass
2008-03-05,30,0.004894600595731213,pass
2008-03-06,30,0.0048376109856515526,pass
2008-03-07,30,0.004990398648693772,pass
2008-03-10,30,0.004976155413265876,pass
2008-03-11,30,0.004755107807438708,pass
2008-03-12,30,0.004995029307050536,pass
2008-03-13,30,0.004899187764431656,pass
2008-03-14,30,0.0048130892173897655,pass
2008-03-17,30,0.004783010171469093,pass
2008-03-18,30,0.004958277044150861,pass
2008-03-19,30,0.004953015547634609,pass
2008-03-20,30,0.004937551375955307,pass
2008-03-21,0,,benchmark_unavailable
2008-03-24,30,0.004787205783243764,pass
2008-03-25,30,0.004968204440763957,pass
2008-03-26,30,0.004873403222707684,pass
2008-03-27,30,0.004906777523877581,pass
2008-03-28,30,0.004911613495292566,pass
2008-03-31,30,0.0049988738366063545,pass
2008-04-01,30,0.004852791670797996,pass
2008-04-02,30,0.004875992214992131,pass
2008-04-03,30,0.0047651950164234735,pass
2008-04-04,30,0.0044833282613482295,pass
2008-04-07,30,0.0049236424125298495,pass
2008-04-08,30,0.004692301456311887,pass
2008-04-09,30,0.004964783678271245,pass
2008-04-10,30,0.004919562436658809,pass
2008-04-11,30,0.004943414320529582,pass
2008-04-14,30,0.0047956242063551535,pass
2008-04-15,30,0.004998543727680049,pass
2008-04-16,30,0.004730909491795776,pass
2008-04-17,30,0.004905859219486719,pass
2008-04-18,30,0.004560636297640253,pass
2008-04-21,30,0.004924283066240487,pass
2008-04-22,30,0.004605015660394396,pass
2008-04-23,30,0.004661184334273094,pass
2008-04-24,30,0.004821346383347691,pass
2008-04-25,30,0.004980504617405068,pass
2008-04-28,30,0.00493305382064102,pass
2008-04-29,30,0.00496471710069446,pass
2008-04-30,30,0.004731750081130026,pass
2008-05-01,30,0.004724640558229076,pass
2008-05-02,30,0.004407839883611986,pass
2008-05-05,30,0.004729104825726416,pass
2008-05-06,30,0.004911940419613514,pass
2008-05-07,30,0.004399360112108952,pass
2008-05-08,30,0.00486755862720567,pass
2008-05-09,30,0.004583905532373755,pass
2008-05-12,30,0.004978069045938338,pass
2008-05-13,30,0.0044462346748819215,pass
2008-05-14,30,0.004967234160102585,pass
2008-05-15,30,0.0049510140928687996,pass
2008-05-16,30,0.004794868853352785,pass
2008-05-19,30,0.0049726753623829945,pass
2008-05-20,30,0.004924146770890481,pass
2008-05-21,30,0.0046937948688235975,pass
2008-05-22,30,0.004852146132175439,pass
2008-05-23,30,0.004975994507758208,pass
2008-05-27,30,0.004972131018229908,pass
2008-05-28,30,0.007326239890789732,outside_rounding_tolerance
2008-05-29,30,0.0044090444370481485,pass
2008-05-30,30,0.004772918659190495,pass
2008-06-02,30,0.004790459551817783,pass
2008-06-03,30,0.004876180110663375,pass
2008-06-04,30,0.004943166151682998,pass
2008-06-05,30,0.003943378596542313,pass
2008-06-06,30,0.004641984980291447,pass
2008-06-09,30,0.004684293634371617,pass
2008-06-10,30,0.004946836829819445,pass
2008-06-11,30,0.004993532533720257,pass
2008-06-12,30,0.004680674308490951,pass
2008-06-13,30,0.004953619931538644,pass
2008-06-16,30,0.005009679797940425,pass
2008-06-17,30,0.00498004064784785,pass
2008-06-18,30,0.005023030962419961,pass
2008-06-19,30,0.004614983184630939,pass
2008-06-20,30,0.0045899174790087205,pass
2008-06-23,30,0.004806817946317876,pass
2008-06-24,30,0.004850427725786033,pass
2008-06-25,30,0.004823296726255699,pass
2008-06-26,30,0.004634454145654998,pass
2008-06-27,30,0.004940871593736573,pass
2008-06-30,30,0.004873021379886433,pass
2008-07-01,30,0.004805471094521119,pass
2008-07-02,30,0.004960467279435665,pass
2008-07-03,30,0.005024329662664528,pass
2008-07-07,30,0.0042975012182894234,pass
2008-07-08,30,0.004860447747195851,pass
2008-07-09,30,0.004985288335548899,pass
2008-07-10,30,0.004984155641471477,pass
2008-07-11,30,0.004748623361160165,pass
2008-07-14,30,0.004664338156962211,pass
2008-07-15,30,0.004672094334051691,pass
2008-07-16,30,0.029257354067363517,outside_rounding_tolerance
2008-07-17,30,0.0048500056063632835,pass
2008-07-18,30,0.004978591906859564,pass
2008-07-21,30,0.004880826004124983,pass
2008-07-22,30,0.004899126962859546,pass
2008-07-23,30,0.004891069431411932,pass
2008-07-24,30,0.004904160814042657,pass
2008-07-25,30,0.0049372375145878555,pass
2008-07-28,30,0.00489721149243838,pass
2008-07-29,30,0.004381467964345576,pass
2008-07-30,30,0.0047604479028878766,pass
2008-07-31,30,0.004825025054569498,pass
2008-08-01,30,0.004790861502373955,pass
2008-08-04,30,0.005085653956987679,pass
2008-08-05,30,0.004912362326948971,pass
2008-08-06,30,0.004946415580325825,pass
2008-08-07,30,0.004934412790105758,pass
2008-08-08,30,0.0048134277985667495,pass
2008-08-11,30,0.004783003987110512,pass
2008-08-12,30,0.004967636431443823,pass
2008-08-13,30,0.004896276594168469,pass
2008-08-14,30,0.004750718167675916,pass
2008-08-15,30,0.004834329447658825,pass
2008-08-18,30,0.004949192139377945,pass
2008-08-19,30,0.004929633651423737,pass
2008-08-20,30,0.004923509239612711,pass
2008-08-21,30,0.004758524474041126,pass
2008-08-22,30,0.0049775473796864755,pass
2008-08-25,30,0.004982824227880989,pass
2008-08-26,30,0.004408426154539624,pass
2008-08-27,30,0.004983259970815779,pass
2008-08-28,30,0.004923434711243124,pass
2008-08-29,30,0.004956988271589968,pass
2008-09-02,30,0.00489061416183989,pass
2008-09-03,30,0.004422468337927921,pass
2008-09-04,30,0.0046129197284888734,pass
2008-09-05,30,0.004946180268035338,pass
2008-09-08,30,0.0048665986304013975,pass
2008-09-09,30,0.004733749381369279,pass
2008-09-10,30,0.004631500963581114,pass
2008-09-11,30,0.004766317802037956,pass
2008-09-12,30,0.004925236832924174,pass
2008-09-15,30,0.004799287506088157,pass
2008-09-16,30,0.004899850685469165,pass
2008-09-17,30,0.004984857595036196,pass
2008-09-18,30,0.004992608775428176,pass
2008-09-19,30,0.004998739866896029,pass
2008-09-22,30,0.004955483363447422,pass
2008-09-23,30,0.004923945770701765,pass
2008-09-24,30,0.004365789606219916,pass
2008-09-25,30,0.004894021837648088,pass
2008-09-26,30,0.0049340791776625315,pass
2008-09-29,30,0.0049532657570711125,pass
2008-09-30,30,0.0048768760867873295,pass
2008-10-01,30,0.004990644094440833,pass
2008-10-02,30,0.00479652866945679,pass
2008-10-03,30,0.004834670645006978,pass
2008-10-06,30,0.004981828359562623,pass
2008-10-07,30,0.004983334706970544,pass
2008-10-08,30,0.004987487988994399,pass
2008-10-09,30,0.004481842647771628,pass
2008-10-10,30,0.004632033438201066,pass
2008-10-14,30,0.004780972944345985,pass
2008-10-15,30,0.004965158113476309,pass
2008-10-16,30,0.004862710863209885,pass
2008-10-17,30,0.004950348316268283,pass
2008-10-20,30,0.004828899389727748,pass
2008-10-21,30,0.004961848099824251,pass
2008-10-22,30,0.004888512611447848,pass
2008-10-23,30,0.00498404652660156,pass
2008-10-24,30,0.004866121598445794,pass
2008-10-27,30,0.004973456890627892,pass
2008-10-28,30,0.004897500119546705,pass
2008-10-29,30,0.004909344062855453,pass
2008-10-30,30,0.0049546865035776655,pass
2008-10-31,30,0.00477670126640406,pass
2008-11-03,30,0.004713376094006572,pass
2008-11-04,30,0.004793253976023704,pass
2008-11-05,30,0.004881919428989523,pass
2008-11-06,30,0.005012622257480337,pass
2008-11-07,30,0.004937699630558345,pass
2008-11-10,30,0.004949787665922689,pass
2008-11-12,30,0.004682378623548089,pass
2008-11-13,30,0.004772498292948679,pass
2008-11-14,30,0.0049277040622963675,pass
2008-11-17,30,0.004910435712698891,pass
2008-11-18,30,0.004894937500263263,pass
2008-11-19,30,0.0047662526433261965,pass
2008-11-20,30,0.004945075443366087,pass
2008-11-21,30,0.004944082812041728,pass
2008-11-24,30,0.004970454651857803,pass
2008-11-25,30,0.004727918983121748,pass
2008-11-26,30,0.004490283313368648,pass
2008-11-28,30,0.004926354076270623,pass
2008-12-01,30,0.004974131509877244,pass
2008-12-02,30,0.004855941879364223,pass
2008-12-03,30,0.004902723665795028,pass
2008-12-04,30,0.004927372830657029,pass
2008-12-05,30,0.004974169257043748,pass
2008-12-08,30,0.004913552208839905,pass
2008-12-09,30,0.004903111164439311,pass
2008-12-10,30,0.00465744534650786,pass
2008-12-11,30,0.0049498043659668145,pass
2008-12-12,30,0.004949434357463811,pass
2008-12-15,30,0.0046347643167798935,pass
2008-12-16,30,0.004857778639622001,pass
2008-12-17,30,0.004998748822510057,pass
2008-12-18,30,0.004621265535104113,pass
2008-12-19,30,0.004869019783367012,pass
2008-12-22,30,0.004889838835335503,pass
2008-12-23,30,0.004989990452525933,pass
2008-12-24,30,0.004917913352976699,pass
2008-12-26,30,0.004963231091982545,pass
2008-12-29,30,0.004861608370217152,pass
2008-12-30,30,0.004961320777957523,pass
2008-12-31,30,0.004952979663170806,pass
2009-01-02,30,0.004986415805402489,pass
2009-01-05,30,0.004813119590038606,pass
2009-01-06,30,0.004992662584468732,pass
2009-01-07,30,0.004619841895564525,pass
2009-01-08,30,0.004667896837673435,pass
2009-01-09,30,0.004784338099653174,pass
2009-01-12,30,0.00500158429221631,pass
2009-01-13,30,0.004264168557352455,pass
2009-01-14,30,0.004976931568291543,pass
2009-01-15,30,0.004986013328357741,pass
2009-01-16,30,0.0049510370793773295,pass
2009-01-20,30,0.004675775759216405,pass
2009-01-21,30,0.0049074500334603255,pass
2009-01-22,30,0.0049045993007201805,pass
2009-01-23,30,0.004923326594324928,pass
2009-01-26,30,0.00488243827874435,pass
2009-01-27,30,0.0048882078566847564,pass
2009-01-28,30,0.0049430509296150005,pass
2009-01-29,30,0.00500169497947428,pass
2009-01-30,30,0.004931362549160517,pass
2009-02-02,30,0.004973933960053523,pass
2009-02-03,30,0.004985433599835609,pass
2009-02-04,30,0.004941766175992068,pass
2009-02-05,30,0.004901729400916266,pass
2009-02-06,30,0.004868644318881121,pass
2009-02-09,30,0.004881543912080288,pass
2009-02-10,30,0.004649017729743687,pass
2009-02-11,30,0.004948776429758439,pass
2009-02-12,30,0.004943958198597165,pass
2009-02-13,30,0.004998110048962112,pass
2009-02-17,30,0.004601822482519502,pass
2009-02-18,30,0.004938212525840147,pass
2009-02-19,30,0.004968924109186035,pass
2009-02-20,30,0.004740137861669602,pass
2009-02-23,30,0.00494237853324031,pass
2009-02-24,30,0.004937288101691806,pass
2009-02-25,30,0.004990214353337019,pass
2009-02-26,30,0.004904727299165357,pass
2009-02-27,30,0.004863321671523535,pass
2009-03-02,30,0.0047990127732128185,pass
2009-03-03,30,0.004875540288648561,pass
2009-03-04,30,0.004563793479100964,pass
2009-03-05,30,0.004828002315021562,pass
2009-03-06,30,0.004749522292193942,pass
2009-03-09,30,0.004899606685926372,pass
2009-03-10,30,0.004783816078407499,pass
2009-03-11,30,0.004962244854571363,pass
2009-03-12,30,0.004828252463812133,pass
2009-03-13,30,0.004665888985108668,pass
2009-03-16,30,0.00482774708203404,pass
2009-03-17,30,0.004949083437164048,pass
2009-03-18,30,0.004983914542872059,pass
2009-03-19,30,0.0047496684042747095,pass
2009-03-20,30,0.004919397446553897,pass
2009-03-23,30,0.004979887086795087,pass
2009-03-24,30,0.004291655777977077,pass
2009-03-25,30,0.004952259531031122,pass
2009-03-26,30,0.004972529525706926,pass
2009-03-27,30,0.004825565725757874,pass
2009-03-30,30,0.004975853661014218,pass
2009-03-31,30,0.004885716470490187,pass
2009-04-01,30,0.004961126580079259,pass
2009-04-02,30,0.004902029686684739,pass
2009-04-03,30,0.00471262120556315,pass
2009-04-06,30,0.004623017477098368,pass
2009-04-07,30,0.004753039741095533,pass
2009-04-08,30,0.004960753872407242,pass
2009-04-09,30,0.004975179409213992,pass
2009-04-13,30,0.004800651505661169,pass
2009-04-14,30,0.004679389809594814,pass
2009-04-15,30,0.004896735546280895,pass
2009-04-16,30,0.004930218907833045,pass
2009-04-17,30,0.00456064710840226,pass
2009-04-20,30,0.0046278326130272385,pass
2009-04-21,30,0.00462360695216435,pass
2009-04-22,30,0.004954462584361163,pass
2009-04-23,30,0.004761786438281512,pass
2009-04-24,30,0.00482803975257462,pass
2009-04-27,30,0.004528648941334867,pass
2009-04-28,30,0.004920589798187991,pass
2009-04-29,30,0.004761747775181013,pass
2009-04-30,30,0.004904479496969927,pass
2009-05-01,30,0.004491049098165334,pass
2009-05-04,30,0.004981884178523188,pass
2009-05-05,30,0.00484911365707108,pass
2009-05-06,30,0.004477485586254493,pass
2009-05-07,30,0.004239365983468857,pass
2009-05-08,30,0.004995607215813047,pass
2009-05-11,30,0.004929149165500135,pass
2009-05-12,30,0.004885981208652135,pass
2009-05-13,30,0.00494969440004156,pass
2009-05-14,30,0.004972188782995102,pass
2009-05-15,30,0.0049736549266599095,pass
2009-05-18,30,0.004656802538097193,pass
2009-05-19,30,0.004977675006206939,pass
2009-05-20,30,0.004785827487363559,pass
2009-05-21,30,0.004388855264006453,pass
2009-05-22,30,0.0046975042030782815,pass
2009-05-26,30,0.004746078978504209,pass
2009-05-27,30,0.0049398105149423,pass
2009-05-28,30,0.00470343942113316,pass
2009-05-29,30,0.005001390853132115,pass
2009-06-01,30,0.0049692510908222465,pass
2009-06-02,30,0.0049727177075381546,pass
2009-06-03,30,0.004942473660306257,pass
2009-06-04,30,0.0048266980354205735,pass
2009-06-05,30,0.004748796500197994,pass
2009-06-08,30,0.004587710323161742,pass
2009-06-09,30,0.004899072971603635,pass
2009-06-10,30,0.004927888850037032,pass
2009-06-11,30,0.004934746540702362,pass
2009-06-12,30,0.004974301106505652,pass
2009-06-15,30,0.004973362823582073,pass
2009-06-16,30,0.004958509996141891,pass
2009-06-17,30,0.0048059617659829135,pass
2009-06-18,30,0.004789443854708031,pass
2009-06-19,30,0.003926485139041369,pass
2009-06-22,30,0.0049634979314844285,pass
2009-06-23,30,0.004927448511854449,pass
2009-06-24,30,0.004903872068973136,pass
2009-06-25,30,0.004829487760538154,pass
2009-06-26,30,0.004941876961331304,pass
2009-06-29,30,0.004878991554588263,pass
2009-06-30,30,0.004781458636804459,pass
2009-07-01,30,0.004919227640717838,pass
2009-07-02,30,0.004815334233784774,pass
2009-07-06,30,0.004883398444024967,pass
2009-07-07,30,0.004890933016643562,pass
2009-07-08,30,0.004909740348446601,pass
2009-07-09,30,0.004942174019542667,pass
2009-07-10,30,0.004909608236694507,pass
2009-07-13,30,0.0049948269238014875,pass
2009-07-14,30,0.004848503047105712,pass
2009-07-15,30,0.004896780361682285,pass
2009-07-16,30,0.004804458074436635,pass
2009-07-17,30,0.004916400693569245,pass
2009-07-20,30,0.004742184703948604,pass
2009-07-21,30,0.00489912596650377,pass
2009-07-22,30,0.0046959939285773356,pass
2009-07-23,30,0.00487197301127229,pass
2009-07-24,30,0.004995180615183226,pass
2009-07-27,30,0.004513876029205166,pass
2009-07-28,30,0.004876580954257803,pass
2009-07-29,30,0.004963188984796751,pass
2009-07-30,30,0.004907907059526623,pass
2009-07-31,30,0.004884025623652644,pass
2009-08-03,30,0.004949040128682247,pass
2009-08-04,30,0.004549347588991837,pass
2009-08-05,30,0.004918624261981974,pass
2009-08-06,30,0.004752313525063778,pass
2009-08-07,30,0.004605144260372285,pass
2009-08-10,30,0.00494549759984253,pass
2009-08-11,30,0.004771704244788122,pass
2009-08-12,30,0.004885853298608467,pass
2009-08-13,30,0.004928769627848828,pass
2009-08-14,30,0.004970280707075614,pass
2009-08-17,30,0.004747209727158641,pass
2009-08-18,30,0.004957783110992597,pass
2009-08-19,30,0.004927660139514289,pass
2009-08-20,30,0.004901775073930248,pass
2009-08-21,30,0.0048106446717821605,pass
2009-08-24,30,0.004790875910570813,pass
2009-08-25,30,0.004436823985466687,pass
2009-08-26,30,0.0048759522457142435,pass
2009-08-27,30,0.004972774305944672,pass
2009-08-28,30,0.004948973611439145,pass
2009-08-31,30,0.004994681833247333,pass
2009-09-01,30,0.004867346523260152,pass
2009-09-02,30,0.004907743853740931,pass
2009-09-03,30,0.004887929595867591,pass
2009-09-04,30,0.004973542337971537,pass
2009-09-08,30,0.004995219375913962,pass
2009-09-09,30,0.004999295811838889,pass
2009-09-10,30,0.0049856774434267614,pass
2009-09-11,30,0.00494021815365675,pass
2009-09-14,30,0.004929082441512689,pass
2009-09-15,30,0.004956254421178974,pass
2009-09-16,30,0.004842008100511275,pass
2009-09-17,30,0.004856095911394409,pass
2009-09-18,30,0.00447570783945056,pass
2009-09-21,30,0.004978357318607962,pass
2009-09-22,30,0.0050016643962647045,pass
2009-09-23,30,0.004894351100098726,pass
2009-09-24,30,0.004860345800480892,pass
2009-09-25,30,0.004967396336347241,pass
2009-09-28,30,0.00476664150886319,pass
2009-09-29,30,0.004953393637346926,pass
2009-09-30,30,0.004810912865443884,pass
2009-10-01,30,0.004651600019056623,pass
2009-10-02,30,0.005008024816510748,pass
2009-10-05,30,0.004887292703870116,pass
2009-10-06,30,0.00484924025830058,pass
2009-10-07,30,0.004892739105602506,pass
2009-10-08,30,0.005007408463916785,pass
2009-10-09,30,0.0047533586546716355,pass
2009-10-13,30,0.004967907239264435,pass
2009-10-14,30,0.0049440104469417046,pass
2009-10-15,30,0.00485461540980503,pass
2009-10-16,30,0.004970517402114183,pass
2009-10-19,30,0.00496957222897304,pass
2009-10-20,30,0.004900806422139525,pass
2009-10-21,30,0.004862421431536812,pass
2009-10-22,30,0.004859168596035857,pass
2009-10-23,30,0.004887980080206522,pass
2009-10-26,30,0.011762971905068809,outside_rounding_tolerance
2009-10-27,30,0.0048739987707629995,pass
2009-10-28,30,0.004859704896068018,pass
2009-10-29,30,0.004859487278754959,pass
2009-10-30,30,0.004967377588496746,pass
2009-11-02,30,0.0049584628809828946,pass
2009-11-03,30,0.004763708671123162,pass
2009-11-04,30,0.004658742846427866,pass
2009-11-05,30,0.004755689098877303,pass
2009-11-06,30,0.0047291436960916755,pass
2009-11-09,30,0.004967535085081964,pass
2009-11-10,30,0.004784123806972351,pass
2009-11-12,30,0.004953279307273739,pass
2009-11-13,30,0.004886165970927059,pass
2009-11-16,30,0.004748947116340815,pass
2009-11-17,30,0.004990771618820777,pass
2009-11-18,30,0.004952333039140444,pass
2009-11-19,30,0.004975848436755692,pass
2009-11-20,30,0.004436028175833218,pass
2009-11-23,30,0.004799972641699596,pass
2009-11-24,30,0.004894727535431284,pass
2009-11-25,30,0.004994821274292849,pass
2009-11-27,30,0.004887127248998091,pass
2009-11-30,30,0.004988992848703466,pass
2009-12-01,30,0.0049271304688666695,pass
2009-12-02,30,0.004770156010747151,pass
2009-12-03,30,0.004792517964459508,pass
2009-12-04,30,0.004777184262963474,pass
2009-12-07,30,0.004911271578554588,pass
2009-12-08,30,0.005004972582489664,pass
2009-12-09,30,0.004441208274023889,pass
2009-12-10,30,0.004792630570182865,pass
2009-12-11,30,0.004982788535529137,pass
2009-12-14,30,0.004988883819667667,pass
2009-12-15,30,0.004989713673561602,pass
2009-12-16,30,0.00439701205057208,pass
2009-12-17,30,0.004901666372063296,pass
2009-12-18,30,0.004776272739051568,pass
2009-12-21,30,0.00492017962913649,pass
2009-12-22,30,0.004978345585840427,pass
2009-12-23,30,0.004997572990430785,pass
2009-12-24,30,0.004964999168882711,pass
2009-12-28,30,0.004723194949110554,pass
2009-12-29,30,0.004743574768852066,pass
2009-12-30,30,0.004905567027035929,pass
2009-12-31,30,0.004992919598462153,pass
2010-01-04,30,0.004979133556154425,pass
2010-01-05,30,0.004972367545277856,pass
2010-01-06,30,0.004841206127925712,pass
2010-01-07,30,0.004829824645780079,pass
2010-01-08,30,0.004574938204382484,pass
2010-01-11,30,0.004944386346461549,pass
2010-01-12,30,0.004644792795799324,pass
2010-01-13,30,0.0048342186315109,pass
2010-01-14,30,0.004873770500513075,pass
2010-01-15,30,0.004911875596154414,pass
2010-01-19,30,0.004834692451834155,pass
2010-01-20,30,0.004881756207140292,pass
2010-01-21,30,0.004483782176656348,pass
2010-01-22,30,0.004673563053989027,pass
2010-01-25,30,0.004921377308522712,pass
2010-01-26,30,0.004958287537562556,pass
2010-01-27,30,0.004641166918006867,pass
2010-01-28,30,0.004784373081323512,pass
2010-01-29,30,0.004774772655244397,pass
2010-02-01,30,0.004772768294261653,pass
2010-02-02,30,0.004990020984682597,pass
2010-02-03,30,0.004910949441758183,pass
2010-02-04,30,0.004752211157019182,pass
2010-02-05,30,0.005021478984360006,pass
2010-02-08,30,0.0049815590420776434,pass
2010-02-09,30,0.004651736328423195,pass
2010-02-10,30,0.004852587641157591,pass
2010-02-11,30,0.004956131514077811,pass
2010-02-12,30,0.00494187195575202,pass
2010-02-16,30,0.0046975840949786685,pass
2010-02-17,30,0.005000267274055115,pass
2010-02-18,30,0.004967961651641817,pass
2010-02-19,30,0.004953340266566908,pass
2010-02-22,30,0.004928377833127162,pass
2010-02-23,30,0.004962386300454147,pass
2010-02-24,30,0.0049478639889410925,pass
2010-02-25,30,0.004953085109837829,pass
2010-02-26,30,0.0049477966818090025,pass
2010-03-01,30,0.004671311692556676,pass
2010-03-02,30,0.004447740865540228,pass
2010-03-03,30,0.004943486342084968,pass
2010-03-04,30,0.0045783471291221955,pass
2010-03-05,30,0.004991993647132653,pass
2010-03-08,30,0.0047399803919379035,pass
2010-03-09,30,0.004896533409223802,pass
2010-03-10,30,0.0047860102932173465,pass
2010-03-11,30,0.004944648591825862,pass
2010-03-12,30,0.004658430391470125,pass
2010-03-15,30,0.004617715832003211,pass
2010-03-16,30,0.004850996654856554,pass
2010-03-17,30,0.004915784100664039,pass
2010-03-18,30,0.004968252425609221,pass
2010-03-19,30,0.004779748256963229,pass
2010-03-22,30,0.004888601718086583,pass
2010-03-23,30,0.004920859096937957,pass
2010-03-24,30,0.004975344614840949,pass
2010-03-25,30,0.004430659571383333,pass
2010-03-26,30,0.0049667784109835855,pass
2010-03-29,30,0.0049782475421839,pass
2010-03-30,30,0.004945097460788694,pass
2010-03-31,30,0.004505403086267623,pass
2010-04-01,30,0.004979716687197877,pass
2010-04-02,30,0.004409395120419379,pass
2010-04-05,30,0.0049706937281512875,pass
2010-04-06,30,0.004964991751196454,pass
2010-04-07,30,0.004815798741938937,pass
2010-04-08,30,0.004907331492692846,pass
2010-04-09,30,0.004423531599628827,pass
2010-04-12,30,0.004773096448154601,pass
2010-04-13,30,0.004981534823603195,pass
2010-04-14,30,0.004589256974441014,pass
2010-04-15,30,0.005011739417429273,pass
2010-04-16,30,0.004297849304849,pass
2010-04-19,30,0.0049458823433989885,pass
2010-04-20,30,0.005000241126776328,pass
2010-04-21,30,0.004876502584447162,pass
2010-04-22,30,0.00474202135690438,pass
2010-04-23,30,0.004728827698030624,pass
2010-04-26,30,0.005019633561240133,pass
2010-04-27,30,0.004962170859351689,pass
2010-04-28,30,0.004842428362253348,pass
2010-04-29,30,0.0048696614580491515,pass
2010-04-30,30,0.004909479800821459,pass
2010-05-03,30,0.004995900724918956,pass
2010-05-04,30,0.004630541253908271,pass
2010-05-05,30,0.004972683302073566,pass
2010-05-06,30,0.004533720558905219,pass
2010-05-07,30,0.004937270650998138,pass
2010-05-10,30,0.004878734925356509,pass
2010-05-11,30,0.004864703996923514,pass
2010-05-12,30,0.005006108827407263,pass
2010-05-13,30,0.004882882931565857,pass
2010-05-14,30,0.005005140068375935,pass
2010-05-17,30,0.004984698161736301,pass
2010-05-18,30,0.004952445791664775,pass
2010-05-19,30,0.0047965723201301436,pass
2010-05-20,30,0.004816015975184218,pass
2010-05-21,30,0.004890807850169154,pass
2010-05-24,30,0.004975792594272277,pass
2010-05-25,30,0.00491731193041911,pass
2010-05-26,30,0.004664559617659214,pass
2010-05-27,30,0.004980085568095927,pass
2010-05-28,30,0.004832575767887981,pass
2010-06-01,30,0.004860365587396054,pass
2010-06-02,30,0.004581293707311973,pass
2010-06-03,30,0.004872289740553981,pass
2010-06-04,30,0.004719517831403008,pass
2010-06-07,30,0.004905284497550011,pass
2010-06-08,30,0.004970578633342604,pass
2010-06-09,30,0.0049444468451509405,pass
2010-06-10,30,0.004621238560709173,pass
2010-06-11,30,0.004675391224867598,pass
2010-06-14,30,0.0046651501449390675,pass
2010-06-15,30,0.0049606422012488105,pass
2010-06-16,30,0.004422223143091264,pass
2010-06-17,30,0.004913895078340058,pass
2010-06-18,30,0.004891496807185591,pass
2010-06-21,30,0.004997149408436652,pass
2010-06-22,30,0.004835839409328413,pass
2010-06-23,30,0.004501821270833095,pass
2010-06-24,30,0.004953406864058318,pass
2010-06-25,30,0.004921519858730461,pass
2010-06-28,30,0.004825862104720913,pass
2010-06-29,30,0.004932784988392891,pass
2010-06-30,30,0.004972230358835095,pass
2010-07-01,30,0.00500900104151436,pass
2010-07-02,30,0.00447780201362491,pass
2010-07-06,30,0.004878645977410279,pass
2010-07-07,30,0.004681250374838353,pass
2010-07-08,30,0.005007652548114083,pass
2010-07-09,30,0.004483169612316817,pass
2010-07-12,30,0.004878631888320141,pass
2010-07-13,30,0.004823419604005341,pass
2010-07-14,30,0.004891200379528865,pass
2010-07-15,30,0.004790764535286818,pass
2010-07-16,30,0.004520680017064405,pass
2010-07-19,30,0.004722566720270077,pass
2010-07-20,30,0.0040671370261924356,pass
2010-07-21,30,0.004964085439096433,pass
2010-07-22,30,0.004845395366326333,pass
2010-07-23,30,0.004730527434909648,pass
2010-07-26,30,0.004799682364262092,pass
2010-07-27,30,0.0048664038412166155,pass
2010-07-28,30,0.00451461786128704,pass
2010-07-29,30,0.0046186235102413375,pass
2010-07-30,30,0.004908943605714047,pass
2010-08-02,30,0.0049508891935418076,pass
2010-08-03,30,0.004332985472574324,pass
2010-08-04,30,0.004882619658377885,pass
2010-08-05,30,0.00496197511315466,pass
2010-08-06,30,0.004640969866742672,pass
2010-08-09,30,0.004635196406387043,pass
2010-08-10,30,0.0050113983211114155,pass
2010-08-11,30,0.0048546896811579865,pass
2010-08-12,30,0.004857348558026664,pass
2010-08-13,30,0.004934296773187463,pass
2010-08-16,30,0.004992093847952517,pass
2010-08-17,30,0.004975042462648793,pass
2010-08-18,30,0.004818495339189988,pass
2010-08-19,30,0.00472565577842865,pass
2010-08-20,30,0.004706969617546131,pass
2010-08-23,30,0.004833878057691754,pass
2010-08-24,30,0.004960570797948871,pass
2010-08-25,30,0.0047827327220167914,pass
2010-08-26,30,0.0049454589703262775,pass
2010-08-27,30,0.0047247188208338065,pass
2010-08-30,30,0.004788804397887203,pass
2010-08-31,30,0.00481284977656149,pass
2010-09-01,30,0.004941203963562679,pass
2010-09-02,30,0.0048756377265743445,pass
2010-09-03,30,0.004737383523592542,pass
2010-09-07,30,0.004778981601422094,pass
2010-09-08,30,0.004795703017757003,pass
2010-09-09,30,0.004872107704514093,pass
2010-09-10,30,0.004992677051160466,pass
2010-09-13,30,0.004798948851497675,pass
2010-09-14,30,0.004886064658080058,pass
2010-09-15,30,0.004895090815262848,pass
2010-09-16,30,0.004950767243765142,pass
2010-09-17,30,0.004973465605280156,pass
2010-09-20,30,0.004946012264403499,pass
2010-09-21,30,0.004814658026500163,pass
2010-09-22,30,0.0049499663586083376,pass
2010-09-23,30,0.004672974075409578,pass
2010-09-24,30,0.004957817938064379,pass
2010-09-27,30,0.00482581247199243,pass
2010-09-28,30,0.0049571214286864285,pass
2010-09-29,30,0.004737967386533176,pass
2010-09-30,30,0.004832615759162162,pass
2010-10-01,30,0.004893181873473484,pass
2010-10-04,30,0.004950863454243962,pass
2010-10-05,30,0.005006480451874573,pass
2010-10-06,30,0.004736323180321023,pass
2010-10-07,30,0.004910481256545363,pass
2010-10-08,30,0.004814838496791651,pass
2010-10-12,30,0.004912695047223914,pass
2010-10-13,30,0.004812248584002213,pass
2010-10-14,30,0.004981145033597367,pass
2010-10-15,30,0.004743108940608032,pass
2010-10-18,30,0.004893666143077069,pass
2010-10-19,30,0.004657373042708628,pass
2010-10-20,30,0.004293677422027159,pass
2010-10-21,30,0.004676403459486639,pass
2010-10-22,30,0.004848046715848209,pass
2010-10-25,30,0.004695957693014174,pass
2010-10-26,30,0.004932465549958853,pass
2010-10-27,30,0.004385021360386529,pass
2010-10-28,30,0.004833774765664045,pass
2010-10-29,30,0.0048887487405502306,pass
2010-11-01,30,0.004967980559364427,pass
2010-11-02,30,0.004768386970208094,pass
2010-11-03,30,0.004795090633134824,pass
2010-11-04,30,0.00497901921289734,pass
2010-11-05,30,0.004973315045342375,pass
2010-11-08,30,0.004822101497617415,pass
2010-11-09,30,0.004873498219322425,pass
2010-11-10,30,0.004802822548902186,pass
2010-11-12,30,0.004739997978048423,pass
2010-11-15,30,0.004747792581027976,pass
2010-11-16,30,0.004667557187039428,pass
2010-11-17,30,0.004719418803880715,pass
2010-11-18,30,0.004972765071178942,pass
2010-11-19,30,0.004876662530834894,pass
2010-11-22,30,0.004989041730435462,pass
2010-11-23,30,0.00452465381578504,pass
2010-11-24,30,0.004925673608990877,pass
2010-11-26,30,0.0046638030389012375,pass
2010-11-29,30,0.004862128484758865,pass
2010-11-30,30,0.004587059716058828,pass
2010-12-01,30,0.004817248684743647,pass
2010-12-02,30,0.004228790840034302,pass
2010-12-03,30,0.004966577901444058,pass
2010-12-06,30,0.004984125074949941,pass
2010-12-07,30,0.004884275362181112,pass
2010-12-08,30,0.004803882436531237,pass
2010-12-09,30,0.004746399065742174,pass
2010-12-10,30,0.004825024946739087,pass
2010-12-13,30,0.004952032921987093,pass
2010-12-14,30,0.004908648681342664,pass
2010-12-15,30,0.004879673317567668,pass
2010-12-16,30,0.004600535798010563,pass
2010-12-17,30,0.004955303616882567,pass
2010-12-20,30,0.004973968402988138,pass
2010-12-21,30,0.004736777628674971,pass
2010-12-22,30,0.004852355401686881,pass
2010-12-23,30,0.00500664079222668,pass
2010-12-27,30,0.004917534105197685,pass
2010-12-28,30,0.00496448929451776,pass
2010-12-29,30,0.004962142987272045,pass
2010-12-30,30,0.004817443683066691,pass
2010-12-31,30,0.004750208949660939,pass
2011-01-03,30,0.00499569305700831,pass
2011-01-04,30,0.004804398954436073,pass
2011-01-05,30,0.004909582176707006,pass
2011-01-06,30,0.004906430484952207,pass
2011-01-07,30,0.00496351641919579,pass
2011-01-10,30,0.004839560584918301,pass
2011-01-11,30,0.00480241719308383,pass
2011-01-12,30,0.004854222546285536,pass
2011-01-13,30,0.004591619345850617,pass
2011-01-14,30,0.004704094741653231,pass
2011-01-18,30,0.004925077278575274,pass
2011-01-19,30,0.004903544001885751,pass
2011-01-20,30,0.004696672051621165,pass
2011-01-21,30,0.0044286020390443825,pass
2011-01-24,30,0.004891934174029722,pass
2011-01-25,30,0.004968319389300757,pass
2011-01-26,30,0.00480498988701672,pass
2011-01-27,30,0.004709456436560733,pass
2011-01-28,30,0.004976650664631835,pass
2011-01-31,30,0.004977955750315455,pass
2011-02-01,30,0.00479684233434946,pass
2011-02-02,30,0.004964435404153367,pass
2011-02-03,30,0.00474339619929709,pass
2011-02-04,30,0.004846037866546027,pass
2011-02-07,30,0.0048513427268427264,pass
2011-02-08,30,0.004897344600823805,pass
2011-02-09,30,0.004801316104210973,pass
2011-02-10,30,0.0049681206875512585,pass
2011-02-11,30,0.0046224668079353215,pass
2011-02-14,30,0.004962906410763135,pass
2011-02-15,30,0.0049427988236400155,pass
2011-02-16,30,0.00473011015515723,pass
2011-02-17,30,0.004828640019632902,pass
2011-02-18,30,0.004842435777224763,pass
2011-02-22,30,0.004840291711466493,pass
2011-02-23,30,0.004998479865986338,pass
2011-02-24,30,0.004913875296594372,pass
2011-02-25,30,0.004866533059241784,pass
2011-02-28,30,0.004909414484388641,pass
2011-03-01,30,0.004641656566883867,pass
2011-03-02,30,0.004949383588317979,pass
2011-03-03,30,0.00500493544948466,pass
2011-03-04,30,0.0049511879416513915,pass
2011-03-07,30,0.0049607248781696756,pass
2011-03-08,30,0.004978540742404947,pass
2011-03-09,30,0.004963732981658198,pass
2011-03-10,30,0.004988650604692557,pass
2011-03-11,30,0.004955698723815849,pass
2011-03-14,30,0.0049001964368827755,pass
2011-03-15,30,0.004911715454219978,pass
2011-03-16,30,0.004958549949807267,pass
2011-03-17,30,0.004805068614874286,pass
2011-03-18,30,0.004865588320093761,pass
2011-03-21,30,0.004982535104572361,pass
2011-03-22,30,0.004917504793922056,pass
2011-03-23,30,0.0048825528533441576,pass
2011-03-24,30,0.004914658393098681,pass
2011-03-25,30,0.0049912240889654624,pass
2011-03-28,30,0.004909962425317382,pass
2011-03-29,30,0.004882531773400811,pass
2011-03-30,30,0.004962124959964967,pass
2011-03-31,30,0.004978449916898109,pass
2011-04-01,30,0.004901750972272079,pass
2011-04-04,30,0.004788894517556742,pass
2011-04-05,30,0.0047524206593652085,pass
2011-04-06,30,0.004965928852244256,pass
2011-04-07,30,0.004475516497542964,pass
2011-04-08,30,0.004829503146216996,pass
2011-04-11,30,0.004947853197399821,pass
2011-04-12,30,0.00486867570211047,pass
2011-04-13,30,0.004855860907607146,pass
2011-04-14,30,0.004795647983793505,pass
2011-04-15,30,0.004608392627988844,pass
2011-04-18,30,0.0049360415638882715,pass
2011-04-19,30,0.004701129849432606,pass
2011-04-20,30,0.0049498565798944405,pass
2011-04-21,30,0.004886404626897045,pass
2011-04-25,30,0.00481832189362652,pass
2011-04-26,30,0.004772516736528676,pass
2011-04-27,30,0.004928340056123415,pass
2011-04-28,30,0.004620323680627758,pass
2011-04-29,30,0.004772069539735191,pass
2011-05-02,30,0.004905236914154454,pass
2011-05-03,30,0.004930741430708707,pass
2011-05-04,30,0.004860201769305017,pass
2011-05-05,30,0.004952034479144274,pass
2011-05-06,30,0.004678898493926109,pass
2011-05-09,30,0.004942200412735853,pass
2011-05-10,30,0.004866486925311775,pass
2011-05-11,30,0.00498555592892691,pass
2011-05-12,30,0.004757461311566402,pass
2011-05-13,30,0.0048449306407766235,pass
2011-05-16,30,0.004876350958929465,pass
2011-05-17,30,0.00500962995086951,pass
2011-05-18,30,0.004951076960357792,pass
2011-05-19,30,0.004771805996606898,pass
2011-05-20,30,0.004993288517107786,pass
2011-05-23,30,0.00473401832502135,pass
2011-05-24,30,0.0049508368020478866,pass
2011-05-25,30,0.0048287263840554595,pass
2011-05-26,30,0.004740244947259997,pass
2011-05-27,30,0.004710914781186348,pass
2011-05-31,30,0.004690188901228763,pass
2011-06-01,30,0.004895962404487253,pass
2011-06-02,30,0.004885671021255533,pass
2011-06-03,30,0.004772297558658378,pass
2011-06-06,30,0.0050038821403780576,pass
2011-06-07,30,0.004991568897869114,pass
2011-06-08,30,0.004785230991732892,pass
2011-06-09,30,0.004224320913001622,pass
2011-06-10,30,0.004956228129397722,pass
2011-06-13,30,0.004716640188626164,pass
2011-06-14,30,0.004674871095164401,pass
2011-06-15,30,0.00478902104542045,pass
2011-06-16,30,0.004590403450514813,pass
2011-06-17,30,0.004883477458181296,pass
2011-06-20,30,0.004878993138113241,pass
2011-06-21,30,0.004951704122083123,pass
2011-06-22,30,0.004862932018526167,pass
2011-06-23,30,0.004950840626141706,pass
2011-06-24,30,0.004880967596695984,pass
2011-06-27,30,0.004985706774790488,pass
2011-06-28,30,0.004914238533604287,pass
2011-06-29,30,0.004783235248301265,pass
2011-06-30,30,0.004920959787665415,pass
2011-07-01,30,0.00494972948232586,pass
2011-07-05,30,0.004879117944181499,pass
2011-07-06,30,0.0047159993887130325,pass
2011-07-07,30,0.004968996837294293,pass
2011-07-08,30,0.004907917716817645,pass
2011-07-11,30,0.004642202755811287,pass
2011-07-12,30,0.004769821049729894,pass
2011-07-13,30,0.004883914763442743,pass
2011-07-14,30,0.004700275301403045,pass
2011-07-15,30,0.00473351774971098,pass
2011-07-18,30,0.004970050323203912,pass
2011-07-19,30,0.004979577551064707,pass
2011-07-20,30,0.004972174940526264,pass
2011-07-21,30,0.004857995868703946,pass
2011-07-22,30,0.004981447701835062,pass
2011-07-25,30,0.004944840819066931,pass
2011-07-26,30,0.004895420844461262,pass
2011-07-27,30,0.004831736663823971,pass
2011-07-28,30,0.004502527790120614,pass
2011-07-29,30,0.0049802699440479326,pass
2011-08-01,30,0.004866234437975181,pass
2011-08-02,30,0.004915084805615089,pass
2011-08-03,30,0.0049693025192670826,pass
2011-08-04,30,0.0049120244962480575,pass
2011-08-05,30,0.004998681252129343,pass
2011-08-08,30,0.004729509204617899,pass
2011-08-09,30,0.004834966945699293,pass
2011-08-10,30,0.004910015041700855,pass
2011-08-11,30,0.004940400981090498,pass
2011-08-12,30,0.004992952754023783,pass
2011-08-15,30,0.004834455952541783,pass
2011-08-16,30,0.004672735585548038,pass
2011-08-17,30,0.004981125523439989,pass
2011-08-18,30,0.004774041207668278,pass
2011-08-19,30,0.0048427947346024736,pass
2011-08-22,30,0.004997493696368149,pass
2011-08-23,30,0.004991444453109062,pass
2011-08-24,30,0.00490334086340749,pass
2011-08-25,30,0.004960549301741279,pass
2011-08-26,30,0.00486610021849937,pass
2011-08-29,30,0.004866617634002174,pass
2011-08-30,30,0.004813862012204018,pass
2011-08-31,30,0.004788132509092602,pass
2011-09-01,30,0.004814039129552583,pass
2011-09-02,30,0.004702061837356941,pass
2011-09-06,30,0.004945269302981947,pass
2011-09-07,30,0.004912871102852323,pass
2011-09-08,30,0.004875006744953225,pass
2011-09-09,30,0.004949297714943596,pass
2011-09-12,30,0.005000883079621377,pass
2011-09-13,30,0.004916467780217981,pass
2011-09-14,30,0.004901178382865634,pass
2011-09-15,30,0.004980378307886668,pass
2011-09-16,30,0.00465268704716304,pass
2011-09-19,30,0.004669247369824825,pass
2011-09-20,30,0.004337808736550042,pass
2011-09-21,30,0.004677717534741499,pass
2011-09-22,30,0.004860638529273487,pass
2011-09-23,30,0.004853064673841778,pass
2011-09-26,30,0.0047966271941521366,pass
2011-09-27,30,0.0045425252560502005,pass
2011-09-28,30,0.004783957144628703,pass
2011-09-29,30,0.00456234544955747,pass
2011-09-30,30,0.004794595335304297,pass
2011-10-03,30,0.004939270641657334,pass
2011-10-04,30,0.0048203167752128295,pass
2011-10-05,30,0.004686614858973037,pass
2011-10-06,30,0.004838955476454965,pass
2011-10-07,30,0.0046540779201006965,pass
2011-10-11,30,0.004930672596863833,pass
2011-10-12,30,0.0045150162050755505,pass
2011-10-13,30,0.004671143363269535,pass
2011-10-14,30,0.004458241987283229,pass
2011-10-17,30,0.0036256801723769105,pass
2011-10-18,30,0.0049123146073082324,pass
2011-10-19,30,0.004688819345982642,pass
2011-10-20,30,0.004659797492659323,pass
2011-10-21,30,0.004978563644536527,pass
2011-10-24,30,0.004938170061058456,pass
2011-10-25,30,0.00480499420766646,pass
2011-10-26,30,0.004625148809916935,pass
2011-10-27,30,0.004886443754417713,pass
2011-10-28,30,0.0044142443576811186,pass
2011-10-31,30,0.00489591433620179,pass
2011-11-01,30,0.004993224631787141,pass
2011-11-02,30,0.004844492024966285,pass
2011-11-03,30,0.004853330110958509,pass
2011-11-04,30,0.004276375444277336,pass
2011-11-07,30,0.004987832250002988,pass
2011-11-08,30,0.004723241809403977,pass
2011-11-09,30,0.004950969608522038,pass
2011-11-10,30,0.004833687541130893,pass
2011-11-14,30,0.0050010670970407345,pass
2011-11-15,30,0.005003641362563704,pass
2011-11-16,30,0.004986049651871383,pass
2011-11-17,30,0.004923649568472355,pass
2011-11-18,30,0.004822306652971925,pass
2011-11-21,30,0.00494387898109655,pass
2011-11-22,30,0.004937050244544633,pass
2011-11-23,30,0.004937038064964372,pass
2011-11-25,30,0.004984495180042348,pass
2011-11-28,30,0.0049517317550137885,pass
2011-11-29,30,0.00485852659725533,pass
2011-11-30,30,0.004932932424622782,pass
2011-12-01,30,0.004670566451578373,pass
2011-12-02,30,0.004658713056472641,pass
2011-12-05,30,0.004629578677362023,pass
2011-12-06,30,0.004821417847883369,pass
2011-12-07,30,0.004796974411615251,pass
2011-12-08,30,0.004892534068989818,pass
2011-12-09,30,0.0048845618414936065,pass
2011-12-12,30,0.004753329349987956,pass
2011-12-13,30,0.004932821705688761,pass
2011-12-14,30,0.003841913200318403,pass
2011-12-15,30,0.004925138085646458,pass
2011-12-16,30,0.004970995942563637,pass
2011-12-19,30,0.004704016451466397,pass
2011-12-20,30,0.004842252741069086,pass
2011-12-21,30,0.004755671475856205,pass
2011-12-22,30,0.004747497257782951,pass
2011-12-23,30,0.004847558928711138,pass
2011-12-27,30,0.004861399638964384,pass
2011-12-28,30,0.004860126937462905,pass
2011-12-29,30,0.004921917217143995,pass
2011-12-30,30,0.004927695575196456,pass
2012-01-03,30,0.0048796808312795426,pass
2012-01-04,30,0.0046193918154871505,pass
2012-01-05,30,0.004955203181944423,pass
2012-01-06,30,0.004911785490870069,pass
2012-01-09,30,0.004881401511648564,pass
2012-01-10,30,0.004825801256207185,pass
2012-01-11,30,0.0049709256703858035,pass
2012-01-12,30,0.004828437016983489,pass
2012-01-13,30,0.004885432739413359,pass
2012-01-17,30,0.004705182968557653,pass
2012-01-18,30,0.004812391323862943,pass
2012-01-19,30,0.004957442512887322,pass
2012-01-20,30,0.004853270589404157,pass
2012-01-23,30,0.004780388739231145,pass
2012-01-24,30,0.0049188011563144896,pass
2012-01-25,30,0.00489740508292924,pass
2012-01-26,30,0.004913105400780604,pass
2012-01-27,30,0.004995227397622259,pass
2012-01-30,30,0.004705404158741877,pass
2012-01-31,30,0.004903555786556213,pass
2012-02-01,30,0.004986354187018482,pass
2012-02-02,30,0.004924369444198225,pass
2012-02-03,30,0.0049271578261844695,pass
2012-02-06,30,0.004626875537046271,pass
2012-02-07,30,0.004838312447213999,pass
2012-02-08,30,0.004659596491724677,pass
2012-02-09,30,0.00498002439248274,pass
2012-02-10,30,0.0048230103699697935,pass
2012-02-13,30,0.004436886396584627,pass
2012-02-14,30,0.004979233401130462,pass
2012-02-15,30,0.004858820360706395,pass
2012-02-16,30,0.004855585677629448,pass
2012-02-17,30,0.004729967749902975,pass
2012-02-21,30,0.0044454587400794,pass
2012-02-22,30,0.004980289376246838,pass
2012-02-23,30,0.0045707492054777865,pass
2012-02-24,30,0.004718844050597554,pass
2012-02-27,30,0.004940027489470922,pass
2012-02-28,30,0.0050000621328212536,pass
2012-02-29,30,0.0047777815516403255,pass
2012-03-01,30,0.0048528811547737805,pass
2012-03-02,30,0.004844096050532487,pass
2012-03-05,30,0.004693946205509836,pass
2012-03-06,30,0.004592542917486453,pass
2012-03-07,30,0.004984736447499749,pass
2012-03-08,30,0.004930317041781929,pass
2012-03-09,30,0.004985616933600445,pass
2012-03-12,30,0.004863329020506069,pass
2012-03-13,30,0.00489655837918046,pass
2012-03-14,30,0.004959596198034211,pass
2012-03-15,30,0.004957058219873245,pass
2012-03-16,30,0.004969167388957363,pass
2012-03-19,30,0.004807399626369224,pass
2012-03-20,30,0.0048923781998180815,pass
2012-03-21,30,0.004737842332763753,pass
2012-03-22,30,0.004787203488152564,pass
2012-03-23,30,0.004956917687912177,pass
2012-03-26,30,0.004882183648035471,pass
2012-03-27,30,0.004959889584078836,pass
2012-03-28,30,0.004666961844063122,pass
2012-03-29,30,0.00494727135105788,pass
2012-03-30,30,0.004622271294330016,pass
2012-04-02,30,0.004684536394836125,pass
2012-04-03,30,0.00472207576953515,pass
2012-04-04,30,0.004934514616014574,pass
2012-04-05,30,0.004971997112218629,pass
2012-04-06,30,0.004984678271258147,pass
2012-04-09,30,0.004985283719033395,pass
2012-04-10,30,0.004960394268047064,pass
2012-04-11,30,0.004631995587089932,pass
2012-04-12,30,0.00467157312285249,pass
2012-04-13,30,0.0047140117753058375,pass
2012-04-16,30,0.004910459327940597,pass
2012-04-17,30,0.004887868007563689,pass
2012-04-18,30,0.004907604046963665,pass
2012-04-19,30,0.004627481785535181,pass
2012-04-20,30,0.004839351419455573,pass
2012-04-23,30,0.0049902853670701075,pass
2012-04-24,30,0.0044230412114820705,pass
2012-04-25,30,0.004878174789369437,pass
2012-04-26,30,0.004788839192415573,pass
2012-04-27,30,0.004907841856032977,pass
2012-04-30,30,0.004900871224018666,pass
2012-05-01,30,0.004757630074452013,pass
2012-05-02,30,0.004989609702077402,pass
2012-05-03,30,0.00499448493604393,pass
2012-05-04,30,0.004868172395547377,pass
2012-05-07,30,0.004606519328105574,pass
2012-05-08,30,0.004902021001652879,pass
2012-05-09,30,0.004980018518882523,pass
2012-05-10,30,0.004958902177897712,pass
2012-05-11,30,0.004918311481048009,pass
2012-05-14,30,0.004757843507395207,pass
2012-05-15,30,0.004935059178534651,pass
2012-05-16,30,0.004988127345149224,pass
2012-05-17,30,0.004933634306751589,pass
2012-05-18,30,0.005004617794311661,pass
2012-05-21,30,0.0048877233440117185,pass
2012-05-22,30,0.004931112011358207,pass
2012-05-23,30,0.004896929158230284,pass
2012-05-24,30,0.004952400636838716,pass
2012-05-25,30,0.0048838234905507205,pass
2012-05-29,30,0.00456351745592963,pass
2012-05-30,30,0.004989748786064785,pass
2012-05-31,30,0.004916019665079235,pass
2012-06-01,30,0.00490327105404087,pass
2012-06-04,30,0.004883388356816121,pass
2012-06-05,30,0.004930267171014691,pass
2012-06-06,30,0.0049186366422177,pass
2012-06-07,30,0.00474350994554909,pass
2012-06-08,30,0.004787842183065494,pass
2012-06-11,30,0.00481385290056896,pass
2012-06-12,30,0.004968700620736066,pass
2012-06-13,30,0.0049175083078820125,pass
2012-06-14,30,0.004721326692692929,pass
2012-06-15,30,0.00493356455282673,pass
2012-06-18,30,0.004972133314830318,pass
2012-06-19,30,0.004874965122310393,pass
2012-06-20,30,0.004944521746069741,pass
2012-06-21,30,0.00464161114207412,pass
2012-06-22,30,0.004970921197323258,pass
2012-06-25,30,0.0045462469992069154,pass
2012-06-26,30,0.004977891314775218,pass
2012-06-27,30,0.004935487535415867,pass
2012-06-28,30,0.004867224892811384,pass
2012-06-29,30,0.004941961748178986,pass
2012-07-02,30,0.004712022807010219,pass
2012-07-03,30,0.004944484936729443,pass
2012-07-05,30,0.004868286219879281,pass
2012-07-06,30,0.0049137656124229045,pass
2012-07-09,30,0.0045598294109300275,pass
2012-07-10,30,0.004968304577329663,pass
2012-07-11,30,0.004515281987866292,pass
2012-07-12,30,0.0047307723657734335,pass
2012-07-13,30,0.00485679311403725,pass
2012-07-16,30,0.004959349880328395,pass
2012-07-17,30,0.00484137298650128,pass
2012-07-18,30,0.004790520623659811,pass
2012-07-19,30,0.00493948522320431,pass
2012-07-20,30,0.0045967767581256425,pass
2012-07-23,30,0.004734263607253375,pass
2012-07-24,30,0.004696756324604721,pass
2012-07-25,30,0.004724010745152385,pass
2012-07-26,30,0.004853416387881615,pass
2012-07-27,30,0.004948639799294552,pass
2012-07-30,30,0.004783256862426685,pass
2012-07-31,30,0.004795455433304063,pass
2012-08-01,30,0.004631084349164538,pass
2012-08-02,30,0.00493649987575763,pass
2012-08-03,30,0.004935753475081989,pass
2012-08-06,30,0.0046620929655682986,pass
2012-08-07,30,0.00490406676090932,pass
2012-08-08,30,0.004907762346188088,pass
2012-08-09,30,0.0049098172603956325,pass
2012-08-10,30,0.004907944796926633,pass
2012-08-13,30,0.004945886054388837,pass
2012-08-14,30,0.004385235607175242,pass
2012-08-15,30,0.0049469535952102045,pass
2012-08-16,30,0.004974682470369751,pass
2012-08-17,30,0.004738273664973286,pass
2012-08-20,30,0.004977832370259283,pass
2012-08-21,30,0.004881170714288174,pass
2012-08-22,30,0.004821247032542331,pass
2012-08-23,30,0.004617968780099707,pass
2012-08-24,30,0.004956494016848667,pass
2012-08-27,30,0.004739662387738541,pass
2012-08-28,30,0.004739273416244638,pass
2012-08-29,30,0.004690879329000142,pass
2012-08-30,30,0.004727816400006135,pass
2012-08-31,30,0.004824766925773383,pass
2012-09-04,30,0.004854857278586977,pass
2012-09-05,30,0.004938182987801465,pass
2012-09-06,30,0.004917669204906883,pass
2012-09-07,30,0.004638063364863221,pass
2012-09-10,30,0.004819451133262348,pass
2012-09-11,30,0.004897800236856181,pass
2012-09-12,30,0.004851305235899217,pass
2012-09-13,30,0.00482527449365,pass
2012-09-14,30,0.004913000724096617,pass
2012-09-17,30,0.005004462700006207,pass
2012-09-18,30,0.004885637669097692,pass
2012-09-19,30,0.004680066627259227,pass
2012-09-20,30,0.004837760370166727,pass
2012-09-21,30,0.00463593149469671,pass
2012-09-24,30,0.004714707169811705,pass
2012-09-25,30,0.004993864973663886,pass
2012-09-26,30,0.004965058281462993,pass
2012-09-27,30,0.004957972885299977,pass
2012-09-28,30,0.004973662910828791,pass
2012-10-01,30,0.004921131143420521,pass
2012-10-02,30,0.004960070516674131,pass
2012-10-03,30,0.004903860080242815,pass
2012-10-04,30,0.004744223071270759,pass
2012-10-05,30,0.0048424732489171785,pass
2012-10-09,30,0.004960103023414486,pass
2012-10-10,30,0.004918434655352966,pass
2012-10-11,30,0.004865988500260543,pass
2012-10-12,30,0.004723573523886249,pass
2012-10-15,30,0.004909801795474622,pass
2012-10-16,30,0.004911780713094671,pass
2012-10-17,30,0.00482770629309931,pass
2012-10-18,30,0.004826088616446955,pass
2012-10-19,30,0.004664350107506932,pass
2012-10-22,30,0.00423793713882209,pass
2012-10-23,30,0.004892087361631214,pass
2012-10-24,30,0.004979296958636074,pass
2012-10-25,30,0.004948972099176607,pass
2012-10-26,30,0.004788847726804046,pass
2012-10-29,30,0.004834863823032637,pass
2012-10-31,30,0.0048063922070476495,pass
2012-11-01,30,0.004755852882620815,pass
2012-11-02,30,0.004794412843192597,pass
2012-11-05,30,0.004968470978285178,pass
2012-11-06,30,0.004908323506282175,pass
2012-11-07,30,0.004914023056731831,pass
2012-11-08,30,0.00470667073773634,pass
2012-11-09,30,0.004955975488468711,pass
2012-11-13,30,0.00487528064448909,pass
2012-11-14,30,0.004961571239484042,pass
2012-11-15,30,0.004773567986171567,pass
2012-11-16,30,0.004889979659493393,pass
2012-11-19,30,0.004970321238560033,pass
2012-11-20,30,0.004908417614163385,pass
2012-11-21,30,0.004977441210342326,pass
2012-11-23,30,0.004910267313584793,pass
2012-11-26,30,0.0049833740286067685,pass
2012-11-27,30,0.004942446963501768,pass
2012-11-28,30,0.004895338088749257,pass
2012-11-29,30,0.004958159268535212,pass
2012-11-30,30,0.004977691528372519,pass
2012-12-03,30,0.0046237021361032055,pass
2012-12-04,30,0.004832813014325754,pass
2012-12-05,30,0.004914044142538543,pass
2012-12-06,30,0.004978005514189032,pass
2012-12-07,30,0.004959078733777003,pass
2012-12-10,30,0.004955981758036909,pass
2012-12-11,30,0.004861874655058551,pass
2012-12-12,30,0.004805973800106611,pass
2012-12-13,30,0.004792039824084993,pass
2012-12-14,30,0.004747106480615382,pass
2012-12-17,30,0.005006857687964161,pass
2012-12-18,30,0.004978719336428197,pass
2012-12-19,30,0.004961490861835061,pass
2012-12-20,30,0.004991163720970138,pass
2012-12-21,30,0.0049258313208986465,pass
2012-12-24,30,0.004975232285563125,pass
2012-12-26,30,0.004987740080571179,pass
2012-12-27,30,0.0047444293755499745,pass
2012-12-28,30,0.004662356387040434,pass
2012-12-31,30,0.004743967549347694,pass
2013-01-02,30,0.0048928109737736425,pass
2013-01-03,30,0.004987519010325736,pass
2013-01-04,30,0.004592957164317735,pass
2013-01-07,30,0.004733321742264596,pass
2013-01-08,30,0.004877840585650051,pass
2013-01-09,30,0.004990451756975434,pass
2013-01-10,30,0.004933138564051226,pass
2013-01-11,30,0.004945180826468505,pass
2013-01-14,30,0.004961367803674177,pass
2013-01-15,30,0.004815063231640437,pass
2013-01-16,30,0.004949204260550066,pass
2013-01-17,30,0.004881473052338603,pass
2013-01-18,30,0.0049461337475395495,pass
2013-01-22,30,0.004948430806991921,pass
2013-01-23,30,0.004958896371309862,pass
2013-01-24,30,0.004911465897872169,pass
2013-01-25,30,0.004940393175311905,pass
2013-01-28,30,0.004962445698114548,pass
2013-01-29,30,0.004668767689224029,pass
2013-01-30,30,0.004814610292946941,pass
2013-01-31,30,0.004876371132028767,pass
2013-02-01,30,0.00489668388427289,pass
2013-02-04,30,0.004839174124193768,pass
2013-02-05,30,0.004503410907935601,pass
2013-02-06,30,0.004812541431475914,pass
2013-02-07,30,0.0049738734780174765,pass
2013-02-08,30,0.00496391157268905,pass
2013-02-11,30,0.004966072983218772,pass
2013-02-12,30,0.00467244262121469,pass
2013-02-13,30,0.004793671964410662,pass
2013-02-14,30,0.005001237877062803,pass
2013-02-15,30,0.0048494870434623305,pass
2013-02-19,30,0.004971454346039406,pass
2013-02-20,30,0.004823441046714061,pass
2013-02-21,30,0.004843390411964077,pass
2013-02-22,30,0.004978105860864446,pass
2013-02-25,30,0.004991766097382777,pass
2013-02-26,30,0.004945239652359712,pass
2013-02-27,30,0.004364765780959234,pass
2013-02-28,30,0.004965953652284749,pass
2013-03-01,30,0.004878068760871823,pass
2013-03-04,30,0.004907144843004085,pass
2013-03-05,30,0.004909932341395917,pass
2013-03-06,30,0.004968284219031283,pass
2013-03-07,30,0.004902262141712188,pass
2013-03-08,30,0.004841273060149365,pass
2013-03-11,30,0.0049780472393887165,pass
2013-03-12,30,0.004910409684751732,pass
2013-03-13,30,0.0049173639558516835,pass
2013-03-14,30,0.004990819323022477,pass
2013-03-15,30,0.004973138491987106,pass
2013-03-18,30,0.004990200418858448,pass
2013-03-19,30,0.0049520799168603635,pass
2013-03-20,30,0.004951249919088463,pass
2013-03-21,30,0.004774490431277978,pass
2013-03-22,30,0.0048538823094190775,pass
2013-03-25,30,0.0049693401175596175,pass
2013-03-26,30,0.004960347287363831,pass
2013-03-27,30,0.004718823755148205,pass
2013-03-28,30,0.004813545172593914,pass
2013-04-01,30,0.004353111744959115,pass
2013-04-02,30,0.0049525481314940945,pass
2013-04-03,30,0.0048538675718676205,pass
2013-04-04,30,0.004943498714514438,pass
2013-04-05,30,0.004939717990100345,pass
2013-04-08,30,0.004788361159802079,pass
2013-04-09,30,0.004903501871593441,pass
2013-04-10,30,0.0048512169968303875,pass
2013-04-11,30,0.004899084043198665,pass
2013-04-12,30,0.004779876062142863,pass
2013-04-15,30,0.004999948815011257,pass
2013-04-16,30,0.004979176233474436,pass
2013-04-17,30,0.004911214861388902,pass
2013-04-18,30,0.004893325406367388,pass
2013-04-19,30,0.004701150107498664,pass
2013-04-22,30,0.005005132887869745,pass
2013-04-23,30,0.004820881766946783,pass
2013-04-24,30,0.004978239978338517,pass
2013-04-25,30,0.00495831626444454,pass
2013-04-26,30,0.004908438349070232,pass
2013-04-29,30,0.004931010962258564,pass
2013-04-30,30,0.004817048918082101,pass
2013-05-01,30,0.004965433147846587,pass
2013-05-02,30,0.0046444151053856575,pass
2013-05-03,30,0.004924980405926482,pass
2013-05-06,30,0.004979130904039786,pass
2013-05-07,30,0.004950751746057858,pass
2013-05-08,30,0.004976197042691477,pass
2013-05-09,30,0.004915468721673755,pass
2013-05-10,30,0.004869749250478728,pass
2013-05-13,30,0.004837810900562567,pass
2013-05-14,30,0.004622512474530827,pass
2013-05-15,30,0.004974964735449117,pass
2013-05-16,30,0.004889969604272848,pass
2013-05-17,30,0.004892139563381082,pass
2013-05-20,30,0.004953813985235367,pass
2013-05-21,30,0.004778161042814054,pass
2013-05-22,30,0.004923522672999059,pass
2013-05-23,30,0.004998948930703961,pass
2013-05-24,30,0.00466591598094479,pass
2013-05-28,30,0.004794481174149809,pass
2013-05-29,30,0.004903922624158175,pass
2013-05-30,30,0.00490541367699493,pass
2013-05-31,30,0.0049057368240075505,pass
2013-06-03,30,0.004668041823554375,pass
2013-06-04,30,0.004915700758389985,pass
2013-06-05,30,0.004960678244431138,pass
2013-06-06,30,0.004983675677833199,pass
2013-06-07,30,0.004973175246267281,pass
2013-06-10,30,0.004897339264953171,pass
2013-06-11,30,0.004981725279934457,pass
2013-06-12,30,0.004669284366029536,pass
2013-06-13,30,0.004984978182742683,pass
2013-06-14,30,0.0049165692489472335,pass
2013-06-17,30,0.004864015726163684,pass
2013-06-18,30,0.004964307859095518,pass
2013-06-19,30,0.004949889858482659,pass
2013-06-20,30,0.004714630757463034,pass
2013-06-21,30,0.0049999046060345,pass
2013-06-24,30,0.004976067179834898,pass
2013-06-25,30,0.004781203914172583,pass
2013-06-26,30,0.0049171187853705445,pass
2013-06-27,30,0.004944172449666308,pass
2013-06-28,30,0.004904381879430875,pass
2013-07-01,30,0.004913951412287981,pass
2013-07-02,30,0.004916992309353385,pass
2013-07-03,30,0.004963563684790007,pass
2013-07-05,30,0.004963448655202589,pass
2013-07-08,30,0.00486023298024163,pass
2013-07-09,30,0.004954886029737149,pass
2013-07-10,30,0.00480416148203322,pass
2013-07-11,30,0.00488452550885532,pass
2013-07-12,30,0.004804934326599342,pass
2013-07-15,30,0.0049791149004524415,pass
2013-07-16,30,0.004965894687264383,pass
2013-07-17,30,0.004851625068497123,pass
2013-07-18,30,0.004976879429824388,pass
2013-07-19,30,0.004696040758651876,pass
2013-07-22,30,0.004787357846189333,pass
2013-07-23,30,0.00490306728502532,pass
2013-07-24,30,0.0049727849111419475,pass
2013-07-25,30,0.0046702801689835205,pass
2013-07-26,30,0.005001527898437774,pass
2013-07-29,30,0.004996284502581383,pass
2013-07-30,30,0.004801609781376892,pass
2013-07-31,30,0.004937793871770402,pass
2013-08-01,30,0.004931654990006362,pass
2013-08-02,30,0.004867544228862042,pass
2013-08-05,30,0.0050017161867116355,pass
2013-08-06,30,0.0048673555115563705,pass
2013-08-07,30,0.004770011823862497,pass
2013-08-08,30,0.004735055539328847,pass
2013-08-09,30,0.004993070436137836,pass
2013-08-12,30,0.004514239308195389,pass
2013-08-13,30,0.0049398556802027205,pass
2013-08-14,30,0.004704467739188867,pass
2013-08-15,30,0.004891115991806361,pass
2013-08-16,30,0.0049884441082059805,pass
2013-08-19,30,0.004912875289642127,pass
2013-08-20,30,0.004818444140786832,pass
2013-08-21,30,0.004944243963134198,pass
2013-08-22,30,0.004848935987317171,pass
2013-08-23,30,0.004535399164631859,pass
2013-08-26,30,0.0047885003859327036,pass
2013-08-27,30,0.004613241490480924,pass
2013-08-28,30,0.004903478349888024,pass
2013-08-29,30,0.004809476514405775,pass
2013-08-30,30,0.004958800905972838,pass
2013-09-03,30,0.004508896411514751,pass
2013-09-04,30,0.004927866704071415,pass
2013-09-05,30,0.004981438599879762,pass
2013-09-06,30,0.004931400469365688,pass
2013-09-09,30,0.005000895870535538,pass
2013-09-10,30,0.004908120918925563,pass
2013-09-11,30,0.004892797028401008,pass
2013-09-12,30,0.004991609900270241,pass
2013-09-13,30,0.00487260123062383,pass
2013-09-16,30,0.004890621161900144,pass
2013-09-17,30,0.0049687593387578305,pass
2013-09-18,30,0.00481868191841428,pass
2013-09-19,30,0.0044931103432982455,pass
2013-09-20,30,0.0049449550441199586,pass
2013-09-23,30,0.004954585144656409,pass
2013-09-24,30,0.004987723068207439,pass
2013-09-25,30,0.004925105526556485,pass
2013-09-26,30,0.004636941159444352,pass
2013-09-27,30,0.004942734912706179,pass
2013-09-30,30,0.0041931971746060615,pass
2013-10-01,30,0.004927800760709533,pass
2013-10-02,30,0.004949819076942308,pass
2013-10-03,30,0.004920384576861947,pass
2013-10-04,30,0.004794618404455053,pass
2013-10-07,30,0.004591059085887195,pass
2013-10-08,30,0.0048651777526304875,pass
2013-10-09,30,0.004854835420342596,pass
2013-10-10,30,0.004685877503310398,pass
2013-10-11,30,0.004853546656316543,pass
2013-10-15,30,0.004977262373431768,pass
2013-10-16,30,0.03796498729856379,outside_rounding_tolerance
2013-10-17,30,0.005003882607296228,pass
2013-10-18,30,0.004981468041120873,pass
2013-10-21,30,0.004992589267491243,pass
2013-10-22,30,0.004950212563964787,pass
2013-10-23,30,0.004846497556193485,pass
2013-10-24,30,0.004932552110509247,pass
2013-10-25,30,0.004801758876696316,pass
2013-10-28,30,0.004962742555306154,pass
2013-10-29,30,0.004996387510114442,pass
2013-10-30,30,0.004865187547761773,pass
2013-10-31,30,0.004875495499753746,pass
2013-11-01,30,0.004925097340027773,pass
2013-11-04,30,0.004929336571840581,pass
2013-11-05,30,0.004866260982783199,pass
2013-11-06,30,0.004733245076299353,pass
2013-11-07,30,0.00496981138797814,pass
2013-11-08,30,0.004848617231392738,pass
2013-11-12,30,0.004631596900311896,pass
2013-11-13,30,0.004696513446686423,pass
2013-11-14,30,0.004946943151229455,pass
2013-11-15,30,0.0048178476593071715,pass
2013-11-18,30,0.004917042231919466,pass
2013-11-19,30,0.004501606416240644,pass
2013-11-20,30,0.004772874412847794,pass
2013-11-21,30,0.0049360824670025005,pass
2013-11-22,30,0.010503154801999592,outside_rounding_tolerance
2013-11-25,30,0.004990937576623833,pass
2013-11-26,30,0.004511549163352391,pass
2013-11-27,30,0.004837307654090295,pass
2013-11-29,30,0.00478490156601008,pass
2013-12-02,30,0.004795094865062133,pass
2013-12-03,30,0.004979266659908138,pass
2013-12-04,30,0.004943860226896968,pass
2013-12-05,30,0.004881331640629871,pass
2013-12-06,30,0.0049449642828061635,pass
2013-12-09,30,0.004749829517619597,pass
2013-12-10,30,0.004848827576606207,pass
2013-12-11,30,0.004774494228865223,pass
2013-12-12,30,0.0048479893954844755,pass
2013-12-13,30,0.004825389664786517,pass
2013-12-16,30,0.004912784448141139,pass
2013-12-17,30,0.004755766874961487,pass
2013-12-18,30,0.004430997438652218,pass
2013-12-19,30,0.0048371386672518835,pass
2013-12-20,30,0.0049619128611455565,pass
2013-12-23,30,0.004924645517546435,pass
2013-12-24,30,0.004684592503981233,pass
2013-12-26,30,0.004964147014493991,pass
2013-12-27,30,0.0048715248468500505,pass
2013-12-30,30,0.0047312757821965645,pass
2013-12-31,30,0.004981602505990668,pass
2014-01-02,30,0.004787862962554734,pass
2014-01-03,30,0.0049792408424870205,pass
2014-01-06,30,0.004799171717181916,pass
2014-01-07,30,0.004732502191934218,pass
2014-01-08,30,0.004977202938266645,pass
2014-01-09,30,0.004984907468644044,pass
2014-01-10,30,0.004876460665340088,pass
2014-01-13,30,0.004737335370062767,pass
2014-01-14,30,0.004836453817574915,pass
2014-01-15,30,0.0046485712967836434,pass
2014-01-16,30,0.004845033221463624,pass
2014-01-17,30,0.004827904163066249,pass
2014-01-21,30,0.0049033468504933175,pass
2014-01-22,30,0.0044778788026861305,pass
2014-01-23,30,0.004972611490072776,pass
2014-01-24,30,0.004858554240733115,pass
2014-01-27,30,0.004556026940577551,pass
2014-01-28,30,0.004975238579035812,pass
2014-01-29,30,0.004839877836351758,pass
2014-01-30,30,0.004978104436864639,pass
2014-01-31,30,0.004893012311366074,pass
2014-02-03,30,0.0049245227552729975,pass
2014-02-04,30,0.004900485581910141,pass
2014-02-05,30,0.004983898233626438,pass
2014-02-06,30,0.004876000138029357,pass
2014-02-07,30,0.004864261476424103,pass
2014-02-10,30,0.004972973162639671,pass
2014-02-11,30,0.0049203736413906685,pass
2014-02-12,30,0.004991022207224971,pass
2014-02-13,30,0.004968519197318111,pass
2014-02-14,30,0.005004531051580607,pass
2014-02-18,30,0.004948091586326475,pass
2014-02-19,30,0.0047702339016353346,pass
2014-02-20,30,0.0049731528393645585,pass
2014-02-21,30,0.00497088136370942,pass
2014-02-24,30,0.004824991292201597,pass
2014-02-25,30,0.004911897769077633,pass
2014-02-26,30,0.004954430987136327,pass
2014-02-27,30,0.004400642444543634,pass
2014-02-28,30,0.005001410318151989,pass
2014-03-03,30,0.004906853161082414,pass
2014-03-04,30,0.004933330647674539,pass
2014-03-05,30,0.004937497915281919,pass
2014-03-06,30,0.004249526456209796,pass
2014-03-07,30,0.004948815888541902,pass
2014-03-10,30,0.004840286245075265,pass
2014-03-11,30,0.004996250084522702,pass
2014-03-12,30,0.004593086771267907,pass
2014-03-13,30,0.004844338773041246,pass
2014-03-14,30,0.004988842050562131,pass
2014-03-17,30,0.004913632104305149,pass
2014-03-18,30,0.004871458984048727,pass
2014-03-19,30,0.004381189045374323,pass
2014-03-20,30,0.004964471887816679,pass
2014-03-21,30,0.00482014542169118,pass
2014-03-24,30,0.004697395578415198,pass
2014-03-25,30,0.0048908972483802104,pass
2014-03-26,30,0.0049125160517943245,pass
2014-03-27,30,0.004987231978226259,pass
2014-03-28,30,0.004964529416520702,pass
2014-03-31,30,0.004713229569824895,pass
2014-04-01,30,0.004978175937864204,pass
2014-04-02,30,0.004861192225980027,pass
2014-04-03,30,0.004668648588071478,pass
2014-04-04,30,0.004949469117401795,pass
2014-04-07,30,0.004899694010934708,pass
2014-04-08,30,0.004862533148977666,pass
2014-04-09,30,0.004850682900486847,pass
2014-04-10,30,0.004039351606185959,pass
2014-04-11,30,0.004899664795970926,pass
2014-04-14,30,0.004822731686053572,pass
2014-04-15,30,0.004986523644730234,pass
2014-04-16,30,0.004783600374615865,pass
2014-04-17,30,0.004991952959679247,pass
2014-04-21,30,0.004982059746659606,pass
2014-04-22,30,0.00452719701928006,pass
2014-04-23,30,0.004503822872217733,pass
2014-04-24,30,0.004969578539114252,pass
2014-04-25,30,0.004969836065599198,pass
2014-04-28,30,0.0049804544156178965,pass
2014-04-29,30,0.0044983331843814756,pass
2014-04-30,30,0.0049505926662946065,pass
2014-05-01,30,0.004855921306584632,pass
2014-05-02,30,0.0045974451719221765,pass
2014-05-05,30,0.00456763605986843,pass
2014-05-06,30,0.004874883443636152,pass
2014-05-07,30,0.004890365799641028,pass
2014-05-08,30,0.004888540291107628,pass
2014-05-09,30,0.004747425926404647,pass
2014-05-12,30,0.004867217866869056,pass
2014-05-13,30,0.004959073904905326,pass
2014-05-14,30,0.004887067035150294,pass
2014-05-15,30,0.0046952874939616696,pass
2014-05-16,30,0.004696045397822868,pass
2014-05-19,30,0.0049467689511306645,pass
2014-05-20,30,0.004732486831235394,pass
2014-05-21,30,0.004811913448879435,pass
2014-05-22,30,0.004779181582807712,pass
2014-05-23,30,0.004910025741163004,pass
2014-05-27,30,0.004624213607376526,pass
2014-05-28,30,0.004974622056855282,pass
2014-05-29,30,0.004913735759809468,pass
2014-05-30,30,0.004191320608325222,pass
2014-06-02,30,0.004981022984993505,pass
2014-06-03,30,0.004273590163347829,pass
2014-06-04,30,0.004686644687057484,pass
2014-06-05,30,0.004980245640710812,pass
2014-06-06,30,0.004739963336830577,pass
2014-06-09,30,0.0048193117584485745,pass
2014-06-10,30,0.004865753757410385,pass
2014-06-11,30,0.0049207206385959434,pass
2014-06-12,30,0.004971286045457601,pass
2014-06-13,30,0.004919352155213774,pass
2014-06-16,30,0.004890313370191357,pass
2014-06-17,30,0.0048595290694231075,pass
2014-06-18,30,0.004777340810099839,pass
2014-06-19,30,0.004633252441918478,pass
2014-06-20,30,0.004929938982505336,pass
2014-06-23,30,0.0048936126251925005,pass
2014-06-24,30,0.004953980270241964,pass
2014-06-25,30,0.004924714742809977,pass
2014-06-26,30,0.004887039202622345,pass
2014-06-27,30,0.004895002855970221,pass
2014-06-30,30,0.004855975055464978,pass
2014-07-01,30,0.0045522621050161916,pass
2014-07-02,30,0.004870610793225594,pass
2014-07-03,30,0.004925447280798578,pass
2014-07-07,30,0.0047625562451386605,pass
2014-07-08,30,0.004538030500475521,pass
2014-07-09,30,0.004981348305978933,pass
2014-07-10,30,0.004887864439376277,pass
2014-07-11,30,0.004923582640689594,pass
2014-07-14,30,0.0048358044540952605,pass
2014-07-15,30,0.0048682583177195315,pass
2014-07-16,30,0.004936510884026579,pass
2014-07-17,30,0.004972630861278804,pass
2014-07-18,30,0.004884040639974163,pass
2014-07-21,30,0.004861480442999722,pass
2014-07-22,30,0.004940025440484941,pass
2014-07-23,30,0.0049851402238870746,pass
2014-07-24,30,0.004791119543095992,pass
2014-07-25,30,0.004723249138714747,pass
2014-07-28,30,0.004992777545703708,pass
2014-07-29,30,0.0045764748662219246,pass
2014-07-30,30,0.004973644618447293,pass
2014-07-31,30,0.004991719968552855,pass
2014-08-01,30,0.004893910453863948,pass
2014-08-04,30,0.004735495294228009,pass
2014-08-05,30,0.004772823841148188,pass
2014-08-06,30,0.004876557292560202,pass
2014-08-07,30,0.004734053796542903,pass
2014-08-08,30,0.004974380539311471,pass
2014-08-11,30,0.004889676588591685,pass
2014-08-12,30,0.004912086398294047,pass
2014-08-13,30,0.004990870998700103,pass
2014-08-14,30,0.0050056676588125515,pass
2014-08-15,30,0.004727894405073818,pass
2014-08-18,30,0.0046435039788121635,pass
2014-08-19,30,0.004751497318690456,pass
2014-08-20,30,0.004702183656196679,pass
2014-08-21,30,0.004510434652091333,pass
2014-08-22,30,0.004823182204877208,pass
2014-08-25,30,0.0047448703755642585,pass
2014-08-26,30,0.004948263920070972,pass
2014-08-27,30,0.004985685990027688,pass
2014-08-28,30,0.004909895540972098,pass
2014-08-29,30,0.004850496705000734,pass
2014-09-02,30,0.004939821188730542,pass
2014-09-03,30,0.004843427979725479,pass
2014-09-04,30,0.004928728723138653,pass
2014-09-05,30,0.004806239914043053,pass
2014-09-08,30,0.004771203340931968,pass
2014-09-09,30,0.004922533315618316,pass
2014-09-10,30,0.004829732969391376,pass
2014-09-11,30,0.004530030461372125,pass
2014-09-12,30,0.004896149244162928,pass
2014-09-15,30,0.004517288598078484,pass
2014-09-16,30,0.004942282911084284,pass
2014-09-17,30,0.0049613619628602335,pass
2014-09-18,30,0.004751056751732541,pass
2014-09-19,30,0.004655586040361315,pass
2014-09-22,30,0.004730535057215213,pass
2014-09-23,30,0.004983044469795972,pass
2014-09-24,30,0.004891480162722006,pass
2014-09-25,30,0.004796336714393834,pass
2014-09-26,30,0.004927397613081405,pass
2014-09-29,30,0.0049730030248981705,pass
2014-09-30,30,0.004965074526935842,pass
2014-10-01,30,0.004982346483786704,pass
2014-10-02,30,0.004735527109368809,pass
2014-10-03,30,0.0049420648442349835,pass
2014-10-06,30,0.004953182293696012,pass
2014-10-07,30,0.004180733513027557,pass
2014-10-08,30,0.004942091651541358,pass
2014-10-09,30,0.004804358219312466,pass
2014-10-10,30,0.004900406264784357,pass
2014-10-14,30,0.004937559589315854,pass
2014-10-15,30,0.004873924323404999,pass
2014-10-16,30,0.0049637438515395815,pass
2014-10-17,30,0.004833397163964137,pass
2014-10-20,30,0.004217863272606981,pass
2014-10-21,30,0.004988843474093563,pass
2014-10-22,30,0.0049272103765443664,pass
2014-10-23,30,0.004748813083252368,pass
2014-10-24,30,0.00471533187901968,pass
2014-10-27,30,0.004919475698923759,pass
2014-10-28,30,0.004894343494793452,pass
2014-10-29,30,0.0047444950333763725,pass
2014-10-30,30,0.0048815678863403655,pass
2014-10-31,30,0.004950457173184819,pass
2014-11-03,30,0.004755181476773229,pass
2014-11-04,30,0.004641426028881984,pass
2014-11-05,30,0.004942168991481366,pass
2014-11-06,30,0.004729391127056282,pass
2014-11-07,30,0.004843449216557216,pass
2014-11-10,30,0.004539006430888393,pass
2014-11-12,30,0.004957877115276121,pass
2014-11-13,30,0.0049592970490300314,pass
2014-11-14,30,0.005001698317116943,pass
2014-11-17,30,0.004989324976813203,pass
2014-11-18,30,0.004733902842640747,pass
2014-11-19,30,0.004778839862995543,pass
2014-11-20,30,0.0042482609887394,pass
2014-11-21,30,0.0047672288651032235,pass
2014-11-24,30,0.004977711844621202,pass
2014-11-25,30,0.004741164300846312,pass
2014-11-26,30,0.004967264192155818,pass
2014-11-28,30,0.004716610637472973,pass
2014-12-01,30,0.004662898514355696,pass
2014-12-02,30,0.00487123342093887,pass
2014-12-03,30,0.004976992481198206,pass
2014-12-04,30,0.004859779523420926,pass
2014-12-05,30,0.004957798509057365,pass
2014-12-08,30,0.004673429706870957,pass
2014-12-09,30,0.004838959857186853,pass
2014-12-10,30,0.004700333989700323,pass
2014-12-11,30,0.0048704061788446,pass
2014-12-12,30,0.004862733046506751,pass
2014-12-15,30,0.004937795412690571,pass
2014-12-16,30,0.004784546916367094,pass
2014-12-17,30,0.004972202806916015,pass
2014-12-18,30,0.004916266721013973,pass
2014-12-19,30,0.004925145527562465,pass
2014-12-22,30,0.004747041290401044,pass
2014-12-23,30,0.004934911072805581,pass
2014-12-24,30,0.004913665423295077,pass
2014-12-26,30,0.004786992998696837,pass
2014-12-29,30,0.004929789791975614,pass
2014-12-30,30,0.004713712441900553,pass
2014-12-31,30,0.004731616953940199,pass
2015-01-02,30,0.004992518994294259,pass
2015-01-05,30,0.004837698567294879,pass
2015-01-06,30,0.004782007412378053,pass
2015-01-07,30,0.0048321544362378566,pass
2015-01-08,30,0.004815800785963609,pass
2015-01-09,30,0.00462099241631958,pass
2015-01-12,30,0.004927506849911056,pass
2015-01-13,30,0.004986721024551055,pass
2015-01-14,30,0.0047770119380313725,pass
2015-01-15,30,0.0049941378444176565,pass
2015-01-16,30,0.004889907530732096,pass
2015-01-20,30,0.004890827587610003,pass
2015-01-21,30,0.004151253069351046,pass
2015-01-22,30,0.004915543705408254,pass
2015-01-23,30,0.005003795552523116,pass
2015-01-26,30,0.004867473095172825,pass
2015-01-27,30,0.004948697594105156,pass
2015-01-28,30,0.004653588292144462,pass
2015-01-29,30,0.004944197792115801,pass
2015-01-30,30,0.004901885530053662,pass
2015-02-02,30,0.004801284176521314,pass
2015-02-03,30,0.004665488588205535,pass
2015-02-04,30,0.004622139242183021,pass
2015-02-05,30,0.004931157116527807,pass
2015-02-06,30,0.004907254281191764,pass
2015-02-09,30,0.004974313596826929,pass
2015-02-10,30,0.004946260358934529,pass
2015-02-11,30,0.004991635200631006,pass
2015-02-12,30,0.00489483283804687,pass
2015-02-13,30,0.004988268712570465,pass
2015-02-17,30,0.004525607170680068,pass
2015-02-18,30,0.004857120391200953,pass
2015-02-19,30,0.004889482976243309,pass
2015-02-20,30,0.004914490413787664,pass
2015-02-23,30,0.004410948353829325,pass
2015-02-24,30,0.004981209151266874,pass
2015-02-25,30,0.004927719378378104,pass
2015-02-26,30,0.004872138776902679,pass
2015-02-27,30,0.00489201145800755,pass
2015-03-02,30,0.004906582200224496,pass
2015-03-03,30,0.004942733007572142,pass
2015-03-04,30,0.004790948640760739,pass
2015-03-05,30,0.004772045393494628,pass
2015-03-06,30,0.0049494924283730035,pass
2015-03-09,30,0.004945125652196236,pass
2015-03-10,30,0.00486102199943883,pass
2015-03-11,30,0.004958887513464849,pass
2015-03-12,30,0.004948542930843791,pass
2015-03-13,30,0.004832284663663922,pass
2015-03-16,30,0.004897277553726764,pass
2015-03-17,30,0.004995472754031061,pass
2015-03-18,30,0.004928363645621825,pass
2015-03-19,30,0.0049637738096589,pass
2015-03-20,30,0.004724380343427981,pass
2015-03-23,30,0.004824069052486446,pass
2015-03-24,30,0.004861334512405724,pass
2015-03-25,30,0.004790573591324787,pass
2015-03-26,30,0.004952456728705978,pass
2015-03-27,30,0.004302574032610806,pass
2015-03-30,30,0.004664530986846216,pass
2015-03-31,30,0.004865609692303319,pass
2015-04-01,30,0.004797215769417051,pass
2015-04-02,30,0.0044803076472421655,pass
2015-04-03,30,0.004970315239313794,pass
2015-04-06,30,0.00495799993175533,pass
2015-04-07,30,0.004975798914078067,pass
2015-04-08,30,0.004934916631241237,pass
2015-04-09,30,0.00499358740661468,pass
2015-04-10,30,0.0048116951967790145,pass
2015-04-13,30,0.004815640804109456,pass
2015-04-14,30,0.004565973124211198,pass
2015-04-15,30,0.0049677026522573775,pass
2015-04-16,30,0.004918553354535393,pass
2015-04-17,30,0.004971757495558782,pass
2015-04-20,30,0.0049724316004626234,pass
2015-04-21,30,0.004937352769199266,pass
2015-04-22,30,0.004949652336709576,pass
2015-04-23,30,0.004915066659574863,pass
2015-04-24,30,0.004944160730199765,pass
2015-04-27,30,0.00499692990055256,pass
2015-04-28,30,0.00478287347466938,pass
2015-04-29,30,0.004683414891043514,pass
2015-04-30,30,0.004776083029379985,pass
2015-05-01,30,0.004578609242330937,pass
2015-05-04,30,0.004847291121259575,pass
2015-05-05,30,0.004744112202109685,pass
2015-05-06,30,0.004685979496064918,pass
2015-05-07,30,0.004869222575663856,pass
2015-05-08,30,0.004759715899506356,pass
2015-05-11,30,0.004960812693376171,pass
2015-05-12,30,0.004953882090583117,pass
2015-05-13,30,0.004983162995367274,pass
2015-05-14,30,0.004920415654190158,pass
2015-05-15,30,0.0047083488111110405,pass
2015-05-18,30,0.00495978335825209,pass
2015-05-19,30,0.004865536835478579,pass
2015-05-20,30,0.004770385969212615,pass
2015-05-21,30,0.0049153475901835,pass
2015-05-22,30,0.004705314435131391,pass
2015-05-26,30,0.0049008800811697895,pass
2015-05-27,30,0.0049173270730631935,pass
2015-05-28,30,0.004577369623649796,pass
2015-05-29,30,0.004789855473086302,pass
2015-06-01,30,0.004842356672238313,pass
2015-06-02,30,0.004540560661417392,pass
2015-06-03,30,0.004941299992754222,pass
2015-06-04,30,0.004952451551146209,pass
2015-06-05,30,0.004513381988494047,pass
2015-06-08,30,0.004978376478698143,pass
2015-06-09,30,0.004626182670761092,pass
2015-06-10,30,0.004833353590416589,pass
2015-06-11,30,0.00478693838460581,pass
2015-06-12,30,0.004821269914364636,pass
2015-06-15,30,0.004298409548922355,pass
2015-06-16,30,0.004381096722141931,pass
2015-06-17,30,0.004867678222303384,pass
2015-06-18,30,0.004708192796742949,pass
2015-06-19,30,0.0047495824410936915,pass
2015-06-22,30,0.004911184701230677,pass
2015-06-23,30,0.004840874164996345,pass
2015-06-24,30,0.004962646962605732,pass
2015-06-25,30,0.004755539986314727,pass
2015-06-26,30,0.004979876343062795,pass
2015-06-29,30,0.004975807681786848,pass
2015-06-30,30,0.004802809576813505,pass
2015-07-01,30,0.004882555694855906,pass
2015-07-02,30,0.004966877516707213,pass
2015-07-06,30,0.004921052792726532,pass
2015-07-07,30,0.004866604848777906,pass
2015-07-08,30,0.004950194329653157,pass
2015-07-09,30,0.004948581850544587,pass
2015-07-10,30,0.0047952487184504955,pass
2015-07-13,30,0.00494230678861618,pass
2015-07-14,30,0.004821697447074391,pass
2015-07-15,30,0.0046664893653403094,pass
2015-07-16,30,0.004721837563656517,pass
2015-07-17,30,0.0049668477026740265,pass
2015-07-20,30,0.004713409958879283,pass
2015-07-21,30,0.0048991430962389,pass
2015-07-22,30,0.004779726875923929,pass
2015-07-23,30,0.004984878904101819,pass
2015-07-24,30,0.004930199445085659,pass
2015-07-27,30,0.00481992022075689,pass
2015-07-28,30,0.004997909970640146,pass
2015-07-29,30,0.0049069442401017405,pass
2015-07-30,30,0.004588464226004674,pass
2015-07-31,30,0.004856473055092625,pass
2015-08-03,30,0.004662498313059982,pass
2015-08-04,30,0.00491000508980044,pass
2015-08-05,30,0.00481489589723022,pass
2015-08-06,30,0.004687642496947753,pass
2015-08-07,30,0.004936072988204546,pass
2015-08-10,30,0.00483420663159595,pass
2015-08-11,30,0.004802107609960804,pass
2015-08-12,30,0.004918892966380983,pass
2015-08-13,30,0.0048501915149434804,pass
2015-08-14,30,0.00500096630308422,pass
2015-08-17,30,0.004323909232363532,pass
2015-08-18,30,0.004686151312306708,pass
2015-08-19,30,0.0042515035592397,pass
2015-08-20,30,0.004754110613375273,pass
2015-08-21,30,0.004855215903765142,pass
2015-08-24,30,0.004946528068643097,pass
2015-08-25,30,0.0049411716840710995,pass
2015-08-26,30,0.004927767866119703,pass
2015-08-27,30,0.004706327457124071,pass
2015-08-28,30,0.004327137983241303,pass
2015-08-31,30,0.004540916172732223,pass
2015-09-01,30,0.004529187588170336,pass
2015-09-02,30,0.004972795600959035,pass
2015-09-03,30,0.004689307079724925,pass
2015-09-04,30,0.004937219761046163,pass
2015-09-08,30,0.004947766715050761,pass
2015-09-09,30,0.004941526833245058,pass
2015-09-10,30,0.004728901709001587,pass
2015-09-11,30,0.0049842448043499465,pass
2015-09-14,30,0.004801316978997328,pass
2015-09-15,30,0.0048200462370723285,pass
2015-09-16,30,0.004797467935378774,pass
2015-09-17,30,0.004957374856416619,pass
2015-09-18,30,0.004938226281052394,pass
2015-09-21,30,0.0049484544975726685,pass
2015-09-22,30,0.004985612024679953,pass
2015-09-23,30,0.004824083908588905,pass
2015-09-24,30,0.004582233539621172,pass
2015-09-25,30,0.004258242182822447,pass
2015-09-28,30,0.004763834706676684,pass
2015-09-29,30,0.004853477127524097,pass
2015-09-30,30,0.004958414811483125,pass
2015-10-01,30,0.004696529679500128,pass
2015-10-02,30,0.004950754883183833,pass
2015-10-05,30,0.004810228366389224,pass
2015-10-06,30,0.004887986643810349,pass
2015-10-07,30,0.004473689801942626,pass
2015-10-08,30,0.004756471750320956,pass
2015-10-09,30,0.004866539344838827,pass
2015-10-13,30,0.00464411455045749,pass
2015-10-14,30,0.0049218500139391885,pass
2015-10-15,30,0.0044177533647590805,pass
2015-10-16,30,0.004572261303875669,pass
2015-10-19,30,0.004933446861726809,pass
2015-10-20,30,0.004812194694218952,pass
2015-10-21,30,0.004990288381828689,pass
2015-10-22,30,0.004916610744365446,pass
2015-10-23,30,0.004912357298367254,pass
2015-10-26,30,0.004988829007436524,pass
2015-10-27,30,0.0048849528477834525,pass
2015-10-28,30,0.004683412885286842,pass
2015-10-29,30,0.00477087188380243,pass
2015-10-30,30,0.0049799390005114685,pass
2015-11-02,30,0.004664604972039188,pass
2015-11-03,30,0.0044293363566511035,pass
2015-11-04,30,0.00485850239855673,pass
2015-11-05,30,0.004971100819976815,pass
2015-11-06,30,0.004457256603876414,pass
2015-11-09,30,0.0046297009762691355,pass
2015-11-10,30,0.004929972875905575,pass
2015-11-12,30,0.004992331558255347,pass
2015-11-13,30,0.004996208723406781,pass
2015-11-16,30,0.004576336779596457,pass
2015-11-17,30,0.004550763713535855,pass
2015-11-18,30,0.004998667207656293,pass
2015-11-19,30,0.004864008652169516,pass
2015-11-20,30,0.004810675524290209,pass
2015-11-23,30,0.004716859462097073,pass
2015-11-24,30,0.004986665053698103,pass
2015-11-25,30,0.004508576035462675,pass
2015-11-27,30,0.0048799183753871905,pass
2015-11-30,30,0.00449358529212851,pass
2015-12-01,30,0.004926896734133712,pass
2015-12-02,30,0.004952479945273536,pass
2015-12-03,30,0.004713204956909023,pass
2015-12-04,30,0.004935234530663302,pass
2015-12-07,30,0.004907023969562621,pass
2015-12-08,30,0.0048011791225002765,pass
2015-12-09,30,0.00491834315802242,pass
2015-12-10,30,0.004603942151230889,pass
2015-12-11,30,0.0047345680824484315,pass
2015-12-14,30,0.00472093945862867,pass
2015-12-15,30,0.004729815345633215,pass
2015-12-16,30,0.004964958269029762,pass
2015-12-17,30,0.004893888496497467,pass
2015-12-18,30,0.0046844610210663995,pass
2015-12-21,30,0.004140634938601395,pass
2015-12-22,30,0.004312027600435198,pass
2015-12-23,30,0.004879699497216394,pass
2015-12-24,30,0.004923384003228948,pass
2015-12-28,30,0.004790700550184879,pass
2015-12-29,30,0.004776473362527733,pass
2015-12-30,30,0.004910154693497926,pass
2015-12-31,30,0.004747996215602457,pass
2016-01-04,30,0.004891093798274626,pass
2016-01-05,30,0.004963396309717871,pass
2016-01-06,30,0.0050018200722576345,pass
2016-01-07,30,0.004825509399945804,pass
2016-01-08,30,0.004975538287037284,pass
2016-01-11,30,0.0048311200162576284,pass
2016-01-12,30,0.004995626699498545,pass
2016-01-13,30,0.004841861750391752,pass
2016-01-14,30,0.004587037455740239,pass
2016-01-15,30,0.004982350668598923,pass
2016-01-19,30,0.0044254463662032895,pass
2016-01-20,30,0.004883332863012124,pass
2016-01-21,30,0.0049943467444676926,pass
2016-01-22,30,0.004869960427283937,pass
2016-01-25,30,0.004761942859303481,pass
2016-01-26,30,0.004962487375644031,pass
2016-01-27,30,0.004685618725519536,pass
2016-01-28,30,0.004476891218054002,pass
2016-01-29,30,0.004889563718947498,pass
2016-02-01,30,0.004985394476964,pass
2016-02-02,30,0.004936769044915079,pass
2016-02-03,30,0.004313673368748494,pass
2016-02-04,30,0.004892408531874393,pass
2016-02-05,30,0.004726660631955426,pass
2016-02-08,30,0.004941695018745307,pass
2016-02-09,30,0.004989910217592652,pass
2016-02-10,30,0.004819548029347254,pass
2016-02-11,30,0.004888599889774775,pass
2016-02-12,30,0.004686251303970962,pass
2016-02-16,30,0.00498425658041618,pass
2016-02-17,30,0.0048278841317458965,pass
2016-02-18,30,0.004932566871757027,pass
2016-02-19,30,0.004949313687704904,pass
2016-02-22,30,0.004870188783263896,pass
2016-02-23,30,0.004936475557805464,pass
2016-02-24,30,0.004978568827300467,pass
2016-02-25,30,0.004825512220606176,pass
2016-02-26,30,0.004776422011659731,pass
2016-02-29,30,0.004980512920485514,pass
2016-03-01,30,0.00496712608169525,pass
2016-03-02,30,0.004394599999874016,pass
2016-03-03,30,0.004914777695652628,pass
2016-03-04,30,0.005001258087493354,pass
2016-03-07,30,0.004808602827796604,pass
2016-03-08,30,0.004947568439644251,pass
2016-03-09,30,0.004865145486789013,pass
2016-03-10,30,0.004827018316375109,pass
2016-03-11,30,0.00476191802361442,pass
2016-03-14,30,0.004825028730864878,pass
2016-03-15,30,0.004907365905616745,pass
2016-03-16,30,0.00499658734401387,pass
2016-03-17,30,0.004914250503404438,pass
2016-03-18,30,0.004263291286527027,pass
2016-03-21,30,0.0048295048138673885,pass
2016-03-22,30,0.004994710845265815,pass
2016-03-23,30,0.004739597283844044,pass
2016-03-24,30,0.004916655087505717,pass
2016-03-28,30,0.004715424685233782,pass
2016-03-29,30,0.004888923862307604,pass
2016-03-30,30,0.004955977456894134,pass
2016-03-31,30,0.00487283813436698,pass
2016-04-01,30,0.004982946663796561,pass
2016-04-04,30,0.004934251291452765,pass
2016-04-05,30,0.004960746141421252,pass
2016-04-06,30,0.004835185026721284,pass
2016-04-07,30,0.004953487857950467,pass
2016-04-08,30,0.004973292142039856,pass
2016-04-11,30,0.004891557484881098,pass
2016-04-12,30,0.004924740342714118,pass
2016-04-13,30,0.004923097910100593,pass
2016-04-14,30,0.004917180721347725,pass
2016-04-15,30,0.004871796145840268,pass
2016-04-18,30,0.004313617493444111,pass
2016-04-19,30,0.004841430581679906,pass
2016-04-20,30,0.004739794118649443,pass
2016-04-21,30,0.0049047863469667274,pass
2016-04-22,30,0.004990622964294589,pass
2016-04-25,30,0.004980549390062872,pass
2016-04-26,30,0.004514502703126255,pass
2016-04-27,30,0.004516764552757457,pass
2016-04-28,30,0.004898326233966632,pass
2016-04-29,30,0.004871104611805371,pass
2016-05-02,30,0.004994217543703022,pass
2016-05-03,30,0.004986381676140572,pass
2016-05-04,30,0.00498724255296179,pass
2016-05-05,30,0.004852790724263478,pass
2016-05-06,30,0.004826852240749635,pass
2016-05-09,30,0.004689827472238728,pass
2016-05-10,30,0.004941676326856992,pass
2016-05-11,30,0.004865655721005002,pass
2016-05-12,30,0.0047024414339888465,pass
2016-05-13,30,0.004770802151353448,pass
2016-05-16,30,0.00499271239965543,pass
2016-05-17,30,0.004718104910754473,pass
2016-05-18,30,0.004917370152422718,pass
2016-05-19,30,0.004784581290190326,pass
2016-05-20,30,0.004972385313477962,pass
2016-05-23,30,0.004945009961995761,pass
2016-05-24,30,0.00440834826302694,pass
2016-05-25,30,0.004345089070628694,pass
2016-05-26,30,0.004873976026543297,pass
2016-05-27,30,0.004965700333599277,pass
2016-05-31,30,0.004914449114323816,pass
2016-06-01,30,0.004568367353539882,pass
2016-06-02,30,0.004911689353605253,pass
2016-06-03,30,0.00489350785223136,pass
2016-06-06,30,0.004750149489723965,pass
2016-06-07,30,0.004801832678910656,pass
2016-06-08,30,0.004989074683832417,pass
2016-06-09,30,0.004484099553545007,pass
2016-06-10,30,0.004970530469335099,pass
2016-06-13,30,0.004871251818409916,pass
2016-06-14,30,0.0049431929081793224,pass
2016-06-15,30,0.0049775294299822526,pass
2016-06-16,30,0.004778727382519221,pass
2016-06-17,30,0.004602639471218417,pass
2016-06-20,30,0.004977338550864185,pass
2016-06-21,30,0.00490029430640776,pass
2016-06-22,30,0.004975287210273738,pass
2016-06-23,30,0.004581890029539681,pass
2016-06-24,30,0.004655853579772079,pass
2016-06-27,30,0.004850614881979354,pass
2016-06-28,30,0.0047287880180178765,pass
2016-06-29,30,0.004937049344760913,pass
2016-06-30,30,0.004255957570236529,pass
2016-07-01,30,0.00470391182923538,pass
2016-07-05,30,0.004700032263695031,pass
2016-07-06,30,0.004858780978146682,pass
2016-07-07,30,0.004935734349825055,pass
2016-07-08,30,0.004622254995180486,pass
2016-07-11,30,0.004777879007468455,pass
2016-07-12,30,0.0048234119616637205,pass
2016-07-13,30,0.004974609466718016,pass
2016-07-14,30,0.004767942731916108,pass
2016-07-15,30,0.00488237323615498,pass
2016-07-18,30,0.004983681268014295,pass
2016-07-19,30,0.004979242587584143,pass
2016-07-20,30,0.004987319405964918,pass
2016-07-21,30,0.0048378574389953966,pass
2016-07-22,30,0.004922748584601511,pass
2016-07-25,30,0.004927303140405195,pass
2016-07-26,30,0.004852062109976518,pass
2016-07-27,30,0.004956835791061764,pass
2016-07-28,30,0.004579948107742704,pass
2016-07-29,30,0.004943852225242074,pass
2016-08-01,30,0.0048787544724288034,pass
2016-08-02,30,0.004906021712665354,pass
2016-08-03,30,0.004554781377445749,pass
2016-08-04,30,0.004689423419058925,pass
2016-08-05,30,0.00462671585441457,pass
2016-08-08,30,0.004833045510639622,pass
2016-08-09,30,0.004777801193671383,pass
2016-08-10,30,0.004719698714905629,pass
2016-08-11,30,0.004908468179444514,pass
2016-08-12,30,0.004993427024230224,pass
2016-08-15,30,0.004581424780641247,pass
2016-08-16,30,0.004951404744407695,pass
2016-08-17,30,0.004741341772009078,pass
2016-08-18,30,0.004864018446383567,pass
2016-08-19,30,0.004656995411592146,pass
2016-08-22,30,0.0049432368339104304,pass
2016-08-23,30,0.004992548111280859,pass
2016-08-24,30,0.0041564072798122575,pass
2016-08-25,30,0.004587483976754847,pass
2016-08-26,30,0.0046881488021538464,pass
2016-08-29,30,0.004831854109668687,pass
2016-08-30,30,0.0049941197481293,pass
2016-08-31,30,0.005003927992935919,pass
2016-09-01,30,0.0049350473697168384,pass
2016-09-02,30,0.004981513357302236,pass
2016-09-06,30,0.004767228079308183,pass
2016-09-07,30,0.004758398062174041,pass
2016-09-08,30,0.004427223869764296,pass
2016-09-09,30,0.004495913268637991,pass
2016-09-12,30,0.004716522025334513,pass
2016-09-13,30,0.00494491642123035,pass
2016-09-14,30,0.004531662626660465,pass
2016-09-15,30,0.0045396738078753995,pass
2016-09-16,30,0.004917168256908522,pass
2016-09-19,30,0.004770112622728279,pass
2016-09-20,30,0.004984356211205909,pass
2016-09-21,30,0.004711564242261546,pass
2016-09-22,30,0.004887492977036223,pass
2016-09-23,30,0.004982474475570542,pass
2016-09-26,30,0.004960921317978539,pass
2016-09-27,30,0.004954583124223977,pass
2016-09-28,30,0.00493004012089987,pass
2016-09-29,30,0.004913795224326112,pass
2016-09-30,30,0.0049511972793556125,pass
2016-10-03,30,0.004587298213822033,pass
2016-10-04,30,0.004940874158091552,pass
2016-10-05,30,0.004850729511986229,pass
2016-10-06,30,0.004764310427771146,pass
2016-10-07,30,0.004960027154901625,pass
2016-10-11,30,0.004857510124307851,pass
2016-10-12,30,0.005006983981037383,pass
2016-10-13,30,0.004951037679001846,pass
2016-10-14,30,0.004905867434963629,pass
2016-10-17,30,0.004863948545111296,pass
2016-10-18,30,0.004820026608710892,pass
2016-10-19,30,0.004925058134964966,pass
2016-10-20,30,0.004776589177662993,pass
2016-10-21,30,0.004433938665896614,pass
2016-10-24,30,0.004933692784488131,pass
2016-10-25,30,0.00481165031609998,pass
2016-10-26,30,0.004989409167419079,pass
2016-10-27,30,0.0048632208275375954,pass
2016-10-28,30,0.004316241232794893,pass
2016-10-31,30,0.004827753981063998,pass
2016-11-01,30,0.004693216366057074,pass
2016-11-02,30,0.004865866523144635,pass
2016-11-03,30,0.004842758115040924,pass
2016-11-04,30,0.004676732080211021,pass
2016-11-07,30,0.004893108364809051,pass
2016-11-08,30,0.004970586246454134,pass
2016-11-09,30,0.004958541119613746,pass
2016-11-10,30,0.0048742519813751994,pass
2016-11-14,30,0.004787771864314672,pass
2016-11-15,30,0.004308874787979644,pass
2016-11-16,30,0.004364129385890647,pass
2016-11-17,30,0.004916832348524081,pass
2016-11-18,30,0.004988518831627875,pass
2016-11-21,30,0.004882703821679213,pass
2016-11-22,30,0.0049716616203066,pass
2016-11-23,30,0.004881150011300239,pass
2016-11-25,30,0.004940115162187231,pass
2016-11-28,30,0.004853264111391586,pass
2016-11-29,30,0.004499235212555852,pass
2016-11-30,30,0.0046390298203205504,pass
2016-12-01,30,0.004365289360958036,pass
2016-12-02,30,0.004928682821141173,pass
2016-12-05,30,0.005002933218464789,pass
2016-12-06,30,0.004972401564055234,pass
2016-12-07,30,0.004832077125632023,pass
2016-12-08,30,0.004803992699024817,pass
2016-12-09,30,0.004971786510196696,pass
2016-12-12,30,0.004985193600461069,pass
2016-12-13,30,0.004909195751995332,pass
2016-12-14,30,0.0049389624728196635,pass
2016-12-15,30,0.004674506321536431,pass
2016-12-16,30,0.004847207251724994,pass
2016-12-19,30,0.004841717053741257,pass
2016-12-20,30,0.004709407166146595,pass
2016-12-21,30,0.004943405333412976,pass
2016-12-22,30,0.004904012902186283,pass
2016-12-23,30,0.004745746213438706,pass
2016-12-27,30,0.004958067730993776,pass
2016-12-28,30,0.004843086450212475,pass
2016-12-29,30,0.004692107784427801,pass
2016-12-30,30,0.004376316603653396,pass
2017-01-03,30,0.004900952215655674,pass
2017-01-04,30,0.004937684617740967,pass
2017-01-05,30,0.004966950855958552,pass
2017-01-06,30,0.004974364997030467,pass
2017-01-09,30,0.0049278849346620635,pass
2017-01-10,30,0.004884788281610264,pass
2017-01-11,30,0.004671128859302931,pass
2017-01-12,30,0.004860782158271071,pass
2017-01-13,30,0.004975815665365924,pass
2017-01-17,30,0.0048794676434787965,pass
2017-01-18,30,0.004922327650272451,pass
2017-01-19,30,0.004892742704633302,pass
2017-01-20,30,0.004870784505867087,pass
2017-01-23,30,0.004561744495409914,pass
2017-01-24,30,0.004677520242697686,pass
2017-01-25,30,0.004975148244282246,pass
2017-01-26,30,0.004556070656580591,pass
2017-01-27,30,0.004692703283772082,pass
2017-01-30,30,0.004658182074651629,pass
2017-01-31,30,0.0048084581782265046,pass
2017-02-01,30,0.004786140434687863,pass
2017-02-02,30,0.004603606807151994,pass
2017-02-03,30,0.004765260000344496,pass
2017-02-06,30,0.0049923806714688435,pass
2017-02-07,30,0.004918501148656884,pass
2017-02-08,30,0.004994079936485735,pass
2017-02-09,30,0.004574878448015962,pass
2017-02-10,30,0.004913291780511697,pass
2017-02-13,30,0.004661886563658846,pass
2017-02-14,30,0.004705353359550635,pass
2017-02-15,30,0.004862068410001197,pass
2017-02-16,30,0.004880509501883901,pass
2017-02-17,30,0.0049539396797596,pass
2017-02-21,30,0.004878497371074708,pass
2017-02-22,30,0.004955302877578116,pass
2017-02-23,30,0.004778158390165987,pass
2017-02-24,30,0.004836352502542163,pass
2017-02-27,30,0.004724811495313008,pass
2017-02-28,30,0.004993419685135614,pass
2017-03-01,30,0.004431234690328856,pass
2017-03-02,30,0.004855445835012795,pass
2017-03-03,30,0.0044743164440141925,pass
2017-03-06,30,0.004614626566111502,pass
2017-03-07,30,0.004854135128920523,pass
2017-03-08,30,0.0049716410549516254,pass
2017-03-09,30,0.004891784157919077,pass
2017-03-10,30,0.004997495995362478,pass
2017-03-13,30,0.005000992372231061,pass
2017-03-14,30,0.004889172354003574,pass
2017-03-15,30,0.004963945990678342,pass
2017-03-16,30,0.004760920881835551,pass
2017-03-17,30,0.004967974132595587,pass
2017-03-20,30,0.004945775194178936,pass
2017-03-21,30,0.004685900479306504,pass
2017-03-22,30,0.004906498871568021,pass
2017-03-23,30,0.004799485474014931,pass
2017-03-24,30,0.004967504393903199,pass
2017-03-27,30,0.004657617897821376,pass
2017-03-28,30,0.004999868946139324,pass
2017-03-29,30,0.004997933510837715,pass
2017-03-30,30,0.004914594706958986,pass
2017-03-31,30,0.004881175387598524,pass
2017-04-03,30,0.004895842526629612,pass
2017-04-04,30,0.004856714791341699,pass
2017-04-05,30,0.0040343749337611035,pass
2017-04-06,30,0.00496938079543735,pass
2017-04-07,30,0.00492003976077654,pass
2017-04-10,30,0.004973238265822133,pass
2017-04-11,30,0.004361656166483596,pass
2017-04-12,30,0.004984370182078979,pass
2017-04-13,30,0.004923406277963088,pass
2017-04-17,30,0.004899988225622043,pass
2017-04-18,30,0.004900447711543576,pass
2017-04-19,30,0.004988540976691436,pass
2017-04-20,30,0.004651374274147746,pass
2017-04-21,30,0.0049993890382377115,pass
2017-04-24,30,0.00489774458788117,pass
2017-04-25,30,0.004863132328988828,pass
2017-04-26,30,0.004637319115721739,pass
2017-04-27,30,0.004919194798655435,pass
2017-04-28,30,0.004963046915801295,pass
2017-05-01,30,0.004881962922739791,pass
2017-05-02,30,0.0049524494773883765,pass
2017-05-03,30,0.0046986296341547384,pass
2017-05-04,30,0.004900659506274635,pass
2017-05-05,30,0.0047102984444824525,pass
2017-05-08,30,0.004954758613083532,pass
2017-05-09,30,0.004711047789512923,pass
2017-05-10,30,0.004962323618268316,pass
2017-05-11,30,0.004736341197367211,pass
2017-05-12,30,0.004936382766683456,pass
2017-05-15,30,0.004985782354194335,pass
2017-05-16,30,0.0049276617761565,pass
2017-05-17,30,0.004894745955809354,pass
2017-05-18,30,0.00497840267271038,pass
2017-05-19,30,0.0048443440479190025,pass
2017-05-22,30,0.0049775005315361165,pass
2017-05-23,30,0.004984681532885227,pass
2017-05-24,30,0.004710742915262078,pass
2017-05-25,30,0.004575275902342357,pass
2017-05-26,30,0.004926939213382997,pass
2017-05-30,30,0.004818800581757321,pass
2017-05-31,30,0.004721470071890332,pass
2017-06-01,30,0.004939862445589582,pass
2017-06-02,30,0.004827804639361,pass
2017-06-05,30,0.004878404473822318,pass
2017-06-06,30,0.0048625251103731615,pass
2017-06-07,30,0.004562843899519331,pass
2017-06-08,30,0.004737576192077875,pass
2017-06-09,30,0.0050008965053402465,pass
2017-06-12,30,0.004762250249805422,pass
2017-06-13,30,0.004770521948964379,pass
2017-06-14,30,0.004815647005364243,pass
2017-06-15,30,0.004969902968263162,pass
2017-06-16,30,0.004888583630645316,pass
2017-06-19,30,0.004854324385863973,pass
2017-06-20,30,0.0049321862667650596,pass
2017-06-21,30,0.0048068928685737755,pass
2017-06-22,30,0.004981286870278656,pass
2017-06-23,30,0.004929083192578565,pass
2017-06-26,30,0.00499005906151595,pass
2017-06-27,30,0.004687516900643562,pass
2017-06-28,30,0.004820499809668477,pass
2017-06-29,30,0.004837701981369458,pass
2017-06-30,30,0.004612515577158416,pass
2017-07-03,30,0.004978940292069134,pass
2017-07-05,30,0.004577981731913178,pass
2017-07-06,30,0.004847939015263647,pass
2017-07-07,30,0.004990008489885733,pass
2017-07-10,30,0.004871876017054078,pass
2017-07-11,30,0.004972691719680455,pass
2017-07-12,30,0.004832117252440149,pass
2017-07-13,30,0.004890516376379606,pass
2017-07-14,30,0.004980365781170892,pass
2017-07-17,30,0.00465143705292298,pass
2017-07-18,30,0.004928916163202124,pass
2017-07-19,30,0.004878828048816841,pass
2017-07-20,30,0.0049512995229164525,pass
2017-07-21,30,0.0049045541394149295,pass
2017-07-24,30,0.004888045721969381,pass
2017-07-25,30,0.004644553980755195,pass
2017-07-26,30,0.004598433757350973,pass
2017-07-27,30,0.0049746045941920225,pass
2017-07-28,30,0.004900004434565952,pass
2017-07-31,30,0.004940233086364598,pass
2017-08-01,30,0.0049690909095442826,pass
2017-08-02,30,0.0049842382941062136,pass
2017-08-03,30,0.0047422757280465855,pass
2017-08-04,30,0.0047324082161348535,pass
2017-08-07,30,0.00497577785703307,pass
2017-08-08,30,0.004950134026918129,pass
2017-08-09,30,0.004859223661571321,pass
2017-08-10,30,0.004933503764646685,pass
2017-08-11,30,0.004993256169476268,pass
2017-08-14,30,0.0049921892958035285,pass
2017-08-15,30,0.005006706130447625,pass
2017-08-16,30,0.004867309959660782,pass
2017-08-17,30,0.004942886516305645,pass
2017-08-18,30,0.004876867167082077,pass
2017-08-21,30,0.004676211395465701,pass
2017-08-22,30,0.004938823870148656,pass
2017-08-23,30,0.004862165409041941,pass
2017-08-24,30,0.00492265701892286,pass
2017-08-25,30,0.004611582805902348,pass
2017-08-28,30,0.004888588887551337,pass
2017-08-29,30,0.004890258956617016,pass
2017-08-30,30,0.004834455765156953,pass
2017-08-31,30,0.004887486707676192,pass
2017-09-01,30,0.004833833247563923,pass
2017-09-05,30,0.004842170489745279,pass
2017-09-06,30,0.004985556923235712,pass
2017-09-07,30,0.004792780797790996,pass
2017-09-08,30,0.004872950541204291,pass
2017-09-11,30,0.004749143703713932,pass
2017-09-12,30,0.004612052179574222,pass
2017-09-13,30,0.004950312284708602,pass
2017-09-14,30,0.004693224362924131,pass
2017-09-15,30,0.004971779651655184,pass
2017-09-18,30,0.004927849160188402,pass
2017-09-19,30,0.004730329419416757,pass
2017-09-20,30,0.0048830277319181215,pass
2017-09-21,30,0.0047216922331033695,pass
2017-09-22,30,0.004968240627026277,pass
2017-09-25,30,0.004967736442797188,pass
2017-09-26,30,0.004810127385256047,pass
2017-09-27,30,0.004923072201880319,pass
2017-09-28,30,0.004922879690248683,pass
2017-09-29,30,0.004410354425554708,pass
2017-10-02,30,0.004857683984851868,pass
2017-10-03,30,0.004539023816148291,pass
2017-10-04,30,0.00499992895221929,pass
2017-10-05,30,0.004730687223723773,pass
2017-10-06,30,0.004972675511222269,pass
2017-10-10,30,0.004936049744011517,pass
2017-10-11,30,0.004871598096069241,pass
2017-10-12,30,0.004965103862185349,pass
2017-10-13,30,0.004850836987924101,pass
2017-10-16,30,0.004956448066799346,pass
2017-10-17,30,0.004922500698063825,pass
2017-10-18,30,0.004797243829852971,pass
2017-10-19,30,0.004920056555883512,pass
2017-10-20,30,0.004965417378030579,pass
2017-10-23,30,0.004778192269107306,pass
2017-10-24,30,0.004998351532461975,pass
2017-10-25,30,0.004781368407938413,pass
2017-10-26,30,0.004723088727794089,pass
2017-10-27,30,0.004319415369095914,pass
2017-10-30,30,0.004828391450776431,pass
2017-10-31,30,0.0049831057760685304,pass
2017-11-01,30,0.004985621147556019,pass
2017-11-02,30,0.004631790289817694,pass
2017-11-03,30,0.00485642166973832,pass
2017-11-06,30,0.0048075780719435135,pass
2017-11-07,30,0.004928505405246697,pass
2017-11-08,30,0.004867359778178149,pass
2017-11-09,30,0.004960345714385972,pass
2017-11-10,30,0.004727486192304675,pass
2017-11-13,30,0.004887629196370646,pass
2017-11-14,30,0.0048967790535273115,pass
2017-11-15,30,0.004860166348749639,pass
2017-11-16,30,0.004932526460402209,pass
2017-11-17,30,0.00456406978897872,pass
2017-11-20,30,0.004851032015321111,pass
2017-11-21,30,0.004729789530345807,pass
2017-11-22,30,0.004686460485583965,pass
2017-11-24,30,0.004901220367857506,pass
2017-11-27,30,0.0048376206340794425,pass
2017-11-28,30,0.004985247283248451,pass
2017-11-29,30,0.004968270898887683,pass
2017-11-30,30,0.004983163266539248,pass
2017-12-01,30,0.004927192024245519,pass
2017-12-04,30,0.005005391130949444,pass
2017-12-05,30,0.004786018301741746,pass
2017-12-06,30,0.004959289355600804,pass
2017-12-07,30,0.004622413384697266,pass
2017-12-08,30,0.004839948665492921,pass
2017-12-11,30,0.004934870780105849,pass
2017-12-12,30,0.0047427380077055825,pass
2017-12-13,30,0.004946017111012724,pass
2017-12-14,30,0.004869252738792795,pass
2017-12-15,30,0.004818163781387941,pass
2017-12-18,30,0.004909293434135487,pass
2017-12-19,30,0.004961202865159942,pass
2017-12-20,30,0.004994959078019612,pass
2017-12-21,30,0.004587036221866125,pass
2017-12-22,30,0.004786162290312812,pass
2017-12-26,30,0.004812410497566366,pass
2017-12-27,30,0.004916287347153658,pass
2017-12-28,30,0.004795066092869171,pass
2017-12-29,30,0.004973234544528027,pass
2018-01-02,30,0.00498352202404212,pass
2018-01-03,30,0.00487181713648005,pass
2018-01-04,30,0.004993238321461535,pass
2018-01-05,30,0.004652507265695549,pass
2018-01-08,30,0.0048799315963826695,pass
2018-01-09,30,0.004686366783801521,pass
2018-01-10,30,0.004847078307161634,pass
2018-01-11,30,0.004937468549466584,pass
2018-01-12,30,0.004881067962730912,pass
2018-01-16,30,0.004761568725662746,pass
2018-01-17,30,0.004842091529122516,pass
2018-01-18,30,0.004442270500198964,pass
2018-01-19,30,0.004972822705458235,pass
2018-01-22,30,0.004960005049077509,pass
2018-01-23,30,0.0048937775523616445,pass
2018-01-24,30,0.004783600529613408,pass
2018-01-25,30,0.004849619406888106,pass
2018-01-26,30,0.005011648256461609,pass
2018-01-29,30,0.004790440999540013,pass
2018-01-30,30,0.004829486526837512,pass
2018-01-31,30,0.004748490426836893,pass
2018-02-01,30,0.004973287410191263,pass
2018-02-02,30,0.004980476466173722,pass
2018-02-05,30,0.004999140917651135,pass
2018-02-06,30,0.004997655304560256,pass
2018-02-07,30,0.004912448053374929,pass
2018-02-08,30,0.005332976372729448,pass
2018-02-09,30,0.004931607734404153,pass
2018-02-12,30,0.0049517547733024525,pass
2018-02-13,30,0.004541813514516435,pass
2018-02-14,30,0.004533414922312795,pass
2018-02-15,30,0.004919792433270842,pass
2018-02-16,30,0.004860719939846214,pass
2018-02-20,30,0.004988951351897475,pass
2018-02-21,30,0.004821746061381416,pass
2018-02-22,30,0.004638148188643165,pass
2018-02-23,30,0.004727085061856373,pass
2018-02-26,30,0.004851275978504099,pass
2018-02-27,30,0.0046783554866897115,pass
2018-02-28,30,0.004668905177196425,pass
2018-03-01,30,0.004894967464766364,pass
2018-03-02,30,0.004987901204844825,pass
2018-03-05,30,0.004992456507854626,pass
2018-03-06,30,0.004712372060865222,pass
2018-03-07,30,0.004954349186250817,pass
2018-03-08,30,0.00488598645223548,pass
2018-03-09,30,0.004885065421483814,pass
2018-03-12,30,0.004986602921558392,pass
2018-03-13,30,0.0046533817927435495,pass
2018-03-14,30,0.004848520418453128,pass
2018-03-15,30,0.004943001260977742,pass
2018-03-16,30,0.0049601651982283945,pass
2018-03-19,30,0.004599144275418965,pass
2018-03-20,30,0.00434237043999558,pass
2018-03-21,30,0.004880913404385623,pass
2018-03-22,30,0.004947934047136449,pass
2018-03-23,30,0.004996330526980952,pass
2018-03-26,30,0.00494239390469442,pass
2018-03-27,30,0.004474327824563473,pass
2018-03-28,30,0.0047865276011846425,pass
2018-03-29,30,0.004951031308195186,pass
2018-04-02,30,0.004937903164865809,pass
2018-04-03,30,0.0044297241803478715,pass
2018-04-04,30,0.004814364289972006,pass
2018-04-05,30,0.004580930774884806,pass
2018-04-06,30,0.0047970355668280895,pass
2018-04-09,30,0.0045486045099560335,pass
2018-04-10,30,0.004894246870036645,pass
2018-04-11,30,0.00493270225693232,pass
2018-04-12,30,0.00447431807892168,pass
2018-04-13,30,0.004938603492196658,pass
2018-04-16,30,0.0047926253601837665,pass
2018-04-17,30,0.004929551523161213,pass
2018-04-18,30,0.004972558229482393,pass
2018-04-19,30,0.004924328273619993,pass
2018-04-20,30,0.004905829511687998,pass
2018-04-23,30,0.004622838862336498,pass
2018-04-24,30,0.004828431903122765,pass
2018-04-25,30,0.004968578895120368,pass
2018-04-26,30,0.0045517330378441745,pass
2018-04-27,30,0.004911245870369008,pass
2018-04-30,30,0.004951588850159172,pass
2018-05-01,30,0.0046267503868782645,pass
2018-05-02,30,0.004947589443381195,pass
2018-05-03,30,0.004223493312721649,pass
2018-05-04,30,0.004931163765584112,pass
2018-05-07,30,0.004444696330187237,pass
2018-05-08,30,0.0045876067742908755,pass
2018-05-09,30,0.004910199213788158,pass
2018-05-10,30,0.004920268716797349,pass
2018-05-11,30,0.004983888432646966,pass
2018-05-14,30,0.004958444272604168,pass
2018-05-15,30,0.004882889752221009,pass
2018-05-16,30,0.004866701523720263,pass
2018-05-17,30,0.004825623887913522,pass
2018-05-18,30,0.004719869339947502,pass
2018-05-21,30,0.004981192389293121,pass
2018-05-22,30,0.004493103355068806,pass
2018-05-23,30,0.0049090987845265555,pass
2018-05-24,30,0.004969905937346475,pass
2018-05-25,30,0.004982399659306247,pass
2018-05-29,30,0.0049674779675074054,pass
2018-05-30,30,0.004874624289323559,pass
2018-05-31,30,0.004566196992808469,pass
2018-06-01,30,0.004999650429320102,pass
2018-06-04,30,0.004981838551895712,pass
2018-06-05,30,0.004970372880636065,pass
2018-06-06,30,0.004703813883122354,pass
2018-06-07,30,0.004849177967850005,pass
2018-06-08,30,0.004354293599087566,pass
2018-06-11,30,0.004944469460879675,pass
2018-06-12,30,0.0049487292470493105,pass
2018-06-13,30,0.004673475702994534,pass
2018-06-14,30,0.0048982695890348316,pass
2018-06-15,30,0.004971286669888664,pass
2018-06-18,30,0.004285674323305233,pass
2018-06-19,30,0.0049736252961604666,pass
2018-06-20,30,0.004933254766394113,pass
2018-06-21,30,0.00489194242364599,pass
2018-06-22,30,0.004784262827191299,pass
2018-06-25,30,0.004851514265880041,pass
2018-06-26,30,0.004995265277564498,pass
2018-06-27,30,0.004763369929848549,pass
2018-06-28,30,0.00498258445991856,pass
2018-06-29,30,0.00448945075625512,pass
2018-07-02,30,0.0046660255968028475,pass
2018-07-03,30,0.004766757601692984,pass
2018-07-05,30,0.0049643677432070765,pass
2018-07-06,30,0.004978297699041734,pass
2018-07-09,30,0.00485803881889596,pass
2018-07-10,30,0.004643886238886452,pass
2018-07-11,30,0.004728408511019133,pass
2018-07-12,30,0.004983045270197384,pass
2018-07-13,30,0.004679678894635442,pass
2018-07-16,30,0.00484267382066389,pass
2018-07-17,30,0.004806317858985221,pass
2018-07-18,30,0.004473734869954449,pass
2018-07-19,30,0.004848697823696402,pass
2018-07-20,30,0.004589085901528234,pass
2018-07-23,30,0.004990195458173807,pass
2018-07-24,30,0.004857480100373124,pass
2018-07-25,30,0.004948930698647769,pass
2018-07-26,30,0.0049907268944576755,pass
2018-07-27,30,0.004775779627180787,pass
2018-07-30,30,0.004967455917541386,pass
2018-07-31,30,0.004986765758246969,pass
2018-08-01,30,0.004963180622874486,pass
2018-08-02,30,0.004963675926152045,pass
2018-08-03,30,0.0047599819284760425,pass
2018-08-06,30,0.004786689778400743,pass
2018-08-07,30,0.004971861877998973,pass
2018-08-08,30,0.004947302223098915,pass
2018-08-09,30,0.004929407862487578,pass
2018-08-10,30,0.004921113485219231,pass
2018-08-13,30,0.004770013079802293,pass
2018-08-14,30,0.004932025763210168,pass
2018-08-15,30,0.004902940828506452,pass
2018-08-16,30,0.0049654534747117784,pass
2018-08-17,30,0.0049845840043027945,pass
2018-08-20,30,0.00473296879695273,pass
2018-08-21,30,0.0048358462171813055,pass
2018-08-22,30,0.004800766361320874,pass
2018-08-23,30,0.004794653278329675,pass
2018-08-24,30,0.004851111970495536,pass
2018-08-27,30,0.004892318226264181,pass
2018-08-28,30,0.0048935427307550405,pass
2018-08-29,30,0.0048273526024461555,pass
2018-08-30,30,0.00491265145119435,pass
2018-08-31,30,0.004715612552490256,pass
2018-09-04,30,0.004914541346136281,pass
2018-09-05,30,0.0048739335436684406,pass
2018-09-06,30,0.004959797433035096,pass
2018-09-07,30,0.004859715703811607,pass
2018-09-10,30,0.004907823692376634,pass
2018-09-11,30,0.004960217064378658,pass
2018-09-12,30,0.004644858332368551,pass
2018-09-13,30,0.004833067894990939,pass
2018-09-14,30,0.004832826125573952,pass
2018-09-17,30,0.00496766556688788,pass
2018-09-18,30,0.0048333628747260216,pass
2018-09-19,30,0.004678726281404089,pass
2018-09-20,30,0.004958127450202521,pass
2018-09-21,30,0.00462032468378365,pass
2018-09-24,30,0.004866850415799484,pass
2018-09-25,30,0.005000813032285389,pass
2018-09-26,30,0.0048225109808980315,pass
2018-09-27,30,0.004940188148144786,pass
2018-09-28,30,0.004768421621934027,pass
2018-10-01,30,0.0049418359388681,pass
2018-10-02,30,0.004914116327400797,pass
2018-10-03,30,0.005001424794939813,pass
2018-10-04,30,0.004608668653094394,pass
2018-10-05,30,0.004575330796105503,pass
2018-10-09,30,0.004509197359808814,pass
2018-10-10,30,0.004441451973355437,pass
2018-10-11,30,0.004946938559104164,pass
2018-10-12,30,0.004934109748000459,pass
2018-10-15,30,0.004968569170780979,pass
2018-10-16,30,0.0049438309781060785,pass
2018-10-17,30,0.004944764097208898,pass
2018-10-18,30,0.004539466864732222,pass
2018-10-19,30,0.004650466747871396,pass
2018-10-22,30,0.004932991328476799,pass
2018-10-23,30,0.004787946591769399,pass
2018-10-24,30,0.004846868555050121,pass
2018-10-25,30,0.004901900085355071,pass
2018-10-26,30,0.004598608436268137,pass
2018-10-29,30,0.0046061899688226715,pass
2018-10-30,30,0.004876684676149989,pass
2018-10-31,30,0.004945983426360434,pass
2018-11-01,30,0.00492098532846319,pass
2018-11-02,30,0.004762086529691567,pass
2018-11-05,30,0.004933128565712264,pass
2018-11-06,30,0.004106236897866156,pass
2018-11-07,30,0.004923394306272089,pass
2018-11-08,30,0.004545119194343528,pass
2018-11-09,30,0.00483988146733616,pass
2018-11-13,30,0.0049860188447437,pass
2018-11-14,30,0.00462980748898445,pass
2018-11-15,30,0.004936206236608176,pass
2018-11-16,30,0.0049432058335519,pass
2018-11-19,30,0.004796812264964978,pass
2018-11-20,30,0.004538231734851905,pass
2018-11-21,30,0.004347258555255362,pass
2018-11-23,30,0.004758352795397602,pass
2018-11-26,30,0.0047331076428319685,pass
2018-11-27,30,0.004956053047816544,pass
2018-11-28,30,0.004555924726368232,pass
2018-11-29,30,0.004881454891553227,pass
2018-11-30,30,0.004443850494736945,pass
2018-12-03,30,0.004723488012808863,pass
2018-12-04,30,0.00493597901420062,pass
2018-12-06,30,0.004895755232221799,pass
2018-12-07,30,0.004809271253701508,pass
2018-12-10,30,0.004937830381593344,pass
2018-12-11,30,0.004768162430238143,pass
2018-12-12,30,0.004680592067887734,pass
2018-12-13,30,0.004762399925563321,pass
2018-12-14,30,0.004902587300292804,pass
2018-12-17,30,0.004886434855286281,pass
2018-12-18,30,0.004939936862347061,pass
2018-12-19,30,0.00488302930395923,pass
2018-12-20,30,0.004863337700160286,pass
2018-12-21,30,0.004940510415669952,pass
2018-12-24,30,0.004709350612426555,pass
2018-12-26,30,0.004995033531969562,pass
2018-12-27,30,0.004674226731019027,pass
2018-12-28,30,0.004508044867540528,pass
2018-12-31,30,0.004898037413610112,pass
2019-01-02,30,0.004814088438789832,pass
2019-01-03,30,0.004980331371889912,pass
2019-01-04,30,0.004950047634046106,pass
2019-01-07,30,0.004824232900137171,pass
2019-01-08,30,0.004393702312914527,pass
2019-01-09,30,0.00469004580123944,pass
2019-01-10,30,0.0049527849170505345,pass
2019-01-11,30,0.005003959660798696,pass
2019-01-14,30,0.0047380380764627805,pass
2019-01-15,30,0.0049570256658096334,pass
2019-01-16,30,0.004794563222172699,pass
2019-01-17,30,0.004883192934075631,pass
2019-01-18,30,0.00486628531127381,pass
2019-01-22,30,0.0047960297197210955,pass
2019-01-23,30,0.005000104165708841,pass
2019-01-24,30,0.004756257968446809,pass
2019-01-25,30,0.004590213032278079,pass
2019-01-28,30,0.004592429818997545,pass
2019-01-29,30,0.004622148014818417,pass
2019-01-30,30,0.004890571447153935,pass
2019-01-31,30,0.004675126808809105,pass
2019-02-01,30,0.004911114536293448,pass
2019-02-04,30,0.00464937086264855,pass
2019-02-05,30,0.004957240997346957,pass
2019-02-06,30,0.0049981935393988985,pass
2019-02-07,30,0.004898010152083743,pass
2019-02-08,30,0.004654494279096588,pass
2019-02-11,30,0.0049734112939070485,pass
2019-02-12,30,0.004681313488102967,pass
2019-02-13,30,0.0044624725970693335,pass
2019-02-14,30,0.00491381436856092,pass
2019-02-15,30,0.0046004817489536665,pass
2019-02-19,30,0.004608022898221209,pass
2019-02-20,30,0.004964898792578221,pass
2019-02-21,30,0.004925057311977454,pass
2019-02-22,30,0.004851972805891558,pass
2019-02-25,30,0.004721477531409446,pass
2019-02-26,30,0.004884747546972379,pass
2019-02-27,30,0.00497089862942085,pass
2019-02-28,30,0.00499428898948634,pass
2019-03-01,30,0.004828390661945625,pass
2019-03-04,30,0.004877512139664364,pass
2019-03-05,30,0.005004992958135279,pass
2019-03-06,30,0.004816380412067667,pass
2019-03-07,30,0.004581469849954112,pass
2019-03-08,30,0.004821077015486341,pass
2019-03-11,30,0.004314968737456626,pass
2019-03-12,30,0.00475095923480745,pass
2019-03-13,30,0.00498901399616225,pass
2019-03-14,30,0.004977796585620142,pass
2019-03-15,30,0.004981859809440048,pass
2019-03-18,30,0.004758456544143308,pass
2019-03-19,30,0.004792700909507508,pass
2019-03-20,30,0.004992625212800472,pass
2019-03-21,30,0.004992649811005889,pass
2019-03-22,30,0.00487206591317374,pass
2019-03-25,30,0.0049746884168283545,pass
2019-03-26,30,0.00481125802625354,pass
2019-03-27,30,0.004893143534731581,pass
2019-03-28,30,0.004090927573467684,pass
2019-03-29,30,0.004892647902723923,pass
2019-04-01,30,0.004897631926993606,pass
2019-04-02,30,0.004611239497985531,pass
2019-04-03,30,0.004796901305753609,pass
2019-04-04,30,0.004975443830476656,pass
2019-04-05,30,0.004769103640334116,pass
2019-04-08,30,0.00470895013687106,pass
2019-04-09,30,0.004898901102348696,pass
2019-04-10,30,0.0048003414719957616,pass
2019-04-11,30,0.004580248769772699,pass
2019-04-12,30,0.004975458597900051,pass
2019-04-15,30,0.004987079477020151,pass
2019-04-16,30,0.004613212030539493,pass
2019-04-17,30,0.004945079048641887,pass
2019-04-18,30,0.004872726872794109,pass
2019-04-22,30,0.004981794011690854,pass
2019-04-23,30,0.004804424920158701,pass
2019-04-24,30,0.004979752579667429,pass
2019-04-25,30,0.004858723202244564,pass
2019-04-26,30,0.004937436245376625,pass
2019-04-29,30,0.004987932358986591,pass
2019-04-30,30,0.004915404905846132,pass
2019-05-01,30,0.004995176378641553,pass
2019-05-02,30,0.0046244664048816775,pass
2019-05-03,30,0.004654741375328952,pass
2019-05-06,30,0.004957931751467526,pass
2019-05-07,30,0.004823744250113948,pass
2019-05-08,30,0.004719741532009658,pass
2019-05-09,30,0.004969320814701694,pass
2019-05-10,30,0.0049460874377779684,pass
2019-05-13,30,0.0049637328179696905,pass
2019-05-14,30,0.004759130125715771,pass
2019-05-15,30,0.004950164875991425,pass
2019-05-16,30,0.004744508890243415,pass
2019-05-17,30,0.004937745191925524,pass
2019-05-20,30,0.00497170795435431,pass
2019-05-21,30,0.004742915640475187,pass
2019-05-22,30,0.004993297283081843,pass
2019-05-23,30,0.004994120658408097,pass
2019-05-24,30,0.004658535470609959,pass
2019-05-28,30,0.0046895100970847925,pass
2019-05-29,30,0.004536830281315352,pass
2019-05-30,30,0.004886959932837165,pass
2019-05-31,30,0.004839280011957603,pass
2019-06-03,30,0.004812277038038215,pass
2019-06-04,30,0.004992093339192816,pass
2019-06-05,30,0.004858342756153267,pass
2019-06-06,30,0.004973476236402874,pass
2019-06-07,30,0.004958744045276131,pass
2019-06-10,30,0.0049451469831540695,pass
2019-06-11,30,0.004927002295804228,pass
2019-06-12,30,0.004959120895701996,pass
2019-06-13,30,0.004545660255844686,pass
2019-06-14,30,0.004788560835182476,pass
2019-06-17,30,0.004842152024515933,pass
2019-06-18,30,0.004765360844087574,pass
2019-06-19,30,0.004936263459376367,pass
2019-06-20,30,0.0048795536708098886,pass
2019-06-21,30,0.004906707642589325,pass
2019-06-24,30,0.004897910482332124,pass
2019-06-25,30,0.004983886138544558,pass
2019-06-26,30,0.004956836202642256,pass
2019-06-27,30,0.004811918325117737,pass
2019-06-28,30,0.004968797649093637,pass
2019-07-01,30,0.004929090936973968,pass
2019-07-02,30,0.004980818616440175,pass
2019-07-03,30,0.0049829531931916415,pass
2019-07-05,30,0.004595319500651229,pass
2019-07-08,30,0.004972571924465041,pass
2019-07-09,30,0.004587019684816618,pass
2019-07-10,30,0.0048520064174426,pass
2019-07-11,30,0.004972480386680744,pass
2019-07-12,30,0.004900399174605219,pass
2019-07-15,30,0.004752743432805129,pass
2019-07-16,30,0.004956835412475713,pass
2019-07-17,30,0.004511308986550333,pass
2019-07-18,30,0.004981543903319341,pass
2019-07-19,30,0.004743714520673292,pass
2019-07-22,30,0.004895278870459263,pass
2019-07-23,30,0.004949097295002536,pass
2019-07-24,30,0.004950619319175897,pass
2019-07-25,30,0.004902986243983387,pass
2019-07-26,30,0.004785634565192265,pass
2019-07-29,30,0.00494618252591672,pass
2019-07-30,30,0.005003625001831491,pass
2019-07-31,30,0.004604823901632749,pass
2019-08-01,30,0.004194671861627863,pass
2019-08-02,30,0.004816487969364069,pass
2019-08-05,30,0.004848045694234859,pass
2019-08-06,30,0.004785961241725312,pass
2019-08-07,30,0.004832623555425797,pass
2019-08-08,30,0.004799393426395404,pass
2019-08-09,30,0.004711646759379684,pass
2019-08-12,30,0.004905694616502698,pass
2019-08-13,30,0.004855317092336553,pass
2019-08-14,30,0.0049195647093894235,pass
2019-08-15,30,0.004890909164577406,pass
2019-08-16,30,0.004868418889344972,pass
2019-08-19,30,0.004737928025189131,pass
2019-08-20,30,0.004980852028151073,pass
2019-08-21,30,0.004753426325054821,pass
2019-08-22,30,0.004969014686800888,pass
2019-08-23,30,0.004908137872447482,pass
2019-08-26,30,0.004948657806418122,pass
2019-08-27,30,0.004987598572689378,pass
2019-08-28,30,0.004896111990594643,pass
2019-08-29,30,0.004998313656197351,pass
2019-08-30,30,0.004863200230367792,pass
2019-09-03,30,0.0048532730152761605,pass
2019-09-04,30,0.004995742610668097,pass
2019-09-05,30,0.004891771289809721,pass
2019-09-06,30,0.004910770720466945,pass
2019-09-09,30,0.0048924008277939635,pass
2019-09-10,30,0.004920513527566228,pass
2019-09-11,30,0.004647123014872578,pass
2019-09-12,30,0.004750394549529746,pass
2019-09-13,30,0.004812736100236192,pass
2019-09-16,30,0.004920405626759883,pass
2019-09-17,30,0.004950298772878059,pass
2019-09-18,30,0.004728714659250899,pass
2019-09-19,30,0.004892685148555342,pass
2019-09-20,30,0.004870067479567641,pass
2019-09-23,30,0.004759077048589744,pass
2019-09-24,30,0.004823769256187549,pass
2019-09-25,30,0.004909929044033534,pass
2019-09-26,30,0.0048570854725357715,pass
2019-09-27,30,0.00459961898485739,pass
2019-09-30,30,0.004961282446258597,pass
2019-10-01,30,0.004895381515226949,pass
2019-10-02,30,0.004991194094451645,pass
2019-10-03,30,0.004937569094577016,pass
2019-10-04,30,0.004900945700728188,pass
2019-10-07,30,0.004583821146715572,pass
2019-10-08,30,0.004984845378246117,pass
2019-10-09,30,0.004992066653230348,pass
2019-10-10,30,0.004975147377128675,pass
2019-10-11,30,0.004948181041852795,pass
2019-10-15,30,0.004726065935337087,pass
2019-10-16,30,0.004826279749077511,pass
2019-10-17,30,0.004673651299441639,pass
2019-10-18,30,0.004945444328774418,pass
2019-10-21,30,0.004706118686970129,pass
2019-10-22,30,0.004986892092988249,pass
2019-10-23,30,0.00488567625033659,pass
2019-10-24,30,0.004635311045518564,pass
2019-10-25,30,0.0049835609216772325,pass
2019-10-28,30,0.004786753807911603,pass
2019-10-29,30,0.004480585313326735,pass
2019-10-30,30,0.00497948911035162,pass
2019-10-31,30,0.004773312736114366,pass
2019-11-01,30,0.004828323442833404,pass
2019-11-04,30,0.004903295590594214,pass
2019-11-05,30,0.004866082580663733,pass
2019-11-06,30,0.004704868095048442,pass
2019-11-07,30,0.004978043691185319,pass
2019-11-08,30,0.004794236713734357,pass
2019-11-12,30,0.004995181912929858,pass
2019-11-13,30,0.004905264627957928,pass
2019-11-14,30,0.00485538057558299,pass
2019-11-15,30,0.0048592492152277345,pass
2019-11-18,30,0.004649553591792865,pass
2019-11-19,30,0.004969755042702473,pass
2019-11-20,30,0.004965222431436989,pass
2019-11-21,30,0.004946272255980377,pass
2019-11-22,30,0.00499982410140376,pass
2019-11-25,30,0.004888793221496934,pass
2019-11-26,30,0.004666664685237798,pass
2019-11-27,30,0.004999663811601496,pass
2019-11-29,30,0.0044850849130473325,pass
2019-12-02,30,0.004914940841989346,pass
2019-12-03,30,0.004999529208578324,pass
2019-12-04,30,0.004963322575018969,pass
2019-12-05,30,0.004400692104021553,pass
2019-12-06,30,0.004722910692360471,pass
2019-12-09,30,0.004920053472481922,pass
2019-12-10,30,0.004932320676505342,pass
2019-12-11,30,0.004617467243353546,pass
2019-12-12,30,0.004809588119644714,pass
2019-12-13,30,0.004818269128438468,pass
2019-12-16,30,0.004861350554087596,pass
2019-12-17,30,0.004961421073215733,pass
2019-12-18,30,0.004612341619261717,pass
2019-12-19,30,0.004788978643054109,pass
2019-12-20,30,0.004883403137909137,pass
2019-12-23,30,0.004830717418406738,pass
2019-12-24,30,0.004901974834173317,pass
2019-12-26,30,0.004868686034296965,pass
2019-12-27,30,0.004804308852204842,pass
2019-12-30,30,0.004633012233960787,pass
2019-12-31,30,0.004822983004741654,pass
2020-01-02,30,0.004936861076818011,pass
2020-01-03,30,0.004930954759126138,pass
2020-01-06,30,0.004894838795850565,pass
2020-01-07,30,0.004990033535025307,pass
2020-01-08,30,0.004793285430411409,pass
2020-01-09,30,0.004737716213197574,pass
2020-01-10,30,0.004771667942160551,pass
2020-01-13,30,0.004973061188268124,pass
2020-01-14,30,0.004752294364175624,pass
2020-01-15,30,0.004995839795428336,pass
2020-01-16,30,0.004968968358581849,pass
2020-01-17,30,0.004958274173703925,pass
2020-01-21,30,0.0045260471244479294,pass
2020-01-22,30,0.004684277497071787,pass
2020-01-23,30,0.004870485344372899,pass
2020-01-24,30,0.004923638106807404,pass
2020-01-27,30,0.004216652678620814,pass
2020-01-28,30,0.0049658910975663995,pass
2020-01-29,30,0.004654890893122932,pass
2020-01-30,30,0.004990477867339305,pass
2020-01-31,30,0.00494008404201135,pass
2020-02-03,30,0.004924856953462953,pass
2020-02-04,30,0.004901010141403206,pass
2020-02-05,30,0.004903296078953567,pass
2020-02-06,30,0.004856720558187033,pass
2020-02-07,30,0.00460875519067705,pass
2020-02-10,30,0.004783079021065256,pass
2020-02-11,30,0.004803308544278073,pass
2020-02-12,30,0.004688471758260149,pass
2020-02-13,30,0.004797632891864745,pass
2020-02-14,30,0.0048627548762669726,pass
2020-02-18,30,0.004706099978636635,pass
2020-02-19,30,0.004620469094412938,pass
2020-02-20,30,0.004950149800446446,pass
2020-02-21,30,0.0050032894900915725,pass
2020-02-24,30,0.0049323643293297526,pass
2020-02-25,30,0.004829356542515595,pass
2020-02-26,30,0.004853194210223399,pass
2020-02-27,30,0.004558714770102473,pass
2020-02-28,30,0.004996604980218866,pass
2020-03-02,30,0.004893085586363255,pass
2020-03-03,30,0.004960377518407194,pass
2020-03-04,30,0.004970181838887672,pass
2020-03-05,30,0.0048825162889641616,pass
2020-03-06,30,0.004636214085149484,pass
2020-03-09,30,0.004948674157574662,pass
2020-03-10,30,0.004514419748285342,pass
2020-03-11,30,0.004875530543284323,pass
2020-03-12,30,0.004609094180069162,pass
2020-03-13,30,0.004736834611392127,pass
2020-03-16,30,0.004688024478139222,pass
2020-03-17,30,0.004963288427698581,pass
2020-03-18,30,0.004598528584066897,pass
2020-03-19,30,0.004801588136885138,pass
2020-03-20,30,0.004883280039216439,pass
2020-03-23,30,0.004985574484101668,pass
2020-03-24,30,0.004747407111715257,pass
2020-03-25,30,0.004940239893037879,pass
2020-03-26,30,0.004232025105840864,pass
2020-03-27,30,0.004843434534967939,pass
2020-03-30,30,0.004896691807275422,pass
2020-03-31,30,0.0048433822582953645,pass
2020-04-01,30,0.0049826910637111935,pass
2020-04-02,30,0.004733788007641598,pass
2020-04-03,30,0.004968037312889917,pass
2020-04-06,30,0.004853933314192399,pass
2020-04-07,30,0.004736373435529004,pass
2020-04-08,30,0.004844973792153193,pass
2020-04-09,30,0.004904704518490441,pass
2020-04-13,30,0.004929862535002494,pass
2020-04-14,30,0.004682149896571494,pass
2020-04-15,30,0.004921275490645666,pass
2020-04-16,30,0.0048220177022596095,pass
2020-04-17,30,0.004749084890559932,pass
2020-04-20,30,0.004976604199621176,pass
2020-04-21,30,0.004641013241360806,pass
2020-04-22,30,0.004937151355621609,pass
2020-04-23,30,0.004983654810618993,pass
2020-04-24,30,0.0049297400098527455,pass
2020-04-27,30,0.004420068510650917,pass
2020-04-28,30,0.004969612281717148,pass
2020-04-29,30,0.004911872476566492,pass
2020-04-30,30,0.004904656779923869,pass
2020-05-01,30,0.004898120146978879,pass
2020-05-04,30,0.004970000055427859,pass
2020-05-05,30,0.004767471413150842,pass
2020-05-06,30,0.004925093938755454,pass
2020-05-07,30,0.004942671731579182,pass
2020-05-08,30,0.004893447152166594,pass
2020-05-11,30,0.00484170063794892,pass
2020-05-12,30,0.004970446686753532,pass
2020-05-13,30,0.004952795925536324,pass
2020-05-14,30,0.004817096717420373,pass
2020-05-15,30,0.004917863874747026,pass
2020-05-18,30,0.004976266476629243,pass
2020-05-19,30,0.0049411988547326535,pass
2020-05-20,30,0.004980866814101315,pass
2020-05-21,30,0.004882586428639479,pass
2020-05-22,30,0.0048718569937772,pass
2020-05-26,30,0.004962155590541167,pass
2020-05-27,30,0.004387379954119176,pass
2020-05-28,30,0.004769659161969753,pass
2020-05-29,30,0.004981011432420371,pass
2020-06-01,30,0.004842751794940231,pass
2020-06-02,30,0.004951360826205287,pass
2020-06-03,30,0.0048971079137129225,pass
2020-06-04,30,0.004971088705431337,pass
2020-06-05,30,0.004998919832382986,pass
2020-06-08,30,0.0049978877154563395,pass
2020-06-09,30,0.004851383738728454,pass
2020-06-10,30,0.00492260676995121,pass
2020-06-11,30,0.00470755437443314,pass
2020-06-12,30,0.004900956884906771,pass
2020-06-15,30,0.004965771700331245,pass
2020-06-16,30,0.004573495976240016,pass
2020-06-17,30,0.004851418855846001,pass
2020-06-18,30,0.0047813336094028325,pass
2020-06-19,30,0.0049301393473429045,pass
2020-06-22,30,0.004930021862414868,pass
2020-06-23,30,0.004805798627244284,pass
2020-06-24,30,0.0049711495001512895,pass
2020-06-25,30,0.004939527623870621,pass
2020-06-26,30,0.004946294947919851,pass
2020-06-29,30,0.004997485375714955,pass
2020-06-30,30,0.004829251523744138,pass
2020-07-01,30,0.004981294390391661,pass
2020-07-02,30,0.00465598344186538,pass
2020-07-06,30,0.0047930821742213185,pass
2020-07-07,30,0.004920835928803879,pass
2020-07-08,30,0.004962668053547226,pass
2020-07-09,30,0.004666890126752213,pass
2020-07-10,30,0.0046568487206168074,pass
2020-07-13,30,0.00492937083370476,pass
2020-07-14,30,0.004732480227229857,pass
2020-07-15,30,0.004731464604799951,pass
2020-07-16,30,0.0047735941078458355,pass
2020-07-17,30,0.004972317478920546,pass
2020-07-20,30,0.004938544587110988,pass
2020-07-21,30,0.00487064350622457,pass
2020-07-22,30,0.004571824895240745,pass
2020-07-23,30,0.004828704969206399,pass
2020-07-24,30,0.004908992123735245,pass
2020-07-27,30,0.004725803990860561,pass
2020-07-28,30,0.004914715449992613,pass
2020-07-29,30,0.0048866254232469986,pass
2020-07-30,30,0.004760163804014977,pass
2020-07-31,30,0.004559288757956248,pass
2020-08-03,30,0.004886555575074614,pass
2020-08-04,30,0.004876789781776882,pass
2020-08-05,30,0.004902939404055617,pass
2020-08-06,30,0.0049614865935826424,pass
2020-08-07,30,0.004941183044124622,pass
2020-08-10,30,0.0049921607307712446,pass
2020-08-11,30,0.004920777182271935,pass
2020-08-12,30,0.004958138521762856,pass
2020-08-13,30,0.00476374082077069,pass
2020-08-14,30,0.004944696330305698,pass
2020-08-17,30,0.004789409767669284,pass
2020-08-18,30,0.004993062616889116,pass
2020-08-19,30,0.004614167596703883,pass
2020-08-20,30,0.004979866831244378,pass
2020-08-21,30,0.004752459481210253,pass
2020-08-24,30,0.0041894069537345285,pass
2020-08-25,30,0.004939264199917831,pass
2020-08-26,30,0.004500650628361247,pass
2020-08-27,30,0.004354383755060531,pass
2020-08-28,30,0.0046947589999075945,pass
2020-08-31,30,0.004909059307198899,pass
2020-09-01,30,0.004775602352059122,pass
2020-09-02,30,0.004501408140250834,pass
2020-09-03,30,0.004802195435610335,pass
2020-09-04,30,0.004951005916457862,pass
2020-09-08,30,0.004997251297307256,pass
2020-09-09,30,0.004835414094093993,pass
2020-09-10,30,0.00483019970617081,pass
2020-09-11,30,0.004728891104372433,pass
2020-09-14,30,0.004963633191195846,pass
2020-09-15,30,0.0043709303483921436,pass
2020-09-16,30,0.004891995932856941,pass
2020-09-17,30,0.0046924399289653695,pass
2020-09-18,30,0.004937397307287761,pass
2020-09-21,30,0.004606242153294693,pass
2020-09-22,30,0.004139854086638445,pass
2020-09-23,30,0.004903150203888068,pass
2020-09-24,30,0.004966524442227838,pass
2020-09-25,30,0.00481408910171224,pass
2020-09-28,30,0.004967492433956278,pass
2020-09-29,30,0.004780770888716812,pass
2020-09-30,30,0.004993149779189063,pass
2020-10-01,30,0.00455375315651721,pass
2020-10-02,30,0.00488169581949055,pass
2020-10-05,30,0.004817359043479685,pass
2020-10-06,30,0.00480521107851066,pass
2020-10-07,30,0.004968273429324481,pass
2020-10-08,30,0.004677983416086218,pass
2020-10-09,30,0.004967393368721096,pass
2020-10-13,30,0.004775179941289565,pass
2020-10-14,30,0.004821280753138091,pass
2020-10-15,30,0.004958678922748535,pass
2020-10-16,30,0.004669453160712628,pass
2020-10-19,30,0.004953220286681506,pass
2020-10-20,30,0.0048584824560542195,pass
2020-10-21,30,0.004797972203551132,pass
2020-10-22,30,0.004903861892426031,pass
2020-10-23,30,0.004941675785449795,pass
2020-10-26,30,0.004918563500273809,pass
2020-10-27,30,0.00499240731810513,pass
2020-10-28,30,0.0049578947331494275,pass
2020-10-29,30,0.0048502417715826085,pass
2020-10-30,30,0.004997586359467565,pass
2020-11-02,30,0.004888560838529898,pass
2020-11-03,30,0.00479543119095982,pass
2020-11-04,30,0.004486378672539232,pass
2020-11-05,30,0.004548633427145857,pass
2020-11-06,30,0.004958459571234586,pass
2020-11-09,30,0.004993542404227447,pass
2020-11-10,30,0.004884701452351203,pass
2020-11-12,30,0.0049454049249123,pass
2020-11-13,30,0.00489577674010408,pass
2020-11-16,30,0.004858293787962653,pass
2020-11-17,30,0.004917725304285497,pass
2020-11-18,30,0.004831517919426376,pass
2020-11-19,30,0.004926189869514791,pass
2020-11-20,30,0.004960203830693677,pass
2020-11-23,30,0.004903249541162585,pass
2020-11-24,30,0.004653924288652855,pass
2020-11-25,30,0.004988221436862811,pass
2020-11-27,30,0.004649924120452703,pass
2020-11-30,30,0.004999942444430111,pass
2020-12-01,30,0.0043383309124636615,pass
2020-12-02,30,0.004983869265635238,pass
2020-12-03,30,0.004931411023683524,pass
2020-12-04,30,0.0047899347738536435,pass
2020-12-07,30,0.004951783106194041,pass
2020-12-08,30,0.004989338557546963,pass
2020-12-09,30,0.004993216223530411,pass
2020-12-10,30,0.004992761611268947,pass
2020-12-11,30,0.004478661240203685,pass
2020-12-14,30,0.004731618796771642,pass
2020-12-15,30,0.004927536561526169,pass
2020-12-16,30,0.004972022956059585,pass
2020-12-17,30,0.004780093339658287,pass
2020-12-18,30,0.004943742175946009,pass
2020-12-21,30,0.004930518559057018,pass
2020-12-22,30,0.004750921052121271,pass
2020-12-23,30,0.004988268433132534,pass
2020-12-24,30,0.004848717270154734,pass
2020-12-28,30,0.004981496688808394,pass
2020-12-29,30,0.004823248596109997,pass
2020-12-30,30,0.004722149062903053,pass
2020-12-31,30,0.0049935976270849836,pass
2021-01-04,30,0.004917081852363978,pass
2021-01-05,30,0.004962490821741605,pass
2021-01-06,30,0.004903704874104076,pass
2021-01-07,30,0.004817076253091357,pass
2021-01-08,30,0.004998193316001209,pass
2021-01-11,30,0.004888108466293006,pass
2021-01-12,30,0.004930691389220827,pass
2021-01-13,30,0.004888532460500805,pass
2021-01-14,30,0.004404193187767386,pass
2021-01-15,30,0.004869878899027569,pass
2021-01-19,30,0.004933011433713719,pass
2021-01-20,30,0.004779923681527427,pass
2021-01-21,30,0.004990123269113522,pass
2021-01-22,30,0.0049444842503861,pass
2021-01-25,30,0.004684071505511173,pass
2021-01-26,30,0.004944342838104909,pass
2021-01-27,30,0.00498306264399076,pass
2021-01-28,30,0.004994020004946836,pass
2021-01-29,30,0.004942746389194341,pass
2021-02-01,30,0.004968453156742325,pass
2021-02-02,30,0.0049237681193272514,pass
2021-02-03,30,0.004621029036184707,pass
2021-02-04,30,0.004963669298432838,pass
2021-02-05,30,0.004873442387871851,pass
2021-02-08,30,0.004943420268306575,pass
2021-02-09,30,0.004963063162145842,pass
2021-02-10,30,0.004853359281548064,pass
2021-02-11,30,0.004783202593172664,pass
2021-02-12,30,0.0047555891964385505,pass
2021-02-16,30,0.004776249542259858,pass
2021-02-17,30,0.004964913933626358,pass
2021-02-18,30,0.0049829676820184465,pass
2021-02-19,30,0.004382845495386201,pass
2021-02-22,30,0.004942973457454369,pass
2021-02-23,30,0.004909098611123597,pass
2021-02-24,30,0.004920278647360665,pass
2021-02-25,30,0.0045586525846200154,pass
2021-02-26,30,0.0049464955149611245,pass
2021-03-01,30,0.004886431686813852,pass
2021-03-02,30,0.004917431492834634,pass
2021-03-03,30,0.00483173739084658,pass
2021-03-04,30,0.004987709962336884,pass
2021-03-05,30,0.004592386688567762,pass
2021-03-08,30,0.00475897980495299,pass
2021-03-09,30,0.0046279875958246675,pass
2021-03-10,30,0.004834240486389918,pass
2021-03-11,30,0.0049853123835347235,pass
2021-03-12,30,0.004989210617215023,pass
2021-03-15,30,0.004895206491169202,pass
2021-03-16,30,0.004987462286810962,pass
2021-03-17,30,0.004934869628752531,pass
2021-03-18,30,0.004724286781091283,pass
2021-03-19,30,0.004914411878276237,pass
2021-03-22,30,0.004929354601966585,pass
2021-03-23,30,0.004959263614698339,pass
2021-03-24,30,0.004881910059574557,pass
2021-03-25,30,0.0048908640568751105,pass
2021-03-26,30,0.00496338593867357,pass
2021-03-29,30,0.004190940109203428,pass
2021-03-30,30,0.004802513993047708,pass
2021-03-31,30,0.004956371411068972,pass
2021-04-01,30,0.004973514181865618,pass
2021-04-02,30,0.004965862383000952,pass
2021-04-05,30,0.004956253265367416,pass
2021-04-06,30,0.004895899515383606,pass
2021-04-07,30,0.004924725709974653,pass
2021-04-08,30,0.0046706776485674895,pass
2021-04-09,30,0.004967541184022761,pass
2021-04-12,30,0.004740715033625664,pass
2021-04-13,30,0.004854570360207297,pass
2021-04-14,30,0.004815925923121189,pass
2021-04-15,30,0.004906720767385714,pass
2021-04-16,30,0.00499572440811058,pass
2021-04-19,30,0.00498349049603275,pass
2021-04-20,30,0.004895204315739227,pass
2021-04-21,30,0.004910700800563744,pass
2021-04-22,30,0.004782081400901694,pass
2021-04-23,30,0.00488793743005228,pass
2021-04-26,30,0.004881309881021867,pass
2021-04-27,30,0.004892043108540439,pass
2021-04-28,30,0.004942510774506859,pass
2021-04-29,30,0.004934289169165884,pass
2021-04-30,30,0.004995527103646147,pass
2021-05-03,30,0.004885200114539134,pass
2021-05-04,30,0.004990734987254941,pass
2021-05-05,30,0.004765621500928737,pass
2021-05-06,30,0.004979624506247504,pass
2021-05-07,30,0.004849162092146475,pass
2021-05-10,30,0.004872136643817304,pass
2021-05-11,30,0.004993388066608373,pass
2021-05-12,30,0.004984354503197175,pass
2021-05-13,30,0.004780124477432937,pass
2021-05-14,30,0.004992517547118547,pass
2021-05-17,30,0.004825639362202039,pass
2021-05-18,30,0.004899400444756397,pass
2021-05-19,30,0.00467455672791689,pass
2021-05-20,30,0.004994156713681447,pass
2021-05-21,30,0.004808878214732082,pass
2021-05-24,30,0.004688504507341373,pass
2021-05-25,30,0.0049270564197664846,pass
2021-05-26,30,0.004524049244916846,pass
2021-05-27,30,0.0048885977355084265,pass
2021-05-28,30,0.0049718689120251125,pass
2021-06-01,30,0.004842188666004388,pass
2021-06-02,30,0.004473179977329544,pass
2021-06-03,30,0.0047923500205672084,pass
2021-06-04,30,0.004914606585686154,pass
2021-06-07,30,0.004914314336336434,pass
2021-06-08,30,0.004869654909069043,pass
2021-06-09,30,0.00477992498953278,pass
2021-06-10,30,0.004977556254115445,pass
2021-06-11,30,0.004684985854784551,pass
2021-06-14,30,0.004705521669517293,pass
2021-06-15,30,0.004894529624412114,pass
2021-06-16,30,0.004949268025480902,pass
2021-06-17,30,0.004838565733911171,pass
2021-06-18,30,0.0049556905562736855,pass
2021-06-21,30,0.004506436500489874,pass
2021-06-22,30,0.004864140814193896,pass
2021-06-23,30,0.00496834121503642,pass
2021-06-24,30,0.004953000102871086,pass
2021-06-25,30,0.004868300467648912,pass
2021-06-28,30,0.004982526726586556,pass
2021-06-29,30,0.004619922685522582,pass
2021-06-30,30,0.0048724425857904485,pass
2021-07-01,30,0.004894737227617574,pass
2021-07-02,30,0.004837278048397398,pass
2021-07-06,30,0.004829994080766953,pass
2021-07-07,30,0.004884922235291744,pass
2021-07-08,30,0.004842592321828432,pass
2021-07-09,30,0.00475880061561601,pass
2021-07-12,30,0.004567194149159015,pass
2021-07-13,30,0.004787285678917175,pass
2021-07-14,30,0.00490222050768957,pass
2021-07-15,30,0.004684176333237533,pass
2021-07-16,30,0.00484690807558974,pass
2021-07-19,30,0.0047984913226217785,pass
2021-07-20,30,0.004409611671779556,pass
2021-07-21,30,0.0046463973848651086,pass
2021-07-22,30,0.004996161958314982,pass
2021-07-23,30,0.004834558536143119,pass
2021-07-26,30,0.004749961853098977,pass
2021-07-27,30,0.00497831424196328,pass
2021-07-28,30,0.004897719267128731,pass
2021-07-29,30,0.004947830654494778,pass
2021-07-30,30,0.004820017908413465,pass
2021-08-02,30,0.004925929696572573,pass
2021-08-03,30,0.004810505280648976,pass
2021-08-04,30,0.004676409503107104,pass
2021-08-05,30,0.004976205239858381,pass
2021-08-06,30,0.004926786438888553,pass
2021-08-09,30,0.004899867689801135,pass
2021-08-10,30,0.004956792223377582,pass
2021-08-11,30,0.0047910403950732205,pass
2021-08-12,30,0.004987510490474245,pass
2021-08-13,30,0.004862421953619189,pass
2021-08-16,30,0.004887241837189457,pass
2021-08-17,30,0.004840225682309525,pass
2021-08-18,30,0.004944409237039871,pass
2021-08-19,30,0.004886987313365565,pass
2021-08-20,30,0.004786765922075442,pass
2021-08-23,30,0.004621425271182644,pass
2021-08-24,30,0.0049188514594268595,pass
2021-08-25,30,0.0047191901824186755,pass
2021-08-26,30,0.004988893998261745,pass
2021-08-27,30,0.004668580144973067,pass
2021-08-30,30,0.004841987751424276,pass
2021-08-31,30,0.004801141360241679,pass
2021-09-01,30,0.004736499800064159,pass
2021-09-02,30,0.004833796113067057,pass
2021-09-03,30,0.004835766023031374,pass
2021-09-07,30,0.004920959930307389,pass
2021-09-08,30,0.004678795809051617,pass
2021-09-09,30,0.004751452483825469,pass
2021-09-10,30,0.004769406072337168,pass
2021-09-13,30,0.0048697895129248825,pass
2021-09-14,30,0.004896151509052593,pass
2021-09-15,30,0.004927234635368483,pass
2021-09-16,30,0.004885638353394062,pass
2021-09-17,30,0.004539011405312043,pass
2021-09-20,30,0.0049831010613676785,pass
2021-09-21,30,0.004965247808498552,pass
2021-09-22,30,0.0048259434214451,pass
2021-09-23,30,0.0048460009813636185,pass
2021-09-24,30,0.004957657363784812,pass
2021-09-27,30,0.004633772892042448,pass
2021-09-28,30,0.004272436318944993,pass
2021-09-29,30,0.0049566451604601824,pass
2021-09-30,30,0.004962608772906933,pass
2021-10-01,30,0.004984190045877884,pass
2021-10-04,30,0.004645365698410092,pass
2021-10-05,30,0.0046213112543311285,pass
2021-10-06,30,0.004917474747657101,pass
2021-10-07,30,0.004792357514663698,pass
2021-10-08,30,0.004912206185841983,pass
2021-10-12,30,0.004876853826780991,pass
2021-10-13,30,0.004826467110523314,pass
2021-10-14,30,0.004801149953888306,pass
2021-10-15,30,0.00490456450005089,pass
2021-10-18,30,0.0044066674663618965,pass
2021-10-19,30,0.0049987036565557474,pass
2021-10-20,30,0.004966310658584272,pass
2021-10-21,30,0.004747549699375686,pass
2021-10-22,30,0.004986346416914478,pass
2021-10-25,30,0.004994990274297811,pass
2021-10-26,30,0.004695211378823172,pass
2021-10-27,30,0.004933951320579971,pass
2021-10-28,30,0.004939472005374701,pass
2021-10-29,30,0.004936373011431294,pass
2021-11-01,30,0.004939603178051588,pass
2021-11-02,30,0.004665661237392149,pass
2021-11-03,30,0.004958638442388585,pass
2021-11-04,30,0.004963615775691044,pass
2021-11-05,30,0.004788704501337837,pass
2021-11-08,30,0.004912167051399768,pass
2021-11-09,30,0.004934800070764689,pass
2021-11-10,30,0.00458840433929103,pass
2021-11-12,30,0.0048017509742676046,pass
2021-11-15,30,0.004601692156248893,pass
2021-11-16,30,0.004976151982312438,pass
2021-11-17,30,0.004653299848691311,pass
2021-11-18,30,0.004590289669377523,pass
2021-11-19,30,0.00487772683298391,pass
2021-11-22,30,0.004998549154207332,pass
2021-11-23,30,0.004620476285552982,pass
2021-11-24,30,0.004986406928128573,pass
2021-11-26,30,0.004654471127477078,pass
2021-11-29,30,0.004886073253357326,pass
2021-11-30,30,0.004276758012143611,pass
2021-12-01,30,0.004931558176424905,pass
2021-12-02,30,0.004891255357512836,pass
2021-12-03,30,0.004915945484920692,pass
2021-12-06,30,0.00488947000238521,pass
2021-12-07,30,0.004896112563608501,pass
2021-12-08,30,0.004700849703439397,pass
2021-12-09,30,0.004848663810964535,pass
2021-12-10,30,0.004935107440172393,pass
2021-12-13,30,0.004461473651316827,pass
2021-12-14,30,0.004663883321244511,pass
2021-12-15,30,0.004995548836214149,pass
2021-12-16,30,0.004928619856299499,pass
2021-12-17,30,0.004859347516004975,pass
2021-12-20,30,0.004941606172106927,pass
2021-12-21,30,0.004938912219441816,pass
2021-12-22,30,0.004460084695595556,pass
2021-12-23,30,0.004940391892666041,pass
2021-12-27,30,0.004961113073444212,pass
2021-12-28,30,0.00494042625979324,pass
2021-12-29,30,0.004915405553349017,pass
2021-12-30,30,0.0049206622894371055,pass
2021-12-31,30,0.004901344355968951,pass
2022-01-03,30,0.004754486566671545,pass
2022-01-04,30,0.004656231648129949,pass
2022-01-05,30,0.004847110890958406,pass
2022-01-06,30,0.004988657378336703,pass
2022-01-07,30,0.004878018744353119,pass
2022-01-10,30,0.004715312946421135,pass
2022-01-11,30,0.004946739609427986,pass
2022-01-12,30,0.004917529481153482,pass
2022-01-13,30,0.004629776506233363,pass
2022-01-14,30,0.004992295034797478,pass
2022-01-18,30,0.004960212565061073,pass
2022-01-19,30,0.004965888396116225,pass
2022-01-20,30,0.00494788439813626,pass
2022-01-21,30,0.004965204674078905,pass
2022-01-24,30,0.004851292918946204,pass
2022-01-25,30,0.004715464833743299,pass
2022-01-26,30,0.00494391948227535,pass
2022-01-27,30,0.00490470863419995,pass
2022-01-28,30,0.004401636387492414,pass
2022-01-31,30,0.004905649289149716,pass
2022-02-01,30,0.004968979797070894,pass
2022-02-02,30,0.004957544351390231,pass
2022-02-03,30,0.004812067652820717,pass
2022-02-04,30,0.004861978072402684,pass
2022-02-07,30,0.004911643786444098,pass
2022-02-08,30,0.004805469949985264,pass
2022-02-09,30,0.004808664611707925,pass
2022-02-10,30,0.0049537816166483895,pass
2022-02-11,30,0.004711780752474082,pass
2022-02-14,30,0.004661989011917056,pass
2022-02-15,30,0.0049621452507739305,pass
2022-02-16,30,0.004888286311011125,pass
2022-02-17,30,0.004644581593233471,pass
2022-02-18,30,0.004884859074304887,pass
2022-02-22,30,0.004702780671828055,pass
2022-02-23,30,0.004942034789838512,pass
2022-02-24,30,0.004672220218597534,pass
2022-02-25,30,0.004563290223087713,pass
2022-02-28,30,0.004793483916638863,pass
2022-03-01,30,0.004969684368333338,pass
2022-03-02,30,0.004867061134117279,pass
2022-03-03,30,0.004801028433316923,pass
2022-03-04,30,0.004920181236808818,pass
2022-03-07,30,0.00497053087872984,pass
2022-03-08,30,0.004923622389380045,pass
2022-03-09,30,0.004627806971975457,pass
2022-03-10,30,0.004774664685534835,pass
2022-03-11,30,0.004823910750538507,pass
2022-03-14,30,0.004502541421647077,pass
2022-03-15,30,0.004842550065768669,pass
2022-03-16,30,0.004983796499900828,pass
2022-03-17,30,0.004877270479881901,pass
2022-03-18,30,0.004448738434303934,pass
2022-03-21,30,0.0048703337212491205,pass
2022-03-22,30,0.004988126614986765,pass
2022-03-23,30,0.0046604363503760515,pass
2022-03-24,30,0.004993421087381988,pass
2022-03-25,30,0.004824354369395434,pass
2022-03-28,30,0.004668395784251933,pass
2022-03-29,30,0.004925290784593694,pass
2022-03-30,30,0.004697004153605966,pass
2022-03-31,30,0.0048216934281017365,pass
2022-04-01,30,0.0047758721100077395,pass
2022-04-04,30,0.004897498593510463,pass
2022-04-05,30,0.004552633343229973,pass
2022-04-06,30,0.004604748851423646,pass
2022-04-07,30,0.004983420569364128,pass
2022-04-08,30,0.004864554330498427,pass
2022-04-11,30,0.004968070108982148,pass
2022-04-12,30,0.004850680608153857,pass
2022-04-13,30,0.004917547643881748,pass
2022-04-14,30,0.004858380433479803,pass
2022-04-18,30,0.00476200056644116,pass
2022-04-19,30,0.004943096020629256,pass
2022-04-20,30,0.004915087448952027,pass
2022-04-21,30,0.004784127067107569,pass
2022-04-22,30,0.004766763758400072,pass
2022-04-25,30,0.004948295682927206,pass
2022-04-26,30,0.004901410434569875,pass
2022-04-27,30,0.004853409553452759,pass
2022-04-28,30,0.004904071600822513,pass
2022-04-29,30,0.0049694257351490245,pass
2022-05-02,30,0.004983771397376602,pass
2022-05-03,30,0.004628174761212023,pass
2022-05-04,30,0.004708398320153739,pass
2022-05-05,30,0.004900588099487901,pass
2022-05-06,30,0.004860678323795331,pass
2022-05-09,30,0.004856688726150027,pass
2022-05-10,30,0.0045360278354625305,pass
2022-05-11,30,0.004750451067202233,pass
2022-05-12,30,0.0048058638500714235,pass
2022-05-13,30,0.004864780216370934,pass
2022-05-16,30,0.004711965310537358,pass
2022-05-17,30,0.004749102082146628,pass
2022-05-18,30,0.004977897447230872,pass
2022-05-19,30,0.004979144501045252,pass
2022-05-20,30,0.004848512878893874,pass
2022-05-23,30,0.0049708359016464865,pass
2022-05-24,30,0.0047785272431002945,pass
2022-05-25,30,0.004724621228031911,pass
2022-05-26,30,0.004974302558156951,pass
2022-05-27,30,0.0049492476340839975,pass
2022-05-31,30,0.004870325420805455,pass
2022-06-01,30,0.004779863061465939,pass
2022-06-02,30,0.0044670324902615355,pass
2022-06-03,30,0.004847428841728285,pass
2022-06-06,30,0.0049939017669059504,pass
2022-06-07,30,0.0048121422013824855,pass
2022-06-08,30,0.0047808720401651406,pass
2022-06-09,30,0.004999219923619569,pass
2022-06-10,30,0.004680374621132688,pass
2022-06-13,30,0.004564206954674188,pass
2022-06-14,30,0.0047275518099548774,pass
2022-06-15,30,0.004889615444481077,pass
2022-06-16,30,0.004923910314480473,pass
2022-06-17,30,0.004787661231214768,pass
2022-06-21,30,0.0049024320675217226,pass
2022-06-22,30,0.004890851513020267,pass
2022-06-23,30,0.0049835352672333855,pass
2022-06-24,30,0.004881383796964678,pass
2022-06-27,30,0.004936862282658994,pass
2022-06-28,30,0.004806477102714535,pass
2022-06-29,30,0.004971068619796792,pass
2022-06-30,30,0.004747181346700935,pass
2022-07-01,30,0.00465263247411557,pass
2022-07-05,30,0.004990667837254104,pass
2022-07-06,30,0.004394964218702724,pass
2022-07-07,30,0.004908076732118571,pass
2022-07-08,30,0.004993601793318314,pass
2022-07-11,30,0.004915807269995076,pass
2022-07-12,30,0.004963251372495925,pass
2022-07-13,30,0.004905134859921334,pass
2022-07-14,30,0.004966911549206254,pass
2022-07-15,30,0.004839899795869296,pass
2022-07-18,30,0.004895795206148745,pass
2022-07-19,30,0.004858136195898255,pass
2022-07-20,30,0.004669739614923674,pass
2022-07-21,30,0.004560502662558086,pass
2022-07-22,30,0.004846966311991552,pass
2022-07-25,30,0.0046794530132385215,pass
2022-07-26,30,0.004920840294964091,pass
2022-07-27,30,0.0047921608199719135,pass
2022-07-28,30,0.0041089802019916855,pass
2022-07-29,30,0.004877023366059441,pass
2022-08-01,30,0.004870010965885019,pass
2022-08-02,30,0.004899969575367091,pass
2022-08-03,30,0.004969520129328997,pass
2022-08-04,30,0.004977302688162488,pass
2022-08-05,30,0.004967169115743797,pass
2022-08-08,30,0.004966501256573053,pass
2022-08-09,30,0.004956734263525386,pass
2022-08-10,30,0.004889376458254435,pass
2022-08-11,30,0.004577611856515507,pass
2022-08-12,30,0.004877292280672241,pass
2022-08-15,30,0.004940199603981066,pass
2022-08-16,30,0.0048725143070998955,pass
2022-08-17,30,0.004940527060723343,pass
2022-08-18,30,0.004860803511502754,pass
2022-08-19,30,0.004952888885828566,pass
2022-08-22,30,0.004829244150544865,pass
2022-08-23,30,0.0049044330998476715,pass
2022-08-24,30,0.00447121374376469,pass
2022-08-25,30,0.004929584359950057,pass
2022-08-26,30,0.003970699578165204,pass
2022-08-29,30,0.004966739705486445,pass
2022-08-30,30,0.0049670589846728674,pass
2022-08-31,30,0.004969025637971414,pass
2022-09-01,30,0.004906646264776771,pass
2022-09-02,30,0.004566050689699952,pass
2022-09-06,30,0.004543641433374379,pass
2022-09-07,30,0.004988351006290914,pass
2022-09-08,30,0.0048479278478424925,pass
2022-09-09,30,0.0049372281764326065,pass
2022-09-12,30,0.004724308488093798,pass
2022-09-13,30,0.0049937229481406,pass
2022-09-14,30,0.004794527027895956,pass
2022-09-15,30,0.0049262904104618865,pass
2022-09-16,30,0.004901119065314763,pass
2022-09-19,30,0.0048197681527806235,pass
2022-09-20,30,0.004609619918480301,pass
2022-09-21,30,0.004921143471267597,pass
2022-09-22,30,0.004890233540541522,pass
2022-09-23,30,0.004917459067790841,pass
2022-09-26,30,0.004894306711647478,pass
2022-09-27,30,0.004945726534422157,pass
2022-09-28,30,0.004867384517104334,pass
2022-09-29,30,0.004788020967830264,pass
2022-09-30,30,0.004886292983702356,pass
2022-10-03,30,0.00466861718582956,pass
2022-10-04,30,0.004847067708313446,pass
2022-10-05,30,0.004932184748257518,pass
2022-10-06,30,0.004627814729832314,pass
2022-10-07,30,0.0049956414392010595,pass
2022-10-11,30,0.004944401547427035,pass
2022-10-12,30,0.004777664152008643,pass
2022-10-13,30,0.004754609966850509,pass
2022-10-14,30,0.004856360382166081,pass
2022-10-17,30,0.00481754314385352,pass
2022-10-18,30,0.004925445196077294,pass
2022-10-19,30,0.004904559585683366,pass
2022-10-20,30,0.0049886357068179565,pass
2022-10-21,30,0.0049689320750362365,pass
2022-10-24,30,0.004977231573902174,pass
2022-10-25,30,0.004694812797759185,pass
2022-10-26,30,0.0047912225685509124,pass
2022-10-27,30,0.004796354216990428,pass
2022-10-28,30,0.004923545599763712,pass
2022-10-31,30,0.004799187849346964,pass
2022-11-01,30,0.00486855026828048,pass
2022-11-02,30,0.004407623449900755,pass
2022-11-03,30,0.004738817521998673,pass
2022-11-04,30,0.004896002896298546,pass
2022-11-07,30,0.0048256313458366895,pass
2022-11-08,30,0.004897180874915974,pass
2022-11-09,30,0.004979045293632134,pass
2022-11-10,30,0.004952823745643653,pass
2022-11-14,30,0.004951088815735583,pass
2022-11-15,30,0.00471406773436267,pass
2022-11-16,30,0.0049330813772785476,pass
2022-11-17,30,0.004214923274847848,pass
2022-11-18,30,0.004924440750800341,pass
2022-11-21,30,0.004935499841596247,pass
2022-11-22,30,0.0049072187524590305,pass
2022-11-23,30,0.004812530105674506,pass
2022-11-25,30,0.004887891840443803,pass
2022-11-28,30,0.004883142615749736,pass
2022-11-29,30,0.004751123641594246,pass
2022-11-30,30,0.004683373551750414,pass
2022-12-01,30,0.004973467356839123,pass
2022-12-02,30,0.004988761669183495,pass
2022-12-05,30,0.00470000741263632,pass
2022-12-06,30,0.004577151491297338,pass
2022-12-07,30,0.004995289822895543,pass
2022-12-08,30,0.004835394589522424,pass
2022-12-09,30,0.0049436888462095485,pass
2022-12-12,30,0.004887126489883098,pass
2022-12-13,30,0.004993401666875119,pass
2022-12-14,30,0.004899253559162431,pass
2022-12-15,30,0.004852573153163453,pass
2022-12-16,30,0.0049986739981272565,pass
2022-12-19,30,0.004986207734480885,pass
2022-12-20,30,0.0049180186850045216,pass
2022-12-21,30,0.004532751645344724,pass
2022-12-22,30,0.004921498801477298,pass
2022-12-23,30,0.004984706342206491,pass
2022-12-27,30,0.00485666262109441,pass
2022-12-28,30,0.00461081235025862,pass
2022-12-29,30,0.00491984231777709,pass
2022-12-30,30,0.004935610324052764,pass
2023-01-03,30,0.004991601326095885,pass
2023-01-04,30,0.004894293574447817,pass
2023-01-05,30,0.004826774716235049,pass
2023-01-06,30,0.004833494993417009,pass
2023-01-09,30,0.0046782145493584615,pass
2023-01-10,30,0.004614145974121686,pass
2023-01-11,30,0.004868940192484517,pass
2023-01-12,30,0.004664105508409011,pass
2023-01-13,30,0.004902908375334358,pass
2023-01-17,30,0.0049944929615686195,pass
2023-01-18,30,0.004955051773058994,pass
2023-01-19,30,0.004966299008285491,pass
2023-01-20,30,0.004289810644070302,pass
2023-01-23,30,0.004937092989432124,pass
2023-01-24,30,0.004893154926174925,pass
2023-01-25,30,0.004988487392401653,pass
2023-01-26,30,0.004609009705835998,pass
2023-01-27,30,0.004551977526995321,pass
2023-01-30,30,0.00442814577610029,pass
2023-01-31,30,0.0048865089792571315,pass
2023-02-01,30,0.004846521214005306,pass
2023-02-02,30,0.004956387627472192,pass
2023-02-03,30,0.004854850362834284,pass
2023-02-06,30,0.004675741336057637,pass
2023-02-07,30,0.004832019609712912,pass
2023-02-08,30,0.004965072765220069,pass
2023-02-09,30,0.00483624194559662,pass
2023-02-10,30,0.004968561632401336,pass
2023-02-13,30,0.004960364771086634,pass
2023-02-14,30,0.00498695991314746,pass
2023-02-15,30,0.004446698984236774,pass
2023-02-16,30,0.004976613391383111,pass
2023-02-17,30,0.004488733908389331,pass
2023-02-21,30,0.004979513861871898,pass
2023-02-22,30,0.004790616510083612,pass
2023-02-23,30,0.004958889216824525,pass
2023-02-24,30,0.004514125633986454,pass
2023-02-27,30,0.004952463239504823,pass
2023-02-28,30,0.004981043563098697,pass
2023-03-01,30,0.00492033458275587,pass
2023-03-02,30,0.004713437826639466,pass
2023-03-03,30,0.004833484091443241,pass
2023-03-06,30,0.004947531816942852,pass
2023-03-07,30,0.00486514003805727,pass
2023-03-08,30,0.004526861491216394,pass
2023-03-09,30,0.004977742887393721,pass
2023-03-10,30,0.004982732327504791,pass
2023-03-13,30,0.004608000512412724,pass
2023-03-14,30,0.0048683868640597705,pass
2023-03-15,30,0.004947381424882935,pass
2023-03-16,30,0.004947003514818582,pass
2023-03-17,30,0.004368358201486955,pass
2023-03-20,30,0.004896803933798766,pass
2023-03-21,30,0.004405269112828236,pass
2023-03-22,30,0.0048944849137533275,pass
2023-03-23,30,0.004734012703649926,pass
2023-03-24,30,0.004982463647981716,pass
2023-03-27,30,0.004942353814263445,pass
2023-03-28,30,0.004576183466400985,pass
2023-03-29,30,0.004950344090759451,pass
2023-03-30,30,0.004855543180026789,pass
2023-03-31,30,0.004939620502145137,pass
2023-04-03,30,0.004969274606733687,pass
2023-04-04,30,0.0048468775571547384,pass
2023-04-05,30,0.00493311556208631,pass
2023-04-06,30,0.004841667670188454,pass
2023-04-07,30,0.0049215979263522724,pass
2023-04-10,30,0.004881422352928655,pass
2023-04-11,30,0.004900406848085126,pass
2023-04-12,30,0.004925840539835025,pass
2023-04-13,30,0.004821721955178271,pass
2023-04-14,30,0.00497285252747115,pass
2023-04-17,30,0.004687842830378153,pass
2023-04-18,30,0.004950914812354434,pass
2023-04-19,30,0.004676063120601093,pass
2023-04-20,30,0.0043377073066092064,pass
2023-04-21,30,0.004595189926626109,pass
2023-04-24,30,0.004937130122992239,pass
2023-04-25,30,0.004629688778873264,pass
2023-04-26,30,0.004945954447735379,pass
2023-04-27,30,0.004998923741478256,pass
2023-04-28,30,0.004910710778363581,pass
2023-05-01,30,0.004621530777307314,pass
2023-05-02,30,0.00497160376242145,pass
2023-05-03,30,0.004617439077897467,pass
2023-05-04,30,0.0044210397125848955,pass
2023-05-05,30,0.00488327537233324,pass
2023-05-08,30,0.00461788489745929,pass
2023-05-09,30,0.004333975329590123,pass
2023-05-10,30,0.004829645410889261,pass
2023-05-11,30,0.004736254362383563,pass
2023-05-12,30,0.004797383909987962,pass
2023-05-15,30,0.004925222734444845,pass
2023-05-16,30,0.004833374017618186,pass
2023-05-17,30,0.004592636459951893,pass
2023-05-18,30,0.004945150103505269,pass
2023-05-19,30,0.004816595654127953,pass
2023-05-22,30,0.0048670427754693435,pass
2023-05-23,30,0.00496116620056497,pass
2023-05-24,30,0.004629777168307925,pass
2023-05-25,30,0.0048485355304273,pass
2023-05-26,30,0.004884359609616529,pass
2023-05-30,30,0.004758252983849687,pass
2023-05-31,30,0.004748914465210752,pass
2023-06-01,30,0.0047573955543750435,pass
2023-06-02,30,0.004794421793324899,pass
2023-06-05,30,0.004789442673291955,pass
2023-06-06,30,0.004966638998127326,pass
2023-06-07,30,0.004889230275501033,pass
2023-06-08,30,0.004740678560405387,pass
2023-06-09,30,0.0048657573607086,pass
2023-06-12,30,0.0049636177280876215,pass
2023-06-13,30,0.004697585839694152,pass
2023-06-14,30,0.004526297520263123,pass
2023-06-15,30,0.0048215396189488224,pass
2023-06-16,30,0.0049575418172714825,pass
2023-06-20,30,0.004832827834033715,pass
2023-06-21,30,0.004807213567145641,pass
2023-06-22,30,0.004980402325480138,pass
2023-06-23,30,0.004806443826763096,pass
2023-06-26,30,0.004870977043797131,pass
2023-06-27,30,0.004974728732079492,pass
2023-06-28,30,0.00481225239358507,pass
2023-06-29,30,0.0048348375859125214,pass
2023-06-30,30,0.004919180762730235,pass
2023-07-03,30,0.004982879762693848,pass
2023-07-05,30,0.004872107954231875,pass
2023-07-06,30,0.004764996710190927,pass
2023-07-07,30,0.004805616004854851,pass
2023-07-10,30,0.0048786174858955755,pass
2023-07-11,30,0.004979291168827338,pass
2023-07-12,30,0.0049556300968367495,pass
2023-07-13,30,0.004991782229096797,pass
2023-07-14,30,0.0047714432781231775,pass
2023-07-17,30,0.004801738295520663,pass
2023-07-18,30,0.004651859404070091,pass
2023-07-19,30,0.0047689165699749125,pass
2023-07-20,30,0.004827054436926104,pass
2023-07-21,30,0.004914118740609319,pass
2023-07-24,30,0.004521706925414426,pass
2023-07-25,30,0.004430766733648506,pass
2023-07-26,30,0.004937885628997218,pass
2023-07-27,30,0.004944246202800984,pass
2023-07-28,30,0.004970277814944635,pass
2023-07-31,30,0.00495361086642887,pass
2023-08-01,30,0.004610124185039366,pass
2023-08-02,30,0.004879663302939652,pass
2023-08-03,30,0.0048525405679095135,pass
2023-08-04,30,0.004750282745075163,pass
2023-08-07,30,0.004750075207060611,pass
2023-08-08,30,0.0049961667485109995,pass
2023-08-09,30,0.00492593319904866,pass
2023-08-10,30,0.0048799337522276165,pass
2023-08-11,30,0.004997012533480838,pass
2023-08-14,30,0.0049086113761837025,pass
2023-08-15,30,0.004949101724133209,pass
2023-08-16,30,0.004951401782055109,pass
2023-08-17,30,0.004920813068617913,pass
2023-08-18,30,0.004934485284199819,pass
2023-08-21,30,0.004954978920362896,pass
2023-08-22,30,0.004865479809532114,pass
2023-08-23,30,0.004673370803329191,pass
2023-08-24,30,0.004977187907581615,pass
2023-08-25,30,0.004983733608021623,pass
2023-08-28,30,0.004913576184192858,pass
2023-08-29,30,0.004946684221615594,pass
2023-08-30,30,0.004924732135910825,pass
2023-08-31,30,0.00495551205410838,pass
2023-09-01,30,0.0048171359719878515,pass
2023-09-05,30,0.004816616674604979,pass
2023-09-06,30,0.0047982111529149,pass
2023-09-07,30,0.004850244339563159,pass
2023-09-08,30,0.004879949868225042,pass
2023-09-11,30,0.004677556832977103,pass
2023-09-12,30,0.004824021553606617,pass
2023-09-13,30,0.004948477696151143,pass
2023-09-14,30,0.004979655909911895,pass
2023-09-15,30,0.00483437167408951,pass
2023-09-18,30,0.004203249386117158,pass
2023-09-19,30,0.004582813969492006,pass
2023-09-20,30,0.004920710628547598,pass
2023-09-21,30,0.004820001709426869,pass
2023-09-22,30,0.004845768148062368,pass
2023-09-25,30,0.004689564137086433,pass
2023-09-26,30,0.004795891239417482,pass
2023-09-27,30,0.004809282429033002,pass
2023-09-28,30,0.004987471631939799,pass
2023-09-29,30,0.0046538009951940795,pass
2023-10-02,30,0.00491890556661434,pass
2023-10-03,30,0.004869613583341481,pass
2023-10-04,30,0.004091092772953719,pass
2023-10-05,30,0.004786223216785013,pass
2023-10-06,30,0.0049778385584342555,pass
2023-10-10,30,0.004952093641957811,pass
2023-10-11,30,0.004592811749665193,pass
2023-10-12,30,0.004747481005609733,pass
2023-10-13,30,0.004716941250509921,pass
2023-10-16,30,0.004936401656538414,pass
2023-10-17,30,0.004711944244714661,pass
2023-10-18,30,0.004989599322463567,pass
2023-10-19,30,0.0049206990423988906,pass
2023-10-20,30,0.004992322279254169,pass
2023-10-23,30,0.004826107344799158,pass
2023-10-24,30,0.00495794145294326,pass
2023-10-25,30,0.004861445579984469,pass
2023-10-26,30,0.0049894632621338975,pass
2023-10-27,30,0.0049830895740982095,pass
2023-10-30,30,0.0049448112907773956,pass
2023-10-31,30,0.004993332535299655,pass
2023-11-01,30,0.004824548212045698,pass
2023-11-02,30,0.00497360868677299,pass
2023-11-03,30,0.004945178038728848,pass
2023-11-06,30,0.004865948556725952,pass
2023-11-07,30,0.0049712169977039755,pass
2023-11-08,30,0.004924490991445318,pass
2023-11-09,30,0.004816489111367228,pass
2023-11-10,30,0.00483154339057934,pass
2023-11-13,30,0.004897860174171709,pass
2023-11-14,30,0.00491361464106943,pass
2023-11-15,30,0.004964551874320211,pass
2023-11-16,30,0.004998257366536918,pass
2023-11-17,30,0.0048377855567383055,pass
2023-11-20,30,0.004709233376656852,pass
2023-11-21,30,0.004627207099081043,pass
2023-11-22,30,0.004515860725570753,pass
2023-11-24,30,0.004998418848961572,pass
2023-11-27,30,0.004997621839281097,pass
2023-11-28,30,0.0048960628826200114,pass
2023-11-29,30,0.00471007849126015,pass
2023-11-30,30,0.004847136001046026,pass
2023-12-01,30,0.004985790865649764,pass
2023-12-04,30,0.00464263436805723,pass
2023-12-05,30,0.004929494780564481,pass
2023-12-06,30,0.004778898224575001,pass
2023-12-07,30,0.004542277117214333,pass
2023-12-08,30,0.004905449834044506,pass
2023-12-11,30,0.00475094577671864,pass
2023-12-12,30,0.004695165282606051,pass
2023-12-13,30,0.004793588798054915,pass
2023-12-14,30,0.00491949136226244,pass
2023-12-15,30,0.004969827413423,pass
2023-12-18,30,0.004809143011319517,pass
2023-12-19,30,0.004852787937117964,pass
2023-12-20,30,0.004893892072907469,pass
2023-12-21,30,0.004828726841293873,pass
2023-12-22,30,0.0047000559381255025,pass
2023-12-26,30,0.0047280439390701146,pass
2023-12-27,30,0.00474793657306849,pass
2023-12-28,30,0.004952643312128302,pass
2023-12-29,30,0.0049959919663777885,pass
2024-01-02,30,0.004833474049892317,pass
2024-01-03,30,0.004933387811809076,pass
2024-01-04,30,0.004897949188453765,pass
2024-01-05,30,0.004836961183460331,pass
2024-01-08,30,0.004839848139204239,pass
2024-01-09,30,0.004988861090141072,pass
2024-01-10,30,0.004920741242600557,pass
2024-01-11,30,0.004948864266995923,pass
2024-01-12,30,0.004828217612801167,pass
2024-01-16,30,0.0049652331306215824,pass
2024-01-17,30,0.0048790444092533525,pass
2024-01-18,30,0.0048278119385569696,pass
2024-01-19,30,0.004699992452519841,pass
2024-01-22,30,0.004953019161132999,pass
2024-01-23,30,0.004648357988870644,pass
2024-01-24,30,0.00495014555068618,pass
2024-01-25,30,0.004800770075641392,pass
2024-01-26,30,0.004894902505478416,pass
2024-01-29,30,0.0045994675224730885,pass
2024-01-30,30,0.004776836614178714,pass
2024-01-31,30,0.004792945472731347,pass
2024-02-01,30,0.004979060631918331,pass
2024-02-02,30,0.004961913255413508,pass
2024-02-05,30,0.004870904267498255,pass
2024-02-06,30,0.004932573813287711,pass
2024-02-07,30,0.004912413687427342,pass
2024-02-08,30,0.004950630439412573,pass
2024-02-09,30,0.004875728174813521,pass
2024-02-12,30,0.004967739546113403,pass
2024-02-13,30,0.00481933977794502,pass
2024-02-14,30,0.0047727335967390205,pass
2024-02-15,30,0.004869401762502834,pass
2024-02-16,30,0.004898776132938876,pass
2024-02-20,30,0.004776198790912289,pass
2024-02-21,30,0.0047363229188635,pass
2024-02-22,30,0.004935514462053869,pass
2024-02-23,30,0.004668892266621039,pass
2024-02-26,30,0.004958660259346548,pass
2024-02-27,30,0.004798163014615997,pass
2024-02-28,30,0.004832670021936991,pass
2024-02-29,30,0.004958144344743842,pass
2024-03-01,30,0.004552986523423397,pass
2024-03-04,30,0.004884947120628591,pass
2024-03-05,30,0.004856351075235854,pass
2024-03-06,30,0.00488636410549137,pass
2024-03-07,30,0.004887477410772667,pass
2024-03-08,30,0.004634240583362148,pass
2024-03-11,30,0.004735872777480998,pass
2024-03-12,30,0.0049808410816643,pass
2024-03-13,30,0.004976138829465571,pass
2024-03-14,30,0.00491664996764285,pass
2024-03-15,30,0.004929816581761282,pass
2024-03-18,30,0.00479568819128362,pass
2024-03-19,30,0.004960998016556584,pass
2024-03-20,30,0.0048364003373685405,pass
2024-03-21,30,0.004986091751077448,pass
2024-03-22,30,0.004751532510574585,pass
2024-03-25,30,0.0049111306252291875,pass
2024-03-26,30,0.004881872031001211,pass
2024-03-27,30,0.004769017061950764,pass
2024-03-28,30,0.004705135951341144,pass
2024-04-01,30,0.004927698131693137,pass
2024-04-02,30,0.004962662170301946,pass
2024-04-03,30,0.004997352241395414,pass
2024-04-04,30,0.004971066522446721,pass
2024-04-05,30,0.004978232341079636,pass
2024-04-08,30,0.004908542147880057,pass
2024-04-09,30,0.004966351759422283,pass
2024-04-10,30,0.0047937083302168615,pass
2024-04-11,30,0.00474562361067743,pass
2024-04-12,30,0.004654579489130062,pass
2024-04-15,30,0.0048802485018428765,pass
2024-04-16,30,0.004977899324964952,pass
2024-04-17,30,0.004939660723859984,pass
2024-04-18,30,0.00489554464598585,pass
2024-04-19,30,0.004545208862130612,pass
2024-04-22,30,0.004967401740496591,pass
2024-04-23,30,0.004896152588154679,pass
2024-04-24,30,0.0049247985710321185,pass
2024-04-25,30,0.004923144435106663,pass
2024-04-26,30,0.004917872946444413,pass
2024-04-29,30,0.004949249084798546,pass
2024-04-30,30,0.004945851923843225,pass
2024-05-01,30,0.004794307029570843,pass
2024-05-02,30,0.004892708482251429,pass
2024-05-03,30,0.004972413741657911,pass
2024-05-06,30,0.004650921832383137,pass
2024-05-07,30,0.004909123944157878,pass
2024-05-08,30,0.004971996028779735,pass
2024-05-09,30,0.004971257401356621,pass
2024-05-10,30,0.004772689725512924,pass
2024-05-13,30,0.004956541239872769,pass
2024-05-14,30,0.004790581790634074,pass
2024-05-15,30,0.004999957211385131,pass
2024-05-16,30,0.004955793700273103,pass
2024-05-17,30,0.004683850424874736,pass
2024-05-20,30,0.004971474068179993,pass
2024-05-21,30,0.004887980369003286,pass
2024-05-22,30,0.0043269161840303605,pass
2024-05-23,30,0.0049957331606925726,pass
2024-05-24,30,0.00489308308704306,pass
2024-05-28,30,0.004689304925545312,pass
2024-05-29,30,0.004926188430856571,pass
2024-05-30,30,0.004976069301887431,pass
2024-05-31,30,0.004942839236313223,pass
2024-06-03,30,0.004797765375194607,pass
2024-06-04,30,0.00498294677672706,pass
2024-06-05,30,0.004570880665216714,pass
2024-06-06,30,0.004818749574017622,pass
2024-06-07,30,0.00483525937185203,pass
2024-06-10,30,0.004956002376890756,pass
2024-06-11,30,0.0049913688188185645,pass
2024-06-12,30,0.004830897745514151,pass
2024-06-13,30,0.004999861127272243,pass
2024-06-14,30,0.004924295870650797,pass
2024-06-17,30,0.004978353147569448,pass
2024-06-18,30,0.0049947918542153635,pass
2024-06-20,30,0.004965205695553476,pass
2024-06-21,30,0.004982392300609262,pass
2024-06-24,30,0.004910087988696521,pass
2024-06-25,30,0.004919564915370489,pass
2024-06-26,30,0.004993017892682139,pass
2024-06-27,30,0.004690598446113747,pass
2024-06-28,30,0.0049937258283366814,pass
2024-07-01,30,0.004967660356888781,pass
2024-07-02,30,0.004915289125023703,pass
2024-07-03,30,0.004951281787346495,pass
2024-07-05,30,0.004828249549268526,pass
2024-07-08,30,0.004764797176398661,pass
2024-07-09,30,0.004932298790227829,pass
2024-07-10,30,0.004678662381824017,pass
2024-07-11,30,0.004868738746471868,pass
2024-07-12,30,0.004976613459245494,pass
2024-07-15,30,0.004830827125892889,pass
2024-07-16,30,0.0045626135200538265,pass
2024-07-17,30,0.004955550138505127,pass
2024-07-18,30,0.004702061621800202,pass
2024-07-19,30,0.00482627122169732,pass
2024-07-22,30,0.004731058294293877,pass
2024-07-23,30,0.004525601278101976,pass
2024-07-24,30,0.004913976958467736,pass
2024-07-25,30,0.004987795635541525,pass
2024-07-26,30,0.004921179131839315,pass
2024-07-29,30,0.00452168105409545,pass
2024-07-30,30,0.004930984969300778,pass
2024-07-31,30,0.004701412002344751,pass
2024-08-01,30,0.004686282301449851,pass
2024-08-02,30,0.0048807419036206445,pass
2024-08-05,30,0.004501973000156645,pass
2024-08-06,30,0.004681132989847736,pass
2024-08-07,30,0.004757357948553809,pass
2024-08-08,30,0.004755774613701691,pass
2024-08-09,30,0.0049230922311710446,pass
2024-08-12,30,0.004937500419285867,pass
2024-08-13,30,0.004949233184808888,pass
2024-08-14,30,0.004646987816284143,pass
2024-08-15,30,0.004974174665217657,pass
2024-08-16,30,0.0048625915325534175,pass
2024-08-19,30,0.00491554165205077,pass
2024-08-20,30,0.004985379337546503,pass
2024-08-21,30,0.004920746905431872,pass
2024-08-22,30,0.00483221916633414,pass
2024-08-23,30,0.004671303735701016,pass
2024-08-26,30,0.004816962730844199,pass
2024-08-27,30,0.004914645032536025,pass
2024-08-28,30,0.004811322914105576,pass
2024-08-29,30,0.004821290808601497,pass
2024-08-30,30,0.004825352615603351,pass
2024-09-03,30,0.004916363938248236,pass
2024-09-04,30,0.004941821383566691,pass
2024-09-05,30,0.004867585962770038,pass
2024-09-06,30,0.0049289226732723845,pass
2024-09-09,30,0.004756755892232345,pass
2024-09-10,30,0.0048451676580574254,pass
2024-09-11,30,0.00498268931073409,pass
2024-09-12,30,0.0045917436517634025,pass
2024-09-13,30,0.004829696781255555,pass
2024-09-16,30,0.004859936815065913,pass
2024-09-17,30,0.004489986879865904,pass
2024-09-18,30,0.004994348030626372,pass
2024-09-19,30,0.004616382242444983,pass
2024-09-20,30,0.004720023111803862,pass
2024-09-23,30,0.004933740902074435,pass
2024-09-24,30,0.004774265398369004,pass
2024-09-25,30,0.004877481627196811,pass
2024-09-26,30,0.0048514685865863605,pass
2024-09-27,30,0.00496212549841446,pass
2024-09-30,30,0.00498204800511437,pass
2024-10-01,30,0.004979792470535815,pass
2024-10-02,30,0.004970376122140352,pass
2024-10-03,30,0.0049542993871970475,pass
2024-10-04,30,0.004922598793311028,pass
2024-10-07,30,0.004993214203288798,pass
2024-10-08,30,0.004794528555840394,pass
2024-10-09,30,0.004364354778615964,pass
2024-10-10,30,0.00460159159602902,pass
2024-10-11,30,0.004776890199231776,pass
2024-10-15,30,0.004960189931707548,pass
2024-10-16,30,0.004970828511030589,pass
2024-10-17,30,0.004839495869879418,pass
2024-10-18,30,0.00498260169234932,pass
2024-10-21,30,0.004850694544228373,pass
2024-10-22,30,0.004634397436503734,pass
2024-10-23,30,0.004846836362815132,pass
2024-10-24,30,0.004817600941856015,pass
2024-10-25,30,0.004935351191337478,pass
2024-10-28,30,0.004734608751374991,pass
2024-10-29,30,0.004765085696856186,pass
2024-10-30,30,0.0049624261630465405,pass
2024-10-31,30,0.004996885129698869,pass
2024-11-01,30,0.004608113846546469,pass
2024-11-04,30,0.004935001892761304,pass
2024-11-05,30,0.0046712957407074596,pass
2024-11-06,30,0.004885316966518616,pass
2024-11-07,30,0.004891654542815704,pass
2024-11-08,30,0.004929545559806403,pass
2024-11-12,30,0.004719309752085343,pass
2024-11-13,30,0.004963288752768413,pass
2024-11-14,30,0.004935322255178454,pass
2024-11-15,30,0.0048033751459675145,pass
2024-11-18,30,0.004647577269492609,pass
2024-11-19,30,0.0048678088753612014,pass
2024-11-20,30,0.004918451260715884,pass
2024-11-21,30,0.004977219886931339,pass
2024-11-22,30,0.004957893398327418,pass
2024-11-25,30,0.004193204840782783,pass
2024-11-26,30,0.004909316166021305,pass
2024-11-27,30,0.0046408392874452975,pass
2024-11-29,30,0.004942955223602441,pass
2024-12-02,30,0.004928607354112713,pass
2024-12-03,30,0.004953859703560326,pass
2024-12-04,30,0.004892488246963089,pass
2024-12-05,30,0.004546148400369487,pass
2024-12-06,30,0.0047745863621107,pass
2024-12-09,30,0.004905677851441137,pass
2024-12-10,30,0.004842729503240495,pass
2024-12-11,30,0.004846813590614341,pass
2024-12-12,30,0.00479671938162507,pass
2024-12-13,30,0.004772344599987544,pass
2024-12-16,30,0.004840739684167095,pass
2024-12-17,30,0.004494459862752764,pass
2024-12-18,30,0.004888671499350683,pass
2024-12-19,30,0.004884935206894703,pass
2024-12-20,30,0.004491237537429527,pass
2024-12-23,30,0.0046279031732515685,pass
2024-12-24,30,0.004943431981957458,pass
2024-12-26,30,0.0049751669735365045,pass
2024-12-27,30,0.004773375957001225,pass
2024-12-30,30,0.004665022052610657,pass
2024-12-31,30,0.0047537235588202,pass
2025-01-02,30,0.004943029875484339,pass
2025-01-03,30,0.00480197413721406,pass
2025-01-06,30,0.0048091928225163505,pass
2025-01-07,30,0.004974015019240663,pass
2025-01-08,30,0.00497045595911072,pass
2025-01-09,30,0.004829740144138284,pass
2025-01-10,30,0.004915088234469511,pass
2025-01-13,30,0.004978005785638562,pass
2025-01-14,30,0.004998045726178901,pass
2025-01-15,30,0.004916433024929057,pass
2025-01-16,30,0.004379210843674652,pass
2025-01-17,30,0.0044204836477379494,pass
2025-01-21,30,0.004624651568224669,pass
2025-01-22,30,0.0049053605106347264,pass
2025-01-23,30,0.004977002136044573,pass
2025-01-24,30,0.004716347717648173,pass
2025-01-27,30,0.004755304019235518,pass
2025-01-28,30,0.004935479748502392,pass
2025-01-29,30,0.004946072332326357,pass
2025-01-30,30,0.004986884251864665,pass
2025-01-31,30,0.004831372549390922,pass
2025-02-03,30,0.004819495646249394,pass
2025-02-04,30,0.004997099320377951,pass
2025-02-05,30,0.004910391114762436,pass
2025-02-06,30,0.004839877470255716,pass
2025-02-07,30,0.004911741089269617,pass
2025-02-10,30,0.004969875029015025,pass
2025-02-11,30,0.0048569450502439215,pass
2025-02-12,30,0.0049578323368937305,pass
2025-02-13,30,0.004512338974832497,pass
2025-02-14,30,0.004979202834071161,pass
2025-02-18,30,0.004706449513863786,pass
2025-02-19,30,0.004809491650770159,pass
2025-02-20,30,0.00491626235367415,pass
2025-02-21,30,0.004789408895519709,pass
2025-02-24,30,0.00495430896710336,pass
2025-02-25,30,0.004977839364664338,pass
2025-02-26,30,0.004991812343202451,pass
2025-02-27,30,0.004892507092166265,pass
2025-02-28,30,0.004910680902053821,pass
2025-03-03,30,0.004970547440377726,pass
2025-03-04,30,0.0049236361510107685,pass
2025-03-05,30,0.004987139283485487,pass
2025-03-06,30,0.004951390813745515,pass
2025-03-07,30,0.004753842972951561,pass
2025-03-10,30,0.004847484125561352,pass
2025-03-11,30,0.0047886710943106925,pass
2025-03-12,30,0.004952110777417529,pass
2025-03-13,30,0.004904445622122555,pass
2025-03-14,30,0.0047231476009435,pass
2025-03-17,30,0.004973048898723742,pass
2025-03-18,30,0.004814195270624877,pass
2025-03-19,30,0.004919928729557599,pass
2025-03-20,30,0.004935852733894963,pass
2025-03-21,30,0.004946689146842487,pass
2025-03-24,30,0.004903127034036614,pass
2025-03-25,30,0.004694090166776355,pass
2025-03-26,30,0.004721347127006892,pass
2025-03-27,30,0.004419062552066255,pass
2025-03-28,30,0.004690859677844439,pass
2025-03-31,30,0.004780672025750388,pass
2025-04-01,30,0.004832079004493672,pass
2025-04-02,30,0.00467155515236628,pass
2025-04-03,30,0.0047991517800743955,pass
2025-04-04,30,0.004910901346549812,pass
2025-04-07,30,0.004938329293269206,pass
2025-04-08,30,0.004909909450678818,pass
2025-04-09,30,0.004534579858134213,pass
2025-04-10,30,0.0047010148192250245,pass
2025-04-11,30,0.004852502382621249,pass
2025-04-14,30,0.004950356093658126,pass
2025-04-15,30,0.004930223906213227,pass
2025-04-16,30,0.0049204853423689965,pass
2025-04-17,30,0.004810645413411141,pass
2025-04-21,30,0.004963530464141552,pass
2025-04-22,30,0.00489861148186832,pass
2025-04-23,30,0.0047662271350501495,pass
2025-04-24,30,0.004971437711845383,pass
2025-04-25,30,0.0048325482807781706,pass
2025-04-28,30,0.004975310268287569,pass
2025-04-29,30,0.004944912126714218,pass
2025-04-30,30,0.0049663836353824875,pass
2025-05-01,30,0.0049947984651771415,pass
2025-05-02,30,0.0049428397734530005,pass
2025-05-05,30,0.004885376634691796,pass
2025-05-06,30,0.004984265056101611,pass
2025-05-07,30,0.004818717723939492,pass
2025-05-08,30,0.004813209598178436,pass
2025-05-09,30,0.004969475377245014,pass
2025-05-12,30,0.004930370555156216,pass
2025-05-13,30,0.004647215522332604,pass
2025-05-14,30,0.0048450805418404075,pass
2025-05-15,30,0.004906262036918907,pass
2025-05-16,30,0.004987046797327865,pass
2025-05-19,30,0.004992363991304649,pass
2025-05-20,30,0.004919521755936129,pass
2025-05-21,30,0.004984295025670105,pass
2025-05-22,30,0.004663928486747793,pass
2025-05-23,30,0.004790431004930706,pass
2025-05-27,30,0.004987575028259084,pass
2025-05-28,30,0.004744163622297237,pass
2025-05-29,30,0.004805280623548791,pass
2025-05-30,30,0.004972494006133532,pass
2025-06-02,30,0.0049650191537992105,pass
2025-06-03,30,0.004853115770919736,pass
2025-06-04,30,0.004941429945781728,pass
2025-06-05,30,0.004379485603472899,pass
2025-06-06,30,0.004631340151939334,pass
2025-06-09,30,0.004978887107875973,pass
2025-06-10,30,0.004894685240661167,pass
2025-06-11,30,0.004571189711338741,pass
2025-06-12,30,0.0049135398712957246,pass
2025-06-13,30,0.004733945756993374,pass
2025-06-16,30,0.004685622607067397,pass
2025-06-17,30,0.004968790013396007,pass
2025-06-18,30,0.004669370412824225,pass
2025-06-20,30,0.004682678165571219,pass
2025-06-23,30,0.004682765507163511,pass
2025-06-24,30,0.004901007072191654,pass
2025-06-25,30,0.004482868967703446,pass
2025-06-26,30,0.0045123447966338714,pass
2025-06-27,30,0.0049607388457467705,pass
2025-06-30,30,0.004620149740633406,pass
2025-07-01,30,0.004936736728022861,pass
2025-07-02,30,0.004940644842757469,pass
2025-07-03,30,0.004827150203237651,pass
2025-07-07,30,0.004827039945601297,pass
2025-07-08,30,0.004998646051454503,pass
2025-07-09,30,0.004916670718543847,pass
2025-07-10,30,0.00499983508435442,pass
2025-07-11,30,0.004774215518130176,pass
2025-07-14,30,0.004905461120294219,pass
2025-07-15,30,0.004979552689007849,pass
2025-07-16,30,0.004996801667711548,pass
2025-07-17,30,0.004828600744383182,pass
2025-07-18,30,0.004840990979193549,pass
2025-07-21,30,0.004919841621528476,pass
2025-07-22,30,0.004976917347618293,pass
2025-07-23,30,0.0049507783744795475,pass
2025-07-24,30,0.004892177298959632,pass
2025-07-25,30,0.004822550481592414,pass
2025-07-28,30,0.004611432606396737,pass
2025-07-29,30,0.004888788482856898,pass
2025-07-30,30,0.00490049947204918,pass
2025-07-31,30,0.004682807528064159,pass
2025-08-01,30,0.004791126784683963,pass
2025-08-04,30,0.004919163361441492,pass
2025-08-05,30,0.004946060719532297,pass
2025-08-06,30,0.004965889854463557,pass
2025-08-07,30,0.00492313334640726,pass
2025-08-08,30,0.0049634545720017575,pass
2025-08-11,30,0.004949373585971806,pass
2025-08-12,30,0.004998696578675799,pass
2025-08-13,30,0.0049148719081376635,pass
2025-08-14,30,0.004917348402980193,pass
2025-08-15,30,0.0043726660773485415,pass
2025-08-18,30,0.004841650514467166,pass
2025-08-19,30,0.004287067477126705,pass
2025-08-20,30,0.004867764981514311,pass
2025-08-21,30,0.004851465432234581,pass
2025-08-22,30,0.004479086561787193,pass
2025-08-25,30,0.00489332050733482,pass
2025-08-26,30,0.004987958039173734,pass
2025-08-27,30,0.004896395371239981,pass
2025-08-28,30,0.004882481755424939,pass
2025-08-29,30,0.004486610453019457,pass
2025-09-02,30,0.00488074615896672,pass
2025-09-03,30,0.004693857858922845,pass
2025-09-04,30,0.004773642186886584,pass
2025-09-05,30,0.00449751688016975,pass
2025-09-08,30,0.004966649625876007,pass
2025-09-09,30,0.004435844726674576,pass
2025-09-10,30,0.00489336187535494,pass
2025-09-11,30,0.00488420231842257,pass
2025-09-12,30,0.004734128751376909,pass
2025-09-15,30,0.004850136581247,pass
2025-09-16,30,0.004863077261510473,pass
2025-09-17,30,0.004887293316296892,pass
2025-09-18,30,0.0049264605780918735,pass
2025-09-19,30,0.004677001889455412,pass
2025-09-22,30,0.004944758815253469,pass
2025-09-23,30,0.004984034241983792,pass
2025-09-24,30,0.004540649959014487,pass
2025-09-25,30,0.004933811710086666,pass
2025-09-26,30,0.004950599478553697,pass
2025-09-29,30,0.004788690734572332,pass
2025-09-30,30,0.004984397008883645,pass
2025-10-01,30,0.0049459654070938,pass
2025-10-02,30,0.004938597979800563,pass
2025-10-03,30,0.004998019427077116,pass
2025-10-06,30,0.004814623078552849,pass
2025-10-07,30,0.00490100272719507,pass
2025-10-08,30,0.004501147879212852,pass
2025-10-09,30,0.004730945919392826,pass
2025-10-10,30,0.004978629795718281,pass
2025-10-14,30,0.004964245474067819,pass
2025-10-15,30,0.004870791891278814,pass
2025-10-16,30,0.00493200071609301,pass
2025-10-17,30,0.004937829120796322,pass
2025-10-20,30,0.004803072161663202,pass
2025-10-21,30,0.004854714344276756,pass
2025-10-22,30,0.00484522744953475,pass
2025-10-23,30,0.00487293774074915,pass
2025-10-24,30,0.004924971077277518,pass
2025-10-27,30,0.004974572333713012,pass
2025-10-28,30,0.004625655631515513,pass
2025-10-29,30,0.004964187590300595,pass
2025-10-30,30,0.004919863273930569,pass
2025-10-31,30,0.004435460237636746,pass
2025-11-03,30,0.004900497862642128,pass
2025-11-04,30,0.004968694581053423,pass
2025-11-05,30,0.004956048663476431,pass
2025-11-06,30,0.0049807669831591905,pass
2025-11-07,30,0.004962768138383478,pass
2025-11-10,30,0.00496102582701885,pass
2025-11-12,30,0.0048188173704111215,pass
2025-11-13,30,0.004887379848675377,pass
2025-11-14,30,0.004948397747187028,pass
2025-11-17,30,0.004844869921985517,pass
2025-11-18,30,0.004936255313947591,pass
2025-11-19,30,0.004989998474910773,pass
2025-11-20,30,0.004659603366624632,pass
2025-11-21,30,0.004957637603983378,pass
2025-11-24,30,0.004972253942817084,pass
2025-11-25,30,0.0049021150801825675,pass
2025-11-26,30,0.004609176334491316,pass
2025-11-28,30,0.004875584746766304,pass
2025-12-01,30,0.004909144143486199,pass
2025-12-02,30,0.004727529020753796,pass
2025-12-03,30,0.004901322094713612,pass
2025-12-04,30,0.0047695763980698525,pass
2025-12-05,30,0.0049393468447983535,pass
2025-12-08,30,0.004987883713211683,pass
2025-12-09,30,0.004999021310722607,pass
2025-12-10,30,0.004994636950278464,pass
2025-12-11,30,0.004994004171726685,pass
2025-12-12,30,0.004926196233226432,pass
2025-12-15,30,0.004897544997745085,pass
2025-12-16,30,0.004993247673737433,pass
2025-12-17,30,0.00475590958316785,pass
2025-12-18,30,0.004887889476987151,pass
2025-12-19,30,0.004334771355959943,pass
2025-12-22,30,0.0049816455355289335,pass
2025-12-23,30,0.004877367159872303,pass
2025-12-24,30,0.00483265227974039,pass
2025-12-26,30,0.004866347281043404,pass
2025-12-29,30,0.004743645464627688,pass
2025-12-30,30,0.004903349615989483,pass
2025-12-31,30,0.004950426732153179,pass
2026-01-02,30,0.004915241657854619,pass
2026-01-05,30,0.004938456406172742,pass
2026-01-06,30,0.004835252254281608,pass
2026-01-07,30,0.004692799694117067,pass
2026-01-08,30,0.004515038419319883,pass
2026-01-09,30,0.004826328079340914,pass
2026-01-12,30,0.004957774024719197,pass
2026-01-13,30,0.004933516958988138,pass
2026-01-14,30,0.004802339874723782,pass
2026-01-15,30,0.00499254226786483,pass
2026-01-16,30,0.0046514733868102676,pass
2026-01-20,30,0.004920197556393391,pass
2026-01-21,30,0.004963648674027876,pass
2026-01-22,30,0.004527379096619377,pass
2026-01-23,30,0.0049405524876755536,pass
2026-01-26,30,0.004979540486130252,pass
2026-01-27,30,0.004977430556885043,pass
2026-01-28,30,0.004727290052464195,pass
2026-01-29,30,0.00461108799011678,pass
2026-01-30,30,0.004977195934979806,pass
2026-02-02,30,0.004820564003804595,pass
2026-02-03,30,0.004987722083613089,pass
2026-02-04,30,0.004861195702643428,pass
2026-02-05,30,0.00447262517792868,pass
2026-02-06,30,0.004897643928192252,pass
2026-02-09,30,0.004982019461627352,pass
2026-02-10,30,0.004879104919738864,pass
2026-02-11,30,0.004890826031944684,pass
2026-02-12,30,0.004984735211752134,pass
2026-02-13,30,0.0049723839320309215,pass
2026-02-17,30,0.004962363825133931,pass
2026-02-18,30,0.004988038486697377,pass
2026-02-19,30,0.004959836409634821,pass
2026-02-20,30,0.004845726175109477,pass
2026-02-23,30,0.004582561623986403,pass
2026-02-24,30,0.00465440905039749,pass
2026-02-25,30,0.004731623019574305,pass
2026-02-26,30,0.0049431203356237186,pass
2026-02-27,30,0.0048212014416848525,pass
2026-03-02,30,0.0048158436120882,pass
2026-03-03,30,0.004993238704661951,pass
2026-03-04,30,0.0048964099346598955,pass
2026-03-05,30,0.004999087842433303,pass
2026-03-06,30,0.004803469354289214,pass
2026-03-09,30,0.004953391074882796,pass
2026-03-10,30,0.004803646963882913,pass
2026-03-11,30,0.004932862946518957,pass
2026-03-12,30,0.004955867912645462,pass
2026-03-13,30,0.0049664738852039925,pass
2026-03-16,30,0.004962912063394276,pass
2026-03-17,30,0.004692285625607084,pass
2026-03-18,30,0.004863231199206397,pass
2026-03-19,30,0.0049979878389422305,pass
2026-03-20,30,0.004614850007203519,pass
2026-03-23,30,0.0049730719659663025,pass
2026-03-24,30,0.004934501243725187,pass
2026-03-25,30,0.004845230285668856,pass
2026-03-26,30,0.004875170777352,pass
2026-03-27,30,0.0049679025460047654,pass
2026-03-30,30,0.004965507230184074,pass
2026-03-31,30,0.004939194244782397,pass
2026-04-01,30,0.004687422115318141,pass
2026-04-02,30,0.004955333160611142,pass
2026-04-03,30,0.004866296133831938,pass
2026-04-06,30,0.0049267901842259265,pass
2026-04-07,30,0.004953153493747475,pass
2026-04-08,30,0.004871237670456274,pass
2026-04-09,30,0.004891819989083501,pass
2026-04-10,30,0.004727682643354547,pass
2026-04-13,30,0.004873039783012678,pass
2026-04-14,30,0.004999540081096487,pass
2026-04-15,30,0.00464313535245009,pass
2026-04-16,30,0.004819327615590563,pass
2026-04-17,30,0.004858286833664405,pass
2026-04-20,30,0.00484153910587648,pass
2026-04-21,30,0.004965315424237948,pass
2026-04-22,30,0.0042819365406177035,pass
2026-04-23,30,0.0049316053368081425,pass
2026-04-24,30,0.004987249115628867,pass
2026-04-27,30,0.004675478442947578,pass
2026-04-28,30,0.004968752202946791,pass
2026-04-29,30,0.004974804620333506,pass
2026-04-30,30,0.0049213243984158606,pass
2026-05-01,30,0.004980328501894005,pass
2026-05-04,30,0.004999964591592687,pass
2026-05-05,30,0.0048151553587449936,pass
2026-05-06,30,0.004966178952861555,pass
2026-05-07,30,0.00487055426129368,pass
2026-05-08,30,0.0049905130030530875,pass
2026-05-11,30,0.004880369131390894,pass
2026-05-12,30,0.00493109156327054,pass
2026-05-13,30,0.004992796876907013,pass
2026-05-14,30,0.0044110954328796526,pass
2026-05-15,30,0.0048506708923146125,pass
2026-05-18,30,0.00480062223723321,pass
2026-05-19,30,0.00481060773278863,pass
2026-05-20,30,0.004946364110386403,pass
2026-05-21,30,0.0047762554325481155,pass
2026-05-22,30,0.00498171214571852,pass
2026-05-26,30,0.004963653916986721,pass
2026-05-27,30,0.0048740492340770825,pass
2026-05-28,30,0.004756338737796351,pass
2026-05-29,30,0.004733058453082473,pass
2026-06-01,30,0.004904533618538265,pass
2026-06-02,30,0.0049078728072554645,pass
2026-06-03,30,0.004717709965254557,pass
2026-06-04,30,0.0047166633120737655,pass
2026-06-05,30,0.004857674131136802,pass
2026-06-08,30,0.004962399077837465,pass
2026-06-09,30,0.004746965212090726,pass
2026-06-10,30,0.004990734838797306,pass
2026-06-11,30,0.004897217842705914,pass
2026-06-12,30,0.004969740251339894,pass
2026-06-15,30,0.0049944686189573595,pass
2026-06-16,30,0.00488407978262162,pass
2026-06-17,30,0.0049360388855446136,pass
2026-06-18,30,0.004884766388810191,pass
2026-06-22,30,0.004779193601076037,pass
2026-06-23,30,0.004976444880483433,pass
2026-06-24,30,0.004883548544304395,pass
2026-06-25,30,0.004966509499423899,pass
2026-06-26,30,0.004531185128914261,pass
2026-06-29,30,0.003856939328056308,pass
2026-06-30,30,0.004957612930248101,pass
2026-07-01,30,0.0045629373176397925,pass
2026-07-02,30,0.0049695350518019765,pass
2026-07-06,30,0.004774065382462389,pass
2026-07-07,30,0.004998456399132878,pass
2026-07-08,30,0.004929306165676883,pass
2026-07-09,30,0.004874887570421871,pass
2026-07-10,30,0.004788869016267294,pass
2026-07-13,30,0.004939019624117247,pass
2026-07-14,30,0.004949267537329716,pass
2026-07-15,30,0.004931936573582263,pass
2026-07-16,30,0.004942051285844462,pass
2026-07-17,30,0.004703623025861803,pass
2026-07-20,30,0.004901519528033305,pass
2026-07-21,30,0.004689787051065375,pass
2026-07-22,30,0.0049752578197559405,pass
2026-07-23,30,0.00483434938775007,pass
2026-07-24,30,0.0049740667720094,pass
2026-07-27,30,0.004859225466447015,pass
2026-07-28,30,0.0048581138707010085,pass
2026-07-29,30,0.0046693710373940656,pass
2026-07-30,30,0.004764636312507009,pass
2026-07-31,30,0.0048936562987988985,pass
2026-08-03,30,0.004502472791753642,pass
2026-08-04,30,0.004809384887005663,pass
2026-08-05,30,0.004894155796394961,pass
2026-08-06,30,0.004983319114859608,pass
2026-08-07,30,0.004754795490183317,pass
2026-08-10,30,0.004555453622032135,pass
2026-08-11,30,0.004971131806891238,pass
2026-08-12,30,0.00495964594018905,pass
2026-08-13,30,0.004893473266945336,pass
2026-08-14,30,0.004983569522054587,pass
2026-08-17,30,0.004976086970254201,pass
2026-08-18,30,0.004935183054097236,pass
2026-08-19,30,0.004906525641196202,pass
2026-08-20,30,0.004883726224882978,pass
2026-08-21,30,0.0046521914661562525,pass
2026-08-24,30,0.004713500950520588,pass
2026-08-25,30,0.0048433998730418315,pass
2026-08-26,30,0.004977070760733837,pass
2026-08-27,30,0.0049927871466348694,pass
2026-08-28,30,0.004943562281478631,pass
2026-08-31,30,0.00486543593421207,pass
2026-09-01,30,0.004926476279559777,pass
2026-09-02,30,0.004676656886609676,pass
2026-09-03,30,0.004629692630236937,pass
2026-09-04,30,0.004757783655523484,pass
2026-09-08,30,0.0049585689435027724,pass
2026-09-09,30,0.004963694643714267,pass
2026-09-10,30,0.004947036940441962,pass
2026-09-11,30,0.004713508903603225,pass
2026-09-14,30,0.004792869498088104,pass
2026-09-15,30,0.004919131066857818,pass
2026-09-16,30,0.004803722720089776,pass
2026-09-17,30,0.004903929196817258,pass
2026-09-18,30,0.004616658182410305,pass
2026-09-21,30,0.004929364174899309,pass
2026-09-22,30,0.004943498830289883,pass
2026-09-23,30,0.00451447769701796,pass
2026-09-24,30,0.004919824975607723,pass
2026-09-25,30,0.00493822368059782,pass
